"Label (Grouping)","Minneapolis-St. Paul-Bloomington, MN-WI Metro Area!!Total population!!Estimate","Minneapolis-St. Paul-Bloomington, MN-WI Metro Area!!Hispanic or Latino (of any race) (200-299)!!Estimate","Minneapolis-St. Paul-Bloomington, MN-WI Metro Area!!Bangladeshi alone or in any combination (402) & (100-299) or (300, A01-Z99) or (400-999)!!Estimate","Minneapolis-St. Paul-Bloomington, MN-WI Metro Area!!Guatemalan (222)!!Estimate","Minneapolis-St. Paul-Bloomington, MN-WI Metro Area!!Native Hawaiian and Other Pacific Islander alone or in combination with one or more other races, Hispanic or Latino!!Estimate","Minneapolis-St. Paul-Bloomington, MN-WI Metro Area!!White; Native Hawaiian and Other Pacific Islander!!Estimate","Minneapolis-St. Paul-Bloomington, MN-WI Metro Area!!Nepalese alone (472)!!Estimate","Minneapolis-St. Paul-Bloomington, MN-WI Metro Area!!Costa Rican (221)!!Estimate","Minneapolis-St. Paul-Bloomington, MN-WI Metro Area!!Argentinean (231)!!Estimate","Minneapolis-St. Paul-Bloomington, MN-WI Metro Area!!White alone or in combination with one or more other races, not Hispanic or Latino!!Estimate","Minneapolis-St. Paul-Bloomington, MN-WI Metro Area!!Some other race alone or in combination with one or more other races, not Hispanic or Latino!!Estimate","Minneapolis-St. Paul-Bloomington, MN-WI Metro Area!!White alone or in combination with one or more other races!!Estimate","Minneapolis-St. Paul-Bloomington, MN-WI Metro Area!!Laotian alone (442)!!Estimate","Minneapolis-St. Paul-Bloomington, MN-WI Metro Area!!Mexican American Indian tribal grouping alone (V84-W66)!!Estimate","Minneapolis-St. Paul-Bloomington, MN-WI Metro Area!!Native Hawaiian and Other Pacific Islander alone or in combination with one or more other races  (500-599) & (100-299) or (300, A01-Z99) or (400-999)!!Estimate","Minneapolis-St. Paul-Bloomington, MN-WI Metro Area!!Asian; Native Hawaiian and Other Pacific Islander!!Estimate","Minneapolis-St. Paul-Bloomington, MN-WI Metro Area!!White; Asian; Native Hawaiian and Other Pacific Islander!!Estimate","Minneapolis-St. Paul-Bloomington, MN-WI Metro Area!!Asian Indian alone (400-401)!!Estimate","Minneapolis-St. Paul-Bloomington, MN-WI Metro Area!!Korean alone (440-441)!!Estimate","Minneapolis-St. Paul-Bloomington, MN-WI Metro Area!!Chilean (233)!!Estimate","Minneapolis-St. Paul-Bloomington, MN-WI Metro Area!!Black or African American alone or in combination with one or more other races, not Hispanic or Latino!!Estimate","Minneapolis-St. Paul-Bloomington, MN-WI Metro Area!!Native Hawaiian and Other Pacific Islander alone or in combination with one or more other races, not Hispanic or Latino!!Estimate","Minneapolis-St. Paul-Bloomington, MN-WI Metro Area!!Some other race alone or in combination with one or more other races!!Estimate","Minneapolis-St. Paul-Bloomington, MN-WI Metro Area!!Chinese (except Taiwanese) alone or in any combination (410-411) & (100-299) or (300, A01-Z99) or (400-999)!!Estimate","Minneapolis-St. Paul-Bloomington, MN-WI Metro Area!!White; Black or African American!!Estimate","Minneapolis-St. Paul-Bloomington, MN-WI Metro Area!!Asian alone or in combination with one or more other races, Hispanic or Latino!!Estimate","Minneapolis-St. Paul-Bloomington, MN-WI Metro Area!!Polynesian alone or in any combination (500-519) & (100-299) or (300, A01-Z99) or (400-999)!!Estimate","Minneapolis-St. Paul-Bloomington, MN-WI Metro Area!!White; Black or African American; American Indian and Alaska Native!!Estimate","Minneapolis-St. Paul-Bloomington, MN-WI Metro Area!!Dominican (Dominican Republic) (275-279)!!Estimate","Minneapolis-St. Paul-Bloomington, MN-WI Metro Area!!Chinese alone (410-419)!!Estimate","Minneapolis-St. Paul-Bloomington, MN-WI Metro Area!!Chippewa tribal grouping alone or in any combination (B67-B99) & (100-299) or (300, A01-Z99) or (400-999)!!Estimate","Minneapolis-St. Paul-Bloomington, MN-WI Metro Area!!Asian; Some other race!!Estimate","Minneapolis-St. Paul-Bloomington, MN-WI Metro Area!!White alone or in combination with one or more other races, Hispanic or Latino!!Estimate","Minneapolis-St. Paul-Bloomington, MN-WI Metro Area!!American Indian and Alaska Native alone or in combination with one or more other races (300, A01-Z99) & (100-299) or (300, A01-Z99) or (400-999)!!Estimate","Minneapolis-St. Paul-Bloomington, MN-WI Metro Area!!White in combination with one or more other races!!Estimate","Minneapolis-St. Paul-Bloomington, MN-WI Metro Area!!Black or African American alone or in combination with one or more other races!!Estimate","Minneapolis-St. Paul-Bloomington, MN-WI Metro Area!!White; Black or African American; Asian!!Estimate","Minneapolis-St. Paul-Bloomington, MN-WI Metro Area!!Asian Indian alone or in any combination (400-401) & (100-299) or (300, A01-Z99) or (400-999)!!Estimate","Minneapolis-St. Paul-Bloomington, MN-WI Metro Area!!White alone!!Estimate","Minneapolis-St. Paul-Bloomington, MN-WI Metro Area!!Thai alone or in any combination (447-449) & (100-299) or (300, A01-Z99) or (400-999)!!Estimate","Minneapolis-St. Paul-Bloomington, MN-WI Metro Area!!Panamanian (225)!!Estimate","Minneapolis-St. Paul-Bloomington, MN-WI Metro Area!!Some Other Race alone, Hispanic or Latino!!Estimate","Minneapolis-St. Paul-Bloomington, MN-WI Metro Area!!Asian alone (400-499)!!Estimate","Minneapolis-St. Paul-Bloomington, MN-WI Metro Area!!Asian alone or in combination with one or more other races  (400-499) & (100-299) or (300, A01-Z99) or (400-999)!!Estimate","Minneapolis-St. Paul-Bloomington, MN-WI Metro Area!!Vietnamese alone or in any combination (450-459) & (100-299) or (300, A01-Z99) or (400-999)!!Estimate","Minneapolis-St. Paul-Bloomington, MN-WI Metro Area!!Honduran (223)!!Estimate","Minneapolis-St. Paul-Bloomington, MN-WI Metro Area!!Pakistani alone (445)!!Estimate","Minneapolis-St. Paul-Bloomington, MN-WI Metro Area!!Mexican (210-220)!!Estimate","Minneapolis-St. Paul-Bloomington, MN-WI Metro Area!!Native Hawaiian and Other Pacific Islander alone, not Hispanic or Latino!!Estimate","Minneapolis-St. Paul-Bloomington, MN-WI Metro Area!!Vietnamese alone (450-459)!!Estimate","Minneapolis-St. Paul-Bloomington, MN-WI Metro Area!!Polynesian alone (500-519)!!Estimate","Minneapolis-St. Paul-Bloomington, MN-WI Metro Area!!Central American (excludes Mexican) (221-230)!!Estimate","Minneapolis-St. Paul-Bloomington, MN-WI Metro Area!!Native Hawaiian alone or in any combination (500-503) & (100-299) or (300, A01-Z99) or (400-999)!!Estimate","Minneapolis-St. Paul-Bloomington, MN-WI Metro Area!!Some other race alone!!Estimate","Minneapolis-St. Paul-Bloomington, MN-WI Metro Area!!Black or African American alone, Hispanic or Latino!!Estimate","Minneapolis-St. Paul-Bloomington, MN-WI Metro Area!!Sioux tribal grouping alone (K16-K21, K23-K53)!!Estimate","Minneapolis-St. Paul-Bloomington, MN-WI Metro Area!!Nicaraguan (224)!!Estimate","Minneapolis-St. Paul-Bloomington, MN-WI Metro Area!!Three or more races with Some Other Race!!Estimate","Minneapolis-St. Paul-Bloomington, MN-WI Metro Area!!Filipino alone (420-421)!!Estimate","Minneapolis-St. Paul-Bloomington, MN-WI Metro Area!!Laotian alone or in any combination (442) & (100-299) or (300, A01-Z99) or (400-999)!!Estimate","Minneapolis-St. Paul-Bloomington, MN-WI Metro Area!!Two or more races!!Estimate","Minneapolis-St. Paul-Bloomington, MN-WI Metro Area!!Two races without Some Other Race!!Estimate","Minneapolis-St. Paul-Bloomington, MN-WI Metro Area!!Cuban (270-274)!!Estimate","Minneapolis-St. Paul-Bloomington, MN-WI Metro Area!!American Indian and Alaska Native alone or in combination with one or more other races, not Hispanic or Latino!!Estimate","Minneapolis-St. Paul-Bloomington, MN-WI Metro Area!!Asian in combination with one or more other races!!Estimate","Minneapolis-St. Paul-Bloomington, MN-WI Metro Area!!American Indian and Alaska Native alone (300, A01-Z99)!!Estimate","Minneapolis-St. Paul-Bloomington, MN-WI Metro Area!!Peruvian (237)!!Estimate","Minneapolis-St. Paul-Bloomington, MN-WI Metro Area!!Burmese alone (404)!!Estimate","Minneapolis-St. Paul-Bloomington, MN-WI Metro Area!!American Indian and Alaska Native alone, not Hispanic or Latino!!Estimate","Minneapolis-St. Paul-Bloomington, MN-WI Metro Area!!American Indian alone!!Estimate","Minneapolis-St. Paul-Bloomington, MN-WI Metro Area!!Chinese (except Taiwanese) alone (410-411)!!Estimate","Minneapolis-St. Paul-Bloomington, MN-WI Metro Area!!Choctaw tribal grouping alone or in any combination (C08-C16) & (100-299) or (300, A01-Z99) or (400-999)!!Estimate","Minneapolis-St. Paul-Bloomington, MN-WI Metro Area!!Black or African American alone!!Estimate","Minneapolis-St. Paul-Bloomington, MN-WI Metro Area!!Pakistani alone or in any combination (445) & (100-299) or (300, A01-Z99) or (400-999)!!Estimate","Minneapolis-St. Paul-Bloomington, MN-WI Metro Area!!Some other race alone, not Hispanic or Latino!!Estimate","Minneapolis-St. Paul-Bloomington, MN-WI Metro Area!!Two or more races, not Hispanic or Latino!!Estimate","Minneapolis-St. Paul-Bloomington, MN-WI Metro Area!!American Indian and Alaska Native alone, Hispanic or Latino!!Estimate","Minneapolis-St. Paul-Bloomington, MN-WI Metro Area!!Some other race in combination with one or more other races!!Estimate","Minneapolis-St. Paul-Bloomington, MN-WI Metro Area!!White; Some other race!!Estimate","Minneapolis-St. Paul-Bloomington, MN-WI Metro Area!!American Indian and Alaska Native; Some other race!!Estimate","Minneapolis-St. Paul-Bloomington, MN-WI Metro Area!!White alone, not Hispanic or Latino!!Estimate","Minneapolis-St. Paul-Bloomington, MN-WI Metro Area!!Cambodian alone (405-409)!!Estimate","Minneapolis-St. Paul-Bloomington, MN-WI Metro Area!!Ecuadorian (235)!!Estimate","Minneapolis-St. Paul-Bloomington, MN-WI Metro Area!!Cambodian alone or in any combination (405-409) & (100-299) or (300, A01-Z99) or (400-999)!!Estimate","Minneapolis-St. Paul-Bloomington, MN-WI Metro Area!!Indonesian alone or in any combination (423-429) & (100-299) or (300, A01-Z99) or (400-999)!!Estimate","Minneapolis-St. Paul-Bloomington, MN-WI Metro Area!!Salvadoran (226)!!Estimate","Minneapolis-St. Paul-Bloomington, MN-WI Metro Area!!Two or More Races, Hispanic or Latino!!Estimate","Minneapolis-St. Paul-Bloomington, MN-WI Metro Area!!Thai alone (447-449)!!Estimate","Minneapolis-St. Paul-Bloomington, MN-WI Metro Area!!South American (231-249)!!Estimate","Minneapolis-St. Paul-Bloomington, MN-WI Metro Area!!Taiwanese alone or in any combination (412-419) & (100-299) or (300, A01-Z99) or (400-999)!!Estimate","Minneapolis-St. Paul-Bloomington, MN-WI Metro Area!!Nepalese alone or in any combination (472) & (100-299) or (300, A01-Z99) or (400-999)!!Estimate","Minneapolis-St. Paul-Bloomington, MN-WI Metro Area!!Black or African American in combination with one or more other races!!Estimate","Minneapolis-St. Paul-Bloomington, MN-WI Metro Area!!Filipino alone or in any combination (420-421) & (100-299) or (300, A01-Z99) or (400-999)!!Estimate","Minneapolis-St. Paul-Bloomington, MN-WI Metro Area!!Black or African American; Some other race!!Estimate","Minneapolis-St. Paul-Bloomington, MN-WI Metro Area!!American Indian and Alaska Native alone or in combination with one or more other races, Hispanic or Latino!!Estimate","Minneapolis-St. Paul-Bloomington, MN-WI Metro Area!!Some Other Race alone or in combination with one or more other races, Hispanic or Latino!!Estimate","Minneapolis-St. Paul-Bloomington, MN-WI Metro Area!!Taiwanese alone (412-419)!!Estimate","Minneapolis-St. Paul-Bloomington, MN-WI Metro Area!!Chinese alone or in any combination (410-419) & (100-299) or (300, A01-Z99) or (400-999)!!Estimate","Minneapolis-St. Paul-Bloomington, MN-WI Metro Area!!Spaniard (200-209)!!Estimate","Minneapolis-St. Paul-Bloomington, MN-WI Metro Area!!Colombian (234)!!Estimate","Minneapolis-St. Paul-Bloomington, MN-WI Metro Area!!Venezuelan (239)!!Estimate","Minneapolis-St. Paul-Bloomington, MN-WI Metro Area!!Korean alone or in any combination (440-441) & (100-299) or (300, A01-Z99) or (400-999)!!Estimate","Minneapolis-St. Paul-Bloomington, MN-WI Metro Area!!Asian alone or in combination with one or more other races, not Hispanic or Latino!!Estimate","Minneapolis-St. Paul-Bloomington, MN-WI Metro Area!!Hmong alone (422)!!Estimate","Minneapolis-St. Paul-Bloomington, MN-WI Metro Area!!Three or more races without Some Other Race!!Estimate","Minneapolis-St. Paul-Bloomington, MN-WI Metro Area!!Burmese alone or in any combination (404) & (100-299) or (300, A01-Z99) or (400-999)!!Estimate","Minneapolis-St. Paul-Bloomington, MN-WI Metro Area!!Japanese alone or in any combination (430-439) & (100-299) or (300, A01-Z99) or (400-999)!!Estimate","Minneapolis-St. Paul-Bloomington, MN-WI Metro Area!!Cherokee tribal grouping alone or in any combination (B21-B39) & (100-299) or (300, A01-Z99) or (400-999)!!Estimate","Minneapolis-St. Paul-Bloomington, MN-WI Metro Area!!Puerto Rican (260-269)!!Estimate","Minneapolis-St. Paul-Bloomington, MN-WI Metro Area!!Hmong alone or in any combination (422) & (100-299) or (300, A01-Z99) or (400-999)!!Estimate","Minneapolis-St. Paul-Bloomington, MN-WI Metro Area!!Native Hawaiian and Other Pacific Islander alone (500-599)!!Estimate","Minneapolis-St. Paul-Bloomington, MN-WI Metro Area!!Black or African American alone or in combination with one or more other races, Hispanic or Latino!!Estimate","Minneapolis-St. Paul-Bloomington, MN-WI Metro Area!!Japanese alone (430-439)!!Estimate","Minneapolis-St. Paul-Bloomington, MN-WI Metro Area!!Asian alone, Hispanic or Latino!!Estimate","Minneapolis-St. Paul-Bloomington, MN-WI Metro Area!!American Indian alone or in any combination!!Estimate","Minneapolis-St. Paul-Bloomington, MN-WI Metro Area!!White alone, Hispanic or Latino!!Estimate","Minneapolis-St. Paul-Bloomington, MN-WI Metro Area!!American Indian and Alaska Native in combination with one or more other races!!Estimate","Minneapolis-St. Paul-Bloomington, MN-WI Metro Area!!Black or African American; American Indian and Alaska Native!!Estimate","Minneapolis-St. Paul-Bloomington, MN-WI Metro Area!!Black or African American; Asian!!Estimate","Minneapolis-St. Paul-Bloomington, MN-WI Metro Area!!White; Asian!!Estimate","Minneapolis-St. Paul-Bloomington, MN-WI Metro Area!!Sioux tribal grouping alone or in any combination (K16-K21, K23-K53) & (100-299) or (300, A01-Z99) or (400-999)!!Estimate","Minneapolis-St. Paul-Bloomington, MN-WI Metro Area!!Asian alone, not Hispanic or Latino!!Estimate","Minneapolis-St. Paul-Bloomington, MN-WI Metro Area!!Blackfeet Tribe of the Blackfeet Indian Reservation of Montana alone or in any combination (A45-A50) & (100-299) or (300, A01-Z99) or (400-999)!!Estimate","Minneapolis-St. Paul-Bloomington, MN-WI Metro Area!!Two races with Some Other Race!!Estimate","Minneapolis-St. Paul-Bloomington, MN-WI Metro Area!!Black or African American alone, not Hispanic or Latino!!Estimate","Minneapolis-St. Paul-Bloomington, MN-WI Metro Area!!Native Hawaiian and Other Pacific Islander in combination with one or more other races!!Estimate","Minneapolis-St. Paul-Bloomington, MN-WI Metro Area!!Bangladeshi alone (402)!!Estimate","Minneapolis-St. Paul-Bloomington, MN-WI Metro Area!!Chippewa tribal grouping alone (B67-B99)!!Estimate","Minneapolis-St. Paul-Bloomington, MN-WI Metro Area!!White; American Indian and Alaska Native!!Estimate","Minneapolis-St. Paul-Bloomington, MN-WI Metro Area!!Mexican American Indian tribal grouping alone or in any combination (V84-W66) & (100-299) or (300, A01-Z99) or (400-999)!!Estimate"
"Total:","3,458,790","192,461","553","4,921","755","872","1,120","899","1,675","2,765,655","8,850","2,888,158","7,984","763","4,855","1,117","569","35,077","12,645","1,636","304,835","4,100","74,220","29,476","38,465","2,812","2,361","4,687","1,440","24,721","17,894","1,378","122,503","50,895","97,423","313,316","710","39,210","2,790,735","3,125","1,168","58,818","211,862","243,964","27,128","3,807","1,822","129,404","886","23,714","795","19,299","1,789","64,386","4,750","2,986","1,107","8,371","8,000","9,655","107,572","90,489","3,014","43,749","32,102","20,834","2,076","8,969","17,682","15,703","23,470","722","262,209","2,164","5,568","94,581","3,152","9,834","5,536","683","2,679,301","7,204","8,306","8,781","721","7,290","12,991","1,629","21,080","1,466","1,394","51,107","14,062","1,012","7,146","65,370","1,171","30,858","2,657","5,550","942","19,023","241,152","66,365","7,249","9,262","6,820","2,763","9,933","68,565","1,192","8,481","2,801","1,010","34,972","111,434","30,061","3,337","1,577","25,046","6,008","210,852","1,071","8,712","257,459","3,663","535","9,421","19,632","1,560"
"    Male:","1,709,643","100,188","334","2,349","436","491","649","358","878","1,361,548","5,038","1,424,475","4,161","443","2,396","512","219","18,658","5,123","654","152,051","1,960","39,259","13,209","19,267","1,293","1,226","2,141","722","10,950","8,841","813","62,927","24,716","47,773","156,745","389","20,783","1,376,702","1,416","484","31,135","103,195","118,999","12,913","1,773","1,079","67,994","431","11,249","458","9,409","918","34,212","2,736","1,492","528","3,780","3,068","5,065","52,879","44,534","1,610","20,975","15,804","10,632","1,042","4,510","8,861","7,982","10,459","479","131,428","1,250","3,077","46,564","1,771","5,047","2,753","401","1,319,179","3,410","4,589","4,172","410","3,865","6,315","641","10,809","598","796","25,317","5,727","564","3,741","34,221","457","13,773","1,312","2,770","543","8,297","117,706","33,546","3,298","4,668","3,086","1,496","5,318","34,584","595","4,694","1,127","544","17,129","57,523","14,084","1,650","660","12,479","3,017","102,651","467","4,565","128,692","1,801","316","4,774","9,163","857"
"        Under 5 years","117,697","11,360","66","207","77","55","59","10","122","82,963","664","90,584","201","44","331","109","5","1,687","280","111","17,678","254","4,207","1,085","3,874","246","165","332","95","600","946","46","7,621","2,799","9,298","18,487","170","2,388","81,286","193","22","2,920","8,565","12,264","1,009","237","116","7,947","3","630","15","869","153","3,276","362","151","48","766","102","330","10,162","8,624","159","2,228","3,699","814","81","768","622","569","522","16","13,576","142","356","8,860","192","931","446","209","74,794","202","569","475","21","345","1,302","15","1,173","78","107","4,911","686","56","571","3,543","78","1,163","118","219","31","1,152","12,018","3,389","607","808","289","117","671","3,583","18","809","0","77","1,771","6,492","1,985","185","147","3,062","398","8,488","97","772","13,214","313","52","315","1,127","96"
"        5 to 9 years","121,827","12,045","27","451","43","11","15","42","119","85,904","567","93,555","325","67","118","37","25","1,392","302","43","18,187","75","4,362","1,068","4,284","226","86","357","77","683","885","107","7,651","2,278","8,453","18,892","111","1,636","85,102","251","22","3,507","9,332","12,440","1,039","238","143","8,153","0","742","0","1,416","68","3,755","304","124","71","710","210","576","9,057","7,796","126","1,704","3,108","904","194","446","573","680","634","16","13,668","171","248","8,210","331","607","267","21","78,174","235","342","397","43","592","847","29","1,134","94","44","5,224","652","156","574","3,795","49","1,162","78","391","36","1,262","12,214","4,227","654","455","308","121","720","4,528","9","705","46","119","1,561","6,928","1,374","165","70","2,569","250","9,213","28","551","13,364","109","27","427","612","103"
"        10 to 14 years","118,007","9,787","0","282","53","75","59","85","70","87,084","523","93,585","370","90","329","55","4","872","328","32","14,948","276","3,641","983","3,523","185","272","298","68","746","862","0","6,501","2,451","6,865","15,536","17","1,148","86,720","167","6","2,587","8,405","10,360","1,039","92","52","6,883","129","854","129","750","104","3,069","262","166","42","473","175","554","7,388","6,405","138","1,927","1,955","1,073","23","631","830","788","746","48","11,223","62","482","6,346","243","572","357","37","81,083","277","290","425","94","243","1,042","40","913","0","82","4,313","534","116","524","3,118","0","983","154","369","98","738","10,175","3,452","411","640","251","182","667","3,575","129","588","40","16","1,749","5,637","1,378","158","134","1,674","318","8,389","50","510","10,961","200","0","426","786","151"
"        15 to 17 years","71,615","5,326","19","82","31","8","0","40","47","53,867","374","57,174","341","22","114","1","18","388","188","2","8,287","83","2,271","575","1,508","85","46","177","12","377","510","48","3,307","1,658","3,708","8,619","19","459","53,466","113","47","1,600","5,109","6,118","533","168","52","3,498","50","395","0","558","32","1,890","186","85","46","318","171","410","3,981","3,345","79","1,313","1,009","487","38","242","363","360","377","48","6,632","56","290","3,426","124","381","225","4","50,605","171","242","213","17","175","555","57","602","0","6","1,987","309","41","345","1,897","0","575","47","210","52","308","6,033","2,525","255","242","209","70","309","2,576","50","332","3","0","1,131","2,861","1,171","116","40","847","242","5,109","13","318","6,446","64","19","204","816","64"
"        18 and 19 years","44,561","3,260","5","56","13","49","0","0","11","33,482","162","35,496","179","25","123","21","5","189","144","24","5,111","110","1,203","391","1,002","33","59","91","45","343","319","9","2,014","938","2,176","5,286","15","273","33,320","85","30","923","3,363","3,948","434","55","26","2,219","41","338","41","317","59","1,014","151","46","29","122","76","222","2,311","2,004","30","783","585","450","59","135","312","257","343","0","4,062","62","91","2,149","138","189","168","0","31,456","141","156","167","0","147","162","54","304","22","0","1,224","223","8","155","1,041","0","413","31","47","0","292","3,915","1,491","118","135","92","19","196","1,569","41","175","0","22","577","1,864","488","74","23","512","192","3,341","38","185","3,911","82","5","204","323","25"
"        20 years","20,420","1,619","0","39","0","0","10","7","0","14,532","41","15,554","57","31","2","2","0","135","80","2","2,550","2","583","244","346","64","0","57","0","232","44","0","1,022","290","685","2,594","0","135","14,869","6","14","486","2,044","2,193","302","36","5","1,037","0","254","0","225","0","502","11","3","12","62","133","73","734","591","7","195","149","105","0","99","73","29","232","0","2,166","5","16","606","32","81","34","22","13,953","36","49","53","5","110","128","6","156","0","10","428","148","25","95","542","0","244","26","65","28","97","2,129","932","62","99","63","45","86","934","0","44","50","46","123","916","185","0","0","142","24","1,998","0","81","2,155","2","0","26","101","31"
"        21 years","21,102","1,518","26","49","11","38","0","13","0","14,662","84","15,587","20","12","67","29","0","160","125","0","2,941","56","652","229","411","0","38","0","0","198","111","21","925","359","698","3,067","11","168","14,889","11","20","537","2,013","2,153","236","0","40","1,071","0","201","0","119","38","600","17","80","12","11","21","40","772","709","0","302","140","191","8","46","168","165","198","0","2,637","40","63","603","23","52","15","16","14,117","49","66","69","12","25","169","11","83","0","0","430","57","0","57","568","0","229","9","9","0","125","2,153","953","11","46","40","8","183","958","0","126","11","0","289","772","168","8","0","79","98","2,013","0","52","2,620","67","26","41","144","12"
"        22 to 24 years","67,749","4,907","15","72","84","14","32","0","52","49,219","207","52,195","137","55","237","82","0","598","476","67","7,695","153","1,812","979","855","37","95","43","44","896","575","48","2,976","1,388","1,926","7,956","0","656","50,269","104","68","1,481","5,935","6,466","579","145","6","3,346","40","556","94","579","84","1,606","186","132","8","57","99","144","2,248","1,991","105","1,125","531","701","95","292","581","488","882","67","6,866","6","125","1,959","120","206","123","0","47,559","320","150","336","7","278","289","104","430","14","32","1,090","254","23","263","1,605","14","993","67","38","0","598","6,429","2,065","51","348","84","16","242","2,089","124","261","46","37","957","2,710","687","117","35","358","196","5,898","9","200","6,680","113","15","250","519","104"
"        25 to 29 years","126,923","8,860","13","292","0","55","66","12","36","95,073","627","100,440","276","50","203","51","75","2,948","792","98","11,822","203","3,799","1,094","1,182","27","110","154","100","882","653","214","5,367","1,969","3,098","12,196","0","3,011","97,342","80","11","3,075","10,908","12,067","742","201","27","6,104","22","639","22","844","89","3,413","255","109","28","249","310","367","3,497","2,882","76","1,806","1,159","1,020","105","295","896","724","829","52","10,721","50","338","3,274","124","386","124","0","92,165","394","407","394","52","300","223","68","1,006","53","80","1,475","519","28","163","3,172","53","1,147","50","318","7","945","12,040","3,752","229","319","229","204","382","3,812","22","374","85","6","1,422","5,177","949","106","0","819","230","10,902","25","366","10,466","181","13","417","669","53"
"        30 to 34 years","127,950","9,377","40","299","17","4","161","43","68","97,023","444","102,883","156","0","125","11","26","3,168","586","21","11,391","108","3,738","986","698","24","92","141","77","885","728","110","5,860","1,832","2,379","11,660","40","3,295","100,504","124","27","3,113","9,846","10,657","853","137","108","6,145","44","755","38","1,103","73","3,385","151","49","39","255","231","170","2,651","2,043","110","1,463","811","864","136","352","662","629","829","23","10,652","123","272","2,234","202","353","182","28","95,025","333","598","333","7","521","417","59","1,266","56","188","1,008","349","33","369","3,294","36","1,022","91","368","33","674","10,633","2,582","255","352","274","115","330","2,614","48","269","81","11","1,207","5,479","968","59","13","566","86","9,835","24","353","10,501","77","40","454","685","61"
"        35 to 39 years","113,323","8,620","24","111","8","0","137","9","66","86,163","271","91,512","520","23","134","12","8","2,240","705","8","9,779","126","3,343","832","539","99","20","91","86","814","525","22","5,349","1,439","2,064","9,983","0","2,324","89,448","52","49","2,978","8,712","9,367","1,139","222","151","5,841","32","1,074","12","838","8","3,165","177","56","45","114","279","520","2,341","2,060","62","1,259","655","483","32","202","429","352","702","83","9,142","151","187","2,067","54","178","112","16","84,357","102","673","102","6","402","274","4","1,105","112","137","841","423","11","180","3,072","112","944","139","188","114","850","9,268","2,153","103","202","144","90","465","2,189","32","204","47","46","979","5,091","956","113","0","588","134","8,666","0","167","8,965","102","24","231","722","50"
"        40 to 44 years","117,394","7,348","62","58","36","76","80","12","65","92,215","366","96,053","536","9","129","2","0","1,583","449","34","9,924","93","3,690","1,037","472","97","70","118","53","945","568","81","3,838","1,509","1,889","10,217","0","1,695","94,164","36","118","3,062","7,569","8,202","1,258","127","113","4,960","15","1,182","22","684","66","3,336","228","72","55","182","313","558","2,197","1,698","172","1,339","633","665","20","348","605","517","864","0","9,441","113","274","1,838","60","354","173","37","90,582","165","484","165","14","314","359","0","926","94","80","776","453","26","170","3,324","81","1,131","68","292","2","513","8,105","1,399","145","348","218","37","227","1,481","22","293","95","50","991","3,582","844","99","34","452","146","7,519","17","317","9,213","107","58","361","563","77"
"        45 to 49 years","122,709","5,287","0","125","21","17","22","59","84","102,038","135","105,315","296","7","151","31","9","1,167","190","51","8,680","130","2,027","1,050","138","39","40","123","0","968","465","10","3,277","1,565","1,181","8,843","0","1,223","104,134","91","0","1,797","6,086","6,438","874","38","68","3,519","25","824","24","523","33","1,897","127","137","48","163","194","307","1,467","1,198","115","1,438","352","727","82","274","685","596","958","17","8,359","68","100","1,280","42","130","77","11","101,043","234","224","277","62","253","187","91","547","10","22","484","262","8","127","1,892","10","1,060","129","41","44","242","6,399","1,292","139","274","172","97","199","1,303","39","163","89","29","1,094","3,091","838","146","23","263","226","6,057","104","106","8,232","112","0","346","523","12"
"        50 to 54 years","130,266","4,032","11","88","0","12","8","0","112","113,485","139","115,929","359","8","63","17","0","494","201","38","7,632","63","1,559","674","149","27","18","30","28","612","437","6","2,444","1,264","977","7,820","6","517","114,952","12","20","1,331","4,573","4,786","727","21","14","2,678","18","701","18","226","16","1,448","169","75","17","52","251","372","1,087","924","148","1,196","213","656","34","74","614","547","612","41","7,532","14","117","972","42","111","102","0","112,598","215","145","215","16","80","115","12","513","14","8","288","264","3","68","1,420","0","688","85","98","64","224","4,759","1,235","52","74","262","161","206","1,250","18","188","177","21","996","2,354","608","69","15","153","140","4,552","8","111","7,363","45","11","271","509","18"
"        55 to 59 years","115,359","2,784","0","29","13","8","0","18","14","102,381","163","104,260","151","0","63","8","9","435","103","59","6,212","50","1,069","655","122","22","35","54","8","615","561","25","1,879","1,132","875","6,274","0","475","103,385","28","22","808","3,454","3,679","575","40","5","1,945","0","571","13","173","27","857","62","33","9","83","105","151","1,035","760","82","1,120","225","622","9","116","622","523","593","25","5,993","21","49","925","0","212","158","0","101,616","160","77","165","9","55","110","28","208","22","0","281","145","9","12","906","8","663","81","45","4","103","3,657","862","63","116","224","82","211","862","13","62","157","22","921","1,769","510","68","23","138","97","3,432","17","192","5,931","50","0","396","386","0"
"        60 and 61 years","39,603","832","16","99","18","0","0","0","0","35,935","50","36,433","24","0","41","23","0","132","26","33","1,553","23","359","192","8","18","21","0","29","139","52","24","498","240","195","1,590","0","162","36,238","7","0","254","1,119","1,220","327","0","16","436","0","286","18","104","21","281","37","31","0","3","58","42","277","196","51","233","101","123","23","26","116","123","136","0","1,547","16","27","222","7","78","54","0","35,777","30","19","30","0","5","55","7","104","3","0","43","58","0","7","309","3","195","8","13","16","26","1,202","231","3","46","54","8","74","231","18","37","51","0","193","461","117","35","0","51","33","1,119","12","78","1,510","23","16","46","79","0"
"        62 to 64 years","53,004","876","0","10","0","11","0","0","12","48,228","53","48,923","55","0","40","11","7","269","15","7","2,153","40","219","321","35","11","11","3","0","302","129","34","695","431","257","2,176","0","311","48,666","14","0","158","1,472","1,601","213","0","49","667","0","213","0","14","11","166","10","47","0","21","76","55","354","280","31","415","129","238","17","27","236","186","289","11","2,108","49","8","322","2","53","11","0","47,992","133","23","143","13","4","32","14","87","13","0","68","84","8","16","166","13","334","21","17","0","15","1,590","196","21","27","52","20","49","204","0","23","38","0","344","674","193","22","0","44","67","1,472","21","53","2,098","40","0","83","135","0"
"        65 and 66 years","30,037","423","0","0","11","4","0","0","0","27,481","91","27,753","17","0","22","0","0","70","28","0","1,263","11","232","150","17","11","4","0","0","119","91","0","272","252","245","1,266","0","99","27,508","7","0","122","756","835","240","16","42","232","0","240","0","16","4","140","3","33","0","29","18","17","276","166","24","237","79","139","39","0","124","108","119","0","1,218","42","18","257","15","92","61","0","27,244","7","41","7","17","0","19","7","91","0","0","48","26","13","15","141","0","150","23","0","0","28","824","191","18","0","0","34","15","191","0","3","0","0","185","264","113","0","0","50","60","756","0","81","1,215","22","0","55","95","0"
"        67 to 69 years","35,791","558","0","0","0","0","0","0","0","33,225","13","33,608","3","0","4","0","0","261","10","0","1,210","4","106","67","6","32","4","0","0","67","129","0","383","251","176","1,242","0","335","33,432","7","8","91","727","848","108","0","11","330","4","108","4","43","0","91","32","20","19","10","77","3","258","242","44","231","121","125","18","11","105","122","67","11","1,154","11","0","256","20","15","6","0","33,051","71","0","71","0","16","2","7","35","0","0","88","104","0","20","93","0","67","10","17","0","10","816","90","1","11","21","24","53","90","4","32","11","32","191","381","126","19","54","57","22","695","0","6","1,122","0","0","64","106","0"
"        70 to 74 years","43,794","549","10","0","0","22","0","5","0","40,096","39","40,525","86","0","30","0","0","277","33","0","1,451","30","153","304","25","0","8","26","0","247","152","8","429","298","262","1,457","0","280","40,263","28","0","114","1,582","1,686","335","0","19","308","8","335","8","5","0","130","6","18","0","26","109","102","329","280","6","288","104","135","21","65","135","119","247","21","1,347","32","16","319","0","23","15","0","39,844","66","34","66","0","0","10","28","81","13","0","110","117","0","10","114","0","317","42","12","14","33","1,686","244","26","65","2","26","27","260","8","6","2","0","248","419","163","10","49","47","33","1,582","0","23","1,341","22","10","101","127","0"
"        75 to 79 years","29,881","364","0","0","0","32","0","3","0","27,902","4","28,123","52","0","46","0","14","108","30","0","720","46","165","129","9","0","32","0","0","129","40","0","221","138","131","720","0","108","27,992","0","0","143","841","855","187","0","7","310","0","187","0","3","32","143","0","6","0","14","24","52","152","116","26","138","14","63","0","34","63","54","129","0","690","7","0","134","0","22","22","0","27,789","25","0","25","14","0","18","0","2","0","0","30","24","0","0","161","0","129","22","2","0","30","855","161","14","34","15","8","0","161","0","0","15","0","76","203","75","21","0","0","6","841","0","22","690","46","0","33","54","0"
"        80 to 84 years","21,183","274","0","0","0","0","0","0","0","19,979","20","20,213","0","0","14","0","14","71","15","24","488","14","60","76","55","0","0","20","0","63","39","0","234","135","141","488","0","71","20,072","0","0","40","483","505","131","0","9","217","0","131","0","0","0","40","0","10","0","34","27","0","198","144","12","135","22","34","8","0","34","33","63","0","356","9","0","198","0","20","20","0","19,838","29","0","29","0","0","0","0","32","0","0","132","27","0","0","40","0","76","13","0","0","15","505","69","34","0","56","0","0","69","0","0","56","0","57","234","101","57","0","8","10","483","4","20","356","14","0","19","24","0"
"        85 years and over","19,448","182","0","0","0","0","0","0","0","18,611","1","18,775","0","0","10","10","0","14","17","0","376","10","9","88","9","10","0","26","0","88","20","0","164","100","94","376","0","14","18,681","0","0","8","301","311","33","0","0","148","0","33","0","0","0","8","0","9","0","26","9","0","107","80","7","100","10","13","0","27","13","13","88","0","338","0","0","107","0","1","1","0","18,517","15","0","15","1","0","0","0","11","0","0","38","9","0","0","8","0","88","0","11","0","17","301","55","26","27","27","12","6","55","0","0","27","10","67","164","87","3","0","0","9","291","0","1","338","10","0","4","58","0"
"    Female:","1,749,147","92,273","219","2,572","319","381","471","541","797","1,404,107","3,812","1,463,683","3,823","320","2,459","605","350","16,419","7,522","982","152,784","2,140","34,961","16,267","19,198","1,519","1,135","2,546","718","13,771","9,053","565","59,576","26,179","49,650","156,571","321","18,427","1,414,033","1,709","684","27,683","108,667","124,965","14,215","2,034","743","61,410","455","12,465","337","9,890","871","30,174","2,014","1,494","579","4,591","4,932","4,590","54,693","45,955","1,404","22,774","16,298","10,202","1,034","4,459","8,821","7,721","13,011","243","130,781","914","2,491","48,017","1,381","4,787","2,783","282","1,360,122","3,794","3,717","4,609","311","3,425","6,676","988","10,271","868","598","25,790","8,335","448","3,405","31,149","714","17,085","1,345","2,780","399","10,726","123,446","32,819","3,951","4,594","3,734","1,267","4,615","33,981","597","3,787","1,674","466","17,843","53,911","15,977","1,687","917","12,567","2,991","108,201","604","4,147","128,767","1,862","219","4,647","10,469","703"
"        Under 5 years","112,871","11,046","8","291","27","21","57","33","114","79,236","423","86,766","99","20","147","1","10","1,687","172","83","17,441","120","4,198","1,211","3,956","312","63","485","124","631","720","55","7,530","2,653","9,230","18,090","97","2,169","77,536","192","54","3,061","8,543","11,919","948","221","56","7,768","0","611","0","1,049","63","3,352","241","190","57","920","88","271","9,917","8,323","119","2,113","3,376","635","87","535","530","482","620","30","12,888","92","291","8,441","105","846","550","12","71,406","191","380","389","45","393","1,476","67","1,107","43","88","5,202","558","57","540","3,775","11","1,254","91","337","12","1,018","11,607","3,712","748","554","310","78","550","4,062","0","649","25","33","1,582","6,130","2,018","339","157","2,832","339","8,510","33","674","12,647","147","8","215","1,007","148"
"        5 to 9 years","116,494","11,788","0","764","45","48","30","113","63","82,309","390","90,041","349","36","159","24","40","1,113","332","40","16,266","114","4,261","1,628","3,327","241","101","341","36","1,252","886","83","7,732","2,513","7,771","16,892","69","1,489","82,270","115","128","3,348","8,708","11,698","1,093","167","51","7,923","13","838","9","1,666","74","3,625","308","101","38","605","145","467","8,443","7,272","203","2,051","2,990","822","65","562","663","614","1,114","3","12,609","83","277","7,370","159","636","315","54","75,392","231","465","423","0","456","1,073","45","1,106","149","69","4,283","863","106","462","3,871","138","1,777","92","387","48","1,012","11,457","3,368","535","571","169","49","518","3,558","17","626","20","18","1,786","6,878","1,691","122","230","2,439","346","8,690","46","566","12,301","142","0","379","1,075","65"
"        10 to 14 years","114,338","9,152","7","344","26","62","46","107","45","83,803","392","89,592","241","23","183","16","34","1,031","384","75","15,695","157","3,598","1,406","3,620","158","81","443","66","1,172","646","53","5,789","2,331","7,496","16,180","45","1,194","82,096","230","80","2,827","8,729","10,990","1,129","106","72","6,482","38","896","0","862","60","3,136","207","122","75","634","233","320","7,882","6,853","77","1,918","2,261","676","23","543","520","442","1,079","44","11,781","94","309","7,006","156","462","245","64","77,034","215","371","322","21","150","876","50","879","116","66","4,399","619","26","413","3,206","93","1,522","68","337","11","1,018","10,832","3,484","567","543","212","139","386","3,618","38","485","0","24","1,512","5,062","1,655","105","83","1,992","355","8,705","112","395","11,574","145","7","223","965","45"
"        15 to 17 years","68,174","4,913","5","70","26","19","20","26","17","51,256","213","54,441","229","0","187","30","86","472","229","57","8,170","161","1,892","822","1,598","45","92","190","14","596","365","7","3,185","1,276","3,311","8,378","22","577","51,130","79","47","1,456","5,110","5,961","746","12","32","3,556","31","620","0","329","74","1,597","55","34","8","386","127","358","3,548","2,896","67","1,027","851","388","52","342","304","282","582","8","6,370","32","141","3,103","84","295","201","29","48,288","183","171","216","0","166","445","13","479","14","34","2,008","288","29","249","1,679","14","836","58","123","27","395","5,916","1,917","357","365","105","85","353","2,053","31","208","1","31","763","2,842","888","95","17","623","91","5,079","68","266","6,315","156","5","183","514","46"
"        18 and 19 years","42,362","3,099","10","123","0","6","6","33","16","31,871","36","33,858","143","35","23","3","6","186","124","0","4,951","23","1,141","645","875","62","8","79","18","575","294","0","1,987","882","1,975","5,071","8","199","31,883","49","0","909","3,166","3,662","356","93","13","2,326","8","321","8","286","0","945","57","47","0","116","70","167","2,159","1,866","33","702","496","242","12","153","181","172","563","0","3,959","44","36","1,823","61","196","140","0","30,176","21","86","34","15","25","336","19","193","12","6","1,112","161","37","180","1,105","12","657","21","8","0","230","3,600","1,406","97","153","142","50","96","1,415","8","120","16","29","581","1,707","640","93","20","424","73","3,137","25","177","3,902","15","10","114","433","35"
"        20 years","20,348","1,217","4","13","11","0","0","5","40","14,898","67","15,720","99","0","128","27","14","50","92","0","2,529","117","435","316","434","7","50","66","10","247","315","16","822","465","819","2,614","0","95","14,901","0","27","297","1,906","2,162","240","9","62","771","22","198","33","156","28","313","75","7","11","118","31","120","1,020","809","0","460","256","209","15","143","204","193","247","0","1,966","62","16","939","5","122","71","0","14,160","65","21","74","0","91","81","0","122","0","0","648","83","0","5","368","0","316","5","46","0","111","2,155","812","89","170","36","33","140","817","33","85","8","7","401","741","256","73","34","151","13","1,899","23","93","1,891","95","4","152","74","0"
"        21 years","20,073","1,516","0","0","0","0","0","0","16","14,310","33","15,199","66","0","32","11","14","165","201","0","2,738","32","588","264","613","4","29","12","15","251","161","0","889","382","1,010","2,828","23","182","14,189","0","13","547","1,949","2,213","133","84","0","848","7","114","7","228","22","580","80","15","7","82","43","79","1,087","997","53","382","264","147","51","48","147","134","251","0","2,114","0","33","1,065","0","8","8","0","13,322","165","106","186","0","124","22","0","247","0","0","714","67","0","0","555","0","264","6","74","0","237","2,209","712","82","48","134","52","87","744","7","90","45","0","249","867","235","29","37","146","15","1,949","21","8","2,034","25","0","119","161","0"
"        22 to 24 years","67,721","4,467","27","101","4","23","75","16","46","49,915","303","52,963","107","50","83","10","37","503","572","34","7,887","79","1,588","553","936","40","19","52","10","473","302","21","3,048","1,340","2,363","8,045","0","581","50,600","82","9","1,182","5,822","6,554","725","150","28","3,142","9","604","4","454","19","1,466","81","91","11","185","238","128","2,588","2,289","75","1,146","732","438","69","238","332","278","429","6","6,794","34","284","2,329","106","122","75","10","47,782","359","108","382","38","167","259","16","479","51","75","1,251","391","8","194","1,285","34","594","55","190","11","648","6,514","2,273","177","245","198","15","126","2,309","13","158","48","17","672","2,818","902","128","34","542","153","5,805","89","114","6,713","70","27","142","616","110"
"        25 to 29 years","126,759","7,476","36","231","67","39","89","36","53","94,285","274","99,270","239","7","393","100","49","2,769","811","105","12,800","326","2,470","1,428","1,010","81","156","138","0","1,263","652","100","4,985","2,273","3,174","13,007","0","2,913","96,096","85","15","2,078","12,089","13,189","937","104","64","4,948","80","811","92","734","123","2,196","165","164","41","261","554","293","3,535","3,016","200","1,943","1,100","974","79","363","847","747","1,216","22","11,722","74","118","3,179","127","274","110","22","91,467","369","476","441","0","307","356","79","970","51","101","1,285","992","26","330","2,196","47","1,475","152","192","51","956","13,108","4,139","245","363","249","61","394","4,189","147","207","80","54","1,506","4,629","1,299","37","63","720","221","12,035","21","258","11,557","246","36","357","1,045","33"
"        30 to 34 years","127,699","8,086","19","230","20","11","40","7","5","96,378","280","100,753","394","39","204","92","12","2,538","1,310","29","12,283","184","3,708","1,105","978","81","53","281","181","959","804","49","4,375","1,868","2,880","12,685","0","2,674","97,873","272","28","3,161","11,108","12,044","1,206","183","132","5,374","52","1,107","53","801","13","3,320","258","102","126","361","390","430","3,202","2,505","86","1,603","936","881","58","429","701","668","858","11","11,250","132","159","2,816","180","388","203","9","93,803","385","512","430","59","227","386","159","961","109","51","1,435","591","68","265","3,428","65","1,178","151","226","76","1,407","11,963","2,730","309","443","270","100","417","2,762","65","402","145","18","1,337","4,070","987","74","6","728","142","11,090","43","336","10,992","139","19","409","607","39"
"        35 to 39 years","110,430","7,509","20","186","6","21","54","61","149","83,444","274","88,174","389","23","172","134","6","1,709","1,131","96","10,464","166","2,922","1,137","546","55","80","168","55","1,036","524","22","4,730","1,595","2,052","10,634","14","1,786","86,122","174","71","2,509","8,878","9,604","1,193","273","76","4,784","0","1,115","0","1,032","75","2,716","111","108","21","212","515","397","2,459","2,065","53","1,422","726","573","62","312","492","414","982","55","9,676","76","207","2,194","81","206","111","16","81,621","159","337","192","13","420","265","138","1,040","65","54","958","752","28","173","2,648","54","1,202","77","314","31","1,258","9,549","1,757","188","312","238","77","299","1,811","6","170","142","36","1,095","4,501","1,022","185","17","524","166","8,842","29","182","9,565","166","20","179","638","39"
"        40 to 44 years","117,889","6,303","48","53","23","44","8","20","60","94,010","242","98,079","355","30","195","28","6","1,362","820","71","9,124","172","2,339","1,267","534","68","89","31","40","1,176","700","29","4,069","1,768","2,343","9,259","30","1,433","95,736","83","55","1,926","8,191","8,999","1,304","237","74","4,066","71","1,201","33","629","79","2,066","111","79","9","120","528","403","2,611","2,240","75","1,585","808","727","205","238","640","567","1,022","6","8,487","87","140","2,366","87","273","171","21","91,841","294","243","303","42","255","245","60","850","166","8","772","669","7","183","2,097","154","1,433","63","229","0","924","8,931","1,565","98","253","367","149","380","1,616","71","135","216","39","1,311","3,895","1,041","80","66","606","202","8,152","0","251","8,376","124","48","412","868","54"
"        45 to 49 years","123,495","4,773","11","84","14","11","36","27","94","103,813","348","106,893","302","5","151","29","14","738","296","106","8,035","137","2,006","1,260","361","135","112","52","31","1,178","718","91","3,080","1,654","1,320","8,165","0","771","105,573","166","69","1,505","5,996","6,412","700","155","19","2,856","36","687","15","495","91","1,761","34","67","33","128","564","319","1,650","1,314","100","1,525","416","911","79","112","861","738","1,157","33","7,568","21","256","1,325","50","245","83","9","102,756","313","202","335","50","127","325","166","711","21","36","597","624","18","129","1,658","21","1,281","186","143","78","383","6,277","1,226","91","112","284","65","230","1,243","36","130","169","42","1,183","2,817","743","99","15","242","105","5,954","9","208","7,534","115","11","516","517","37"
"        50 to 54 years","131,948","3,653","0","21","37","12","0","0","48","115,712","113","118,190","277","17","127","31","9","542","300","37","7,208","90","1,141","741","215","75","76","63","0","680","612","12","2,478","1,526","1,230","7,334","13","648","116,960","34","25","914","4,884","5,269","793","121","16","2,226","38","765","55","404","68","948","56","124","43","175","367","304","1,456","1,137","59","1,399","385","773","92","187","680","591","662","5","6,852","20","34","1,272","93","193","123","0","114,617","172","36","185","25","162","184","34","396","18","0","482","527","9","127","1,028","18","759","93","102","8","342","5,194","1,046","126","187","318","85","279","1,055","75","126","203","26","1,117","2,343","753","61","78","201","223","4,858","54","144","6,796","52","0","359","539","17"
"        55 to 59 years","118,831","2,856","9","20","0","27","0","36","31","105,078","223","107,011","175","0","141","52","4","296","132","62","5,939","141","1,030","797","93","34","32","49","12","766","531","8","1,933","1,210","845","6,042","0","344","106,166","76","24","729","4,232","4,501","995","19","10","1,739","29","935","7","366","22","863","103","102","56","82","255","175","1,022","802","29","1,153","269","671","41","118","645","557","743","8","5,848","10","134","944","26","167","84","31","104,280","316","123","326","0","200","78","76","350","23","0","194","255","15","57","807","23","820","26","61","18","142","4,467","845","53","139","193","58","87","891","29","103","122","34","1,008","1,886","539","19","18","153","174","4,198","19","138","5,745","112","9","367","435","0"
"        60 and 61 years","42,536","674","0","30","7","21","0","21","0","38,203","29","38,584","55","0","44","0","0","236","176","28","1,924","37","374","244","14","15","37","15","0","214","176","0","381","518","434","1,930","0","243","38,150","44","0","269","1,527","1,609","202","5","0","429","5","202","5","70","11","283","0","70","0","43","167","55","469","352","0","501","82","229","0","56","212","191","214","0","1,873","15","14","379","17","91","74","0","37,852","67","12","67","0","14","90","38","58","0","0","57","175","0","17","345","0","244","22","11","0","190","1,594","278","26","56","29","29","71","278","5","6","23","0","406","298","289","18","0","54","146","1,527","0","74","1,873","39","0","104","245","0"
"        62 to 64 years","55,920","872","0","0","6","0","0","0","0","51,308","14","51,814","59","0","19","0","0","181","41","27","2,107","13","319","345","0","58","13","22","0","315","133","0","506","434","215","2,135","0","199","51,599","6","13","274","1,482","1,532","216","13","10","559","13","205","13","33","13","284","13","26","5","33","184","59","289","221","93","419","50","219","12","0","219","146","298","0","2,034","10","10","243","0","35","25","0","51,118","39","23","39","0","2","46","6","72","17","0","101","202","4","15","305","17","362","6","0","0","51","1,474","320","33","0","106","33","37","320","13","28","62","58","347","481","215","58","6","33","63","1,424","7","35","2,021","6","0","69","124","0"
"        65 and 66 years","32,339","547","10","0","0","0","10","0","0","29,331","46","29,693","100","0","23","12","0","83","103","40","1,123","23","249","251","15","0","16","6","2","213","110","0","362","275","274","1,126","0","97","29,419","10","0","182","1,261","1,354","308","0","10","307","0","294","0","68","16","197","3","3","0","38","68","100","311","221","24","275","93","92","0","10","92","62","213","0","1,059","10","15","290","0","52","52","0","29,078","76","0","76","0","68","21","10","54","0","10","67","123","0","0","203","0","251","0","0","0","103","1,354","168","38","10","45","13","35","168","0","3","29","0","195","341","183","14","11","38","62","1,261","0","52","1,056","23","10","54","131","0"
"        67 to 69 years","39,117","586","0","11","0","8","0","0","0","36,178","16","36,584","8","0","19","2","0","207","59","44","1,307","19","185","130","9","17","17","25","0","120","137","0","406","346","257","1,325","0","207","36,327","12","0","162","932","985","154","82","0","274","0","154","0","126","17","162","18","9","27","51","104","8","276","202","0","329","53","137","7","18","137","110","120","0","1,283","0","0","252","0","23","23","0","35,945","19","7","19","0","6","24","12","78","0","0","42","121","0","17","169","0","130","35","0","20","64","968","195","51","18","39","24","34","198","0","18","30","0","231","382","209","8","0","25","17","932","0","23","1,265","19","0","86","150","0"
"        70 to 74 years","52,004","687","5","0","0","0","0","0","0","47,269","49","47,796","59","35","6","0","0","311","119","10","2,182","6","172","253","4","0","0","9","83","251","148","2","527","392","180","2,199","0","313","47,616","0","21","108","1,664","1,673","292","0","0","374","0","292","0","39","0","125","17","16","0","9","117","59","225","169","26","357","9","231","15","13","196","181","238","0","2,143","0","17","210","35","47","45","0","47,104","44","8","59","0","18","15","0","33","13","0","56","124","0","35","123","13","266","38","0","0","119","1,673","356","9","13","40","21","32","356","0","17","40","0","238","512","161","37","0","7","21","1,664","0","47","2,126","6","5","119","115","35"
"        75 to 79 years","38,853","432","0","0","0","0","0","0","0","35,899","19","36,082","59","0","3","3","0","125","36","29","1,427","3","247","161","49","31","0","19","10","107","64","17","183","251","232","1,441","0","171","35,850","0","0","206","1,037","1,125","228","0","18","246","0","178","0","11","0","206","14","17","11","19","138","59","277","217","17","239","88","130","10","26","123","94","107","0","1,353","18","0","241","7","41","19","5","35,681","23","30","23","3","0","36","0","69","0","0","88","144","0","12","228","0","161","30","0","0","36","1,094","142","19","26","130","30","49","142","0","14","130","0","156","169","121","0","20","48","17","1,037","0","41","1,339","3","0","46","97","0"
"        80 to 84 years","30,698","336","0","0","0","8","0","0","0","29,093","15","29,387","3","0","8","0","0","47","24","0","612","8","51","186","0","0","8","0","0","179","34","0","294","78","61","619","0","55","29,326","0","2","33","616","616","65","0","0","238","0","65","0","46","0","33","7","0","0","0","6","3","61","43","12","76","0","43","0","13","41","25","179","0","619","0","0","58","2","18","18","0","29,035","42","0","42","0","44","3","0","8","0","0","0","6","0","2","36","0","186","11","0","8","24","616","148","0","13","66","0","5","156","0","7","66","0","52","291","35","0","0","0","1","616","5","18","612","8","0","22","35","0"
"        85 years and over","38,248","285","0","0","0","0","0","0","0","36,508","13","36,793","16","0","12","0","9","68","58","9","572","12","47","117","11","0","3","0","11","117","21","0","285","149","178","572","0","87","36,615","0","3","0","837","894","252","0","0","174","3","252","3","6","3","0","0","0","0","13","0","16","206","146","3","149","57","54","0","0","54","33","117","12","533","0","0","172","0","47","37","0","36,364","46","0","46","0","3","34","0","9","0","0","39","0","10","0","34","0","117","59","0","0","58","894","220","13","0","54","21","10","220","3","0","54","0","115","251","95","13","5","39","46","837","0","47","533","9","0","21","78","0"