"Label (Grouping)","Atlanta-Sandy Springs-Roswell, GA Metro Area!!Total population!!Estimate","Atlanta-Sandy Springs-Roswell, GA Metro Area!!Hispanic or Latino (of any race) (200-299)!!Estimate","Atlanta-Sandy Springs-Roswell, GA Metro Area!!Argentinean (231)!!Estimate","Atlanta-Sandy Springs-Roswell, GA Metro Area!!Nepalese alone or in any combination (472) & (100-299) or (300, A01-Z99) or (400-999)!!Estimate","Atlanta-Sandy Springs-Roswell, GA Metro Area!!Native Hawaiian and Other Pacific Islander alone or in combination with one or more other races  (500-599) & (100-299) or (300, A01-Z99) or (400-999)!!Estimate","Atlanta-Sandy Springs-Roswell, GA Metro Area!!Laotian alone (442)!!Estimate","Atlanta-Sandy Springs-Roswell, GA Metro Area!!Korean alone or in any combination (440-441) & (100-299) or (300, A01-Z99) or (400-999)!!Estimate","Atlanta-Sandy Springs-Roswell, GA Metro Area!!Panamanian (225)!!Estimate","Atlanta-Sandy Springs-Roswell, GA Metro Area!!Laotian alone or in any combination (442) & (100-299) or (300, A01-Z99) or (400-999)!!Estimate","Atlanta-Sandy Springs-Roswell, GA Metro Area!!Native Hawaiian alone or in any combination (500-503) & (100-299) or (300, A01-Z99) or (400-999)!!Estimate","Atlanta-Sandy Springs-Roswell, GA Metro Area!!Two or More Races, Hispanic or Latino!!Estimate","Atlanta-Sandy Springs-Roswell, GA Metro Area!!Polynesian alone or in any combination (500-519) & (100-299) or (300, A01-Z99) or (400-999)!!Estimate","Atlanta-Sandy Springs-Roswell, GA Metro Area!!Japanese alone (430-439)!!Estimate","Atlanta-Sandy Springs-Roswell, GA Metro Area!!White; Some other race!!Estimate","Atlanta-Sandy Springs-Roswell, GA Metro Area!!Guatemalan (222)!!Estimate","Atlanta-Sandy Springs-Roswell, GA Metro Area!!Black or African American alone, not Hispanic or Latino!!Estimate","Atlanta-Sandy Springs-Roswell, GA Metro Area!!Three or more races with Some Other Race!!Estimate","Atlanta-Sandy Springs-Roswell, GA Metro Area!!Hmong alone or in any combination (422) & (100-299) or (300, A01-Z99) or (400-999)!!Estimate","Atlanta-Sandy Springs-Roswell, GA Metro Area!!Sri Lankan alone or in any combination (446) & (100-299) or (300, A01-Z99) or (400-999)!!Estimate","Atlanta-Sandy Springs-Roswell, GA Metro Area!!Thai alone or in any combination (447-449) & (100-299) or (300, A01-Z99) or (400-999)!!Estimate","Atlanta-Sandy Springs-Roswell, GA Metro Area!!American Indian and Alaska Native; Asian!!Estimate","Atlanta-Sandy Springs-Roswell, GA Metro Area!!Spaniard (200-209)!!Estimate","Atlanta-Sandy Springs-Roswell, GA Metro Area!!Uruguayan (238)!!Estimate","Atlanta-Sandy Springs-Roswell, GA Metro Area!!Venezuelan (239)!!Estimate","Atlanta-Sandy Springs-Roswell, GA Metro Area!!American Indian alone!!Estimate","Atlanta-Sandy Springs-Roswell, GA Metro Area!!Choctaw tribal grouping alone or in any combination (C08-C16) & (100-299) or (300, A01-Z99) or (400-999)!!Estimate","Atlanta-Sandy Springs-Roswell, GA Metro Area!!Salvadoran (226)!!Estimate","Atlanta-Sandy Springs-Roswell, GA Metro Area!!Costa Rican (221)!!Estimate","Atlanta-Sandy Springs-Roswell, GA Metro Area!!Bangladeshi alone or in any combination (402) & (100-299) or (300, A01-Z99) or (400-999)!!Estimate","Atlanta-Sandy Springs-Roswell, GA Metro Area!!Black or African American alone or in combination with one or more other races, Hispanic or Latino!!Estimate","Atlanta-Sandy Springs-Roswell, GA Metro Area!!Black or African American alone!!Estimate","Atlanta-Sandy Springs-Roswell, GA Metro Area!!Chinese (except Taiwanese) alone (410-411)!!Estimate","Atlanta-Sandy Springs-Roswell, GA Metro Area!!Some other race alone or in combination with one or more other races!!Estimate","Atlanta-Sandy Springs-Roswell, GA Metro Area!!Two or more races!!Estimate","Atlanta-Sandy Springs-Roswell, GA Metro Area!!Native Hawaiian and Other Pacific Islander in combination with one or more other races!!Estimate","Atlanta-Sandy Springs-Roswell, GA Metro Area!!White alone or in combination with one or more other races!!Estimate","Atlanta-Sandy Springs-Roswell, GA Metro Area!!Vietnamese alone (450-459)!!Estimate","Atlanta-Sandy Springs-Roswell, GA Metro Area!!Taiwanese alone or in any combination (412-419) & (100-299) or (300, A01-Z99) or (400-999)!!Estimate","Atlanta-Sandy Springs-Roswell, GA Metro Area!!White; Asian!!Estimate","Atlanta-Sandy Springs-Roswell, GA Metro Area!!Two or more races, not Hispanic or Latino!!Estimate","Atlanta-Sandy Springs-Roswell, GA Metro Area!!Some Other Race alone, Hispanic or Latino!!Estimate","Atlanta-Sandy Springs-Roswell, GA Metro Area!!Filipino alone (420-421)!!Estimate","Atlanta-Sandy Springs-Roswell, GA Metro Area!!Pakistani alone (445)!!Estimate","Atlanta-Sandy Springs-Roswell, GA Metro Area!!White; American Indian and Alaska Native!!Estimate","Atlanta-Sandy Springs-Roswell, GA Metro Area!!Filipino alone or in any combination (420-421) & (100-299) or (300, A01-Z99) or (400-999)!!Estimate","Atlanta-Sandy Springs-Roswell, GA Metro Area!!Honduran (223)!!Estimate","Atlanta-Sandy Springs-Roswell, GA Metro Area!!White alone, Hispanic or Latino!!Estimate","Atlanta-Sandy Springs-Roswell, GA Metro Area!!South American Indian tribal grouping alone or in any combination (W67-X24) & (100-299) or (300, A01-Z99) or (400-999)!!Estimate","Atlanta-Sandy Springs-Roswell, GA Metro Area!!White alone!!Estimate","Atlanta-Sandy Springs-Roswell, GA Metro Area!!White; Black or African American; Asian!!Estimate","Atlanta-Sandy Springs-Roswell, GA Metro Area!!Bhutanese alone or in any combination (403) & (100-299) or (300, A01-Z99) or (400-999)!!Estimate","Atlanta-Sandy Springs-Roswell, GA Metro Area!!Chinese (except Taiwanese) alone or in any combination (410-411) & (100-299) or (300, A01-Z99) or (400-999)!!Estimate","Atlanta-Sandy Springs-Roswell, GA Metro Area!!Bhutanese alone (403)!!Estimate","Atlanta-Sandy Springs-Roswell, GA Metro Area!!White; Black or African American!!Estimate","Atlanta-Sandy Springs-Roswell, GA Metro Area!!Native Hawaiian and Other Pacific Islander alone, not Hispanic or Latino!!Estimate","Atlanta-Sandy Springs-Roswell, GA Metro Area!!White in combination with one or more other races!!Estimate","Atlanta-Sandy Springs-Roswell, GA Metro Area!!Korean alone (440-441)!!Estimate","Atlanta-Sandy Springs-Roswell, GA Metro Area!!Some other race alone!!Estimate","Atlanta-Sandy Springs-Roswell, GA Metro Area!!Cuban (270-274)!!Estimate","Atlanta-Sandy Springs-Roswell, GA Metro Area!!Asian alone or in combination with one or more other races, not Hispanic or Latino!!Estimate","Atlanta-Sandy Springs-Roswell, GA Metro Area!!Ecuadorian (235)!!Estimate","Atlanta-Sandy Springs-Roswell, GA Metro Area!!American Indian and Alaska Native alone or in combination with one or more other races (300, A01-Z99) & (100-299) or (300, A01-Z99) or (400-999)!!Estimate","Atlanta-Sandy Springs-Roswell, GA Metro Area!!Black or African American; American Indian and Alaska Native!!Estimate","Atlanta-Sandy Springs-Roswell, GA Metro Area!!Black or African American alone or in combination with one or more other races, not Hispanic or Latino!!Estimate","Atlanta-Sandy Springs-Roswell, GA Metro Area!!Three or more races without Some Other Race!!Estimate","Atlanta-Sandy Springs-Roswell, GA Metro Area!!Burmese alone (404)!!Estimate","Atlanta-Sandy Springs-Roswell, GA Metro Area!!Black or African American; Some other race!!Estimate","Atlanta-Sandy Springs-Roswell, GA Metro Area!!Asian in combination with one or more other races!!Estimate","Atlanta-Sandy Springs-Roswell, GA Metro Area!!American Indian and Alaska Native alone or in combination with one or more other races, Hispanic or Latino!!Estimate","Atlanta-Sandy Springs-Roswell, GA Metro Area!!Black or African American; Native Hawaiian and Other Pacific Islander!!Estimate","Atlanta-Sandy Springs-Roswell, GA Metro Area!!Blackfeet Tribe of the Blackfeet Indian Reservation of Montana alone or in any combination (A45-A50) & (100-299) or (300, A01-Z99) or (400-999)!!Estimate","Atlanta-Sandy Springs-Roswell, GA Metro Area!!Burmese alone or in any combination (404) & (100-299) or (300, A01-Z99) or (400-999)!!Estimate","Atlanta-Sandy Springs-Roswell, GA Metro Area!!American Indian and Alaska Native alone, not Hispanic or Latino!!Estimate","Atlanta-Sandy Springs-Roswell, GA Metro Area!!American Indian and Alaska Native; Some other race!!Estimate","Atlanta-Sandy Springs-Roswell, GA Metro Area!!Nicaraguan (224)!!Estimate","Atlanta-Sandy Springs-Roswell, GA Metro Area!!Mexican American Indian tribal grouping alone (V84-W66)!!Estimate","Atlanta-Sandy Springs-Roswell, GA Metro Area!!White alone, not Hispanic or Latino!!Estimate","Atlanta-Sandy Springs-Roswell, GA Metro Area!!White alone or in combination with one or more other races, Hispanic or Latino!!Estimate","Atlanta-Sandy Springs-Roswell, GA Metro Area!!Chinese alone (410-419)!!Estimate","Atlanta-Sandy Springs-Roswell, GA Metro Area!!Asian alone (400-499)!!Estimate","Atlanta-Sandy Springs-Roswell, GA Metro Area!!White; Black or African American; American Indian and Alaska Native!!Estimate","Atlanta-Sandy Springs-Roswell, GA Metro Area!!Chinese alone or in any combination (410-419) & (100-299) or (300, A01-Z99) or (400-999)!!Estimate","Atlanta-Sandy Springs-Roswell, GA Metro Area!!Black or African American; Asian!!Estimate","Atlanta-Sandy Springs-Roswell, GA Metro Area!!Some other race alone, not Hispanic or Latino!!Estimate","Atlanta-Sandy Springs-Roswell, GA Metro Area!!Sri Lankan alone (446)!!Estimate","Atlanta-Sandy Springs-Roswell, GA Metro Area!!Peruvian (237)!!Estimate","Atlanta-Sandy Springs-Roswell, GA Metro Area!!American Indian and Alaska Native alone or in combination with one or more other races, not Hispanic or Latino!!Estimate","Atlanta-Sandy Springs-Roswell, GA Metro Area!!Native Hawaiian and Other Pacific Islander alone (500-599)!!Estimate","Atlanta-Sandy Springs-Roswell, GA Metro Area!!Two races with Some Other Race!!Estimate","Atlanta-Sandy Springs-Roswell, GA Metro Area!!Asian alone or in combination with one or more other races  (400-499) & (100-299) or (300, A01-Z99) or (400-999)!!Estimate","Atlanta-Sandy Springs-Roswell, GA Metro Area!!Micronesian alone or in any combination (520-529, 531-541) & (100-299) or (300, A01-Z99) or (400-999)!!Estimate","Atlanta-Sandy Springs-Roswell, GA Metro Area!!South American (231-249)!!Estimate","Atlanta-Sandy Springs-Roswell, GA Metro Area!!Colombian (234)!!Estimate","Atlanta-Sandy Springs-Roswell, GA Metro Area!!Black or African American alone, Hispanic or Latino!!Estimate","Atlanta-Sandy Springs-Roswell, GA Metro Area!!Chilean (233)!!Estimate","Atlanta-Sandy Springs-Roswell, GA Metro Area!!Two races without Some Other Race!!Estimate","Atlanta-Sandy Springs-Roswell, GA Metro Area!!American Indian and Alaska Native alone, Hispanic or Latino!!Estimate","Atlanta-Sandy Springs-Roswell, GA Metro Area!!Asian alone, not Hispanic or Latino!!Estimate","Atlanta-Sandy Springs-Roswell, GA Metro Area!!Bangladeshi alone (402)!!Estimate","Atlanta-Sandy Springs-Roswell, GA Metro Area!!Cambodian alone or in any combination (405-409) & (100-299) or (300, A01-Z99) or (400-999)!!Estimate","Atlanta-Sandy Springs-Roswell, GA Metro Area!!Mexican (210-220)!!Estimate","Atlanta-Sandy Springs-Roswell, GA Metro Area!!Some Other Race alone or in combination with one or more other races, Hispanic or Latino!!Estimate","Atlanta-Sandy Springs-Roswell, GA Metro Area!!Pakistani alone or in any combination (445) & (100-299) or (300, A01-Z99) or (400-999)!!Estimate","Atlanta-Sandy Springs-Roswell, GA Metro Area!!Asian Indian alone (400-401)!!Estimate","Atlanta-Sandy Springs-Roswell, GA Metro Area!!Thai alone (447-449)!!Estimate","Atlanta-Sandy Springs-Roswell, GA Metro Area!!Indonesian alone or in any combination (423-429) & (100-299) or (300, A01-Z99) or (400-999)!!Estimate","Atlanta-Sandy Springs-Roswell, GA Metro Area!!Samoan alone or in any combination (510-511) & (100-299) or (300, A01-Z99) or (400-999)!!Estimate","Atlanta-Sandy Springs-Roswell, GA Metro Area!!Some other race alone or in combination with one or more other races, not Hispanic or Latino!!Estimate","Atlanta-Sandy Springs-Roswell, GA Metro Area!!Asian alone, Hispanic or Latino!!Estimate","Atlanta-Sandy Springs-Roswell, GA Metro Area!!Cherokee tribal grouping alone (B21-B39)!!Estimate","Atlanta-Sandy Springs-Roswell, GA Metro Area!!Indonesian alone (423-429)!!Estimate","Atlanta-Sandy Springs-Roswell, GA Metro Area!!Nepalese alone (472)!!Estimate","Atlanta-Sandy Springs-Roswell, GA Metro Area!!Central American (excludes Mexican) (221-230)!!Estimate","Atlanta-Sandy Springs-Roswell, GA Metro Area!!Native Hawaiian and Other Pacific Islander alone or in combination with one or more other races, Hispanic or Latino!!Estimate","Atlanta-Sandy Springs-Roswell, GA Metro Area!!Asian Indian alone or in any combination (400-401) & (100-299) or (300, A01-Z99) or (400-999)!!Estimate","Atlanta-Sandy Springs-Roswell, GA Metro Area!!White alone or in combination with one or more other races, not Hispanic or Latino!!Estimate","Atlanta-Sandy Springs-Roswell, GA Metro Area!!Native Hawaiian and Other Pacific Islander alone or in combination with one or more other races, not Hispanic or Latino!!Estimate","Atlanta-Sandy Springs-Roswell, GA Metro Area!!Black or African American alone or in combination with one or more other races!!Estimate","Atlanta-Sandy Springs-Roswell, GA Metro Area!!Cambodian alone (405-409)!!Estimate","Atlanta-Sandy Springs-Roswell, GA Metro Area!!Hmong alone (422)!!Estimate","Atlanta-Sandy Springs-Roswell, GA Metro Area!!Cherokee tribal grouping alone or in any combination (B21-B39) & (100-299) or (300, A01-Z99) or (400-999)!!Estimate","Atlanta-Sandy Springs-Roswell, GA Metro Area!!American Indian alone or in any combination!!Estimate","Atlanta-Sandy Springs-Roswell, GA Metro Area!!Black or African American in combination with one or more other races!!Estimate","Atlanta-Sandy Springs-Roswell, GA Metro Area!!Taiwanese alone (412-419)!!Estimate","Atlanta-Sandy Springs-Roswell, GA Metro Area!!Japanese alone or in any combination (430-439) & (100-299) or (300, A01-Z99) or (400-999)!!Estimate","Atlanta-Sandy Springs-Roswell, GA Metro Area!!Vietnamese alone or in any combination (450-459) & (100-299) or (300, A01-Z99) or (400-999)!!Estimate","Atlanta-Sandy Springs-Roswell, GA Metro Area!!Iroquois tribal grouping alone or in any combination (D93-E09) & (100-299) or (300, A01-Z99) or (400-999)!!Estimate","Atlanta-Sandy Springs-Roswell, GA Metro Area!!Dominican (Dominican Republic) (275-279)!!Estimate","Atlanta-Sandy Springs-Roswell, GA Metro Area!!Asian alone or in combination with one or more other races, Hispanic or Latino!!Estimate","Atlanta-Sandy Springs-Roswell, GA Metro Area!!American Indian and Alaska Native alone (300, A01-Z99)!!Estimate","Atlanta-Sandy Springs-Roswell, GA Metro Area!!Polynesian alone (500-519)!!Estimate","Atlanta-Sandy Springs-Roswell, GA Metro Area!!Creek tribal grouping alone or in any combination (C64-C80) & (100-299) or (300, A01-Z99) or (400-999)!!Estimate","Atlanta-Sandy Springs-Roswell, GA Metro Area!!Mexican American Indian tribal grouping alone or in any combination (V84-W66) & (100-299) or (300, A01-Z99) or (400-999)!!Estimate","Atlanta-Sandy Springs-Roswell, GA Metro Area!!White; Native Hawaiian and Other Pacific Islander!!Estimate","Atlanta-Sandy Springs-Roswell, GA Metro Area!!Puerto Rican (260-269)!!Estimate","Atlanta-Sandy Springs-Roswell, GA Metro Area!!Some other race in combination with one or more other races!!Estimate","Atlanta-Sandy Springs-Roswell, GA Metro Area!!Asian; Some other race!!Estimate","Atlanta-Sandy Springs-Roswell, GA Metro Area!!American Indian and Alaska Native in combination with one or more other races!!Estimate"
"Total:","5,535,837","578,574","3,610","2,794","6,097","4,359","51,691","6,116","5,316","1,864","23,116","2,845","6,371","8,179","26,382","1,800,312","10,965","3,264","1,176","5,338","1,152","4,363","1,999","6,186","8,068","1,069","27,888","2,506","4,949","40,901","1,831,421","43,617","199,931","126,080","4,107","3,187,508","40,907","3,531","24,197","102,964","165,046","12,263","8,784","15,094","18,824","19,836","352,116","959","3,086,318","1,736","1,541","51,247","1,363","42,729","1,683","101,190","44,753","180,213","22,455","328,000","4,279","47,422","6,056","1,859,908","9,230","4,736","4,804","38,626","11,588","991","1,923","4,993","10,240","1,865","6,175","2,740","2,734,202","368,552","46,859","293,771","5,316","54,644","5,363","15,167","1,014","8,337","35,834","1,990","17,983","332,397","1,150","55,115","26,823","31,109","3,007","97,132","5,804","292,695","4,732","5,977","326,969","178,040","10,025","93,366","3,745","2,461","873","21,891","1,076","3,217","2,044","2,601","89,550","918","98,743","2,818,956","5,179","1,900,809","4,576","2,976","15,545","28,937","69,388","3,186","11,084","44,109","877","16,767","4,397","16,044","1,086","1,954","3,335","805","51,786","19,718","2,997","31,378"
"    Male:","2,686,869","304,370","2,050","1,553","2,596","2,054","24,137","2,692","2,471","797","11,905","1,316","2,497","4,327","15,497","832,419","4,478","1,640","543","2,598","614","2,175","1,166","2,760","3,913","382","14,116","1,330","2,568","20,663","848,036","20,544","106,608","60,086","1,718","1,578,766","20,500","1,480","12,262","48,181","89,470","4,921","4,692","7,834","7,743","10,307","183,773","450","1,530,075","746","771","24,361","687","19,877","766","48,691","20,537","96,426","12,231","160,267","2,146","22,747","2,323","858,744","3,591","2,634","2,477","18,929","6,189","343","623","2,743","5,219","1,007","2,966","1,644","1,346,302","192,168","21,955","143,169","1,763","25,829","2,536","6,956","477","4,090","16,558","878","9,295","162,098","365","26,599","12,499","15,617","1,495","46,313","2,980","142,656","2,405","2,583","176,967","96,325","5,386","48,450","1,771","1,119","472","10,283","513","1,584","918","1,469","47,256","325","51,168","1,386,598","2,271","879,407","1,917","1,469","7,028","13,319","31,371","1,399","4,670","22,083","381","8,326","1,831","8,199","503","1,066","1,990","263","24,825","10,182","1,406","14,548"
"        Under 5 years","189,903","34,059","64","168","340","52","1,571","331","220","110","2,316","252","137","784","1,478","64,186","960","184","41","292","133","153","16","243","257","49","1,905","270","189","3,117","66,251","1,113","10,969","10,036","245","102,410","1,316","50","2,279","7,720","8,388","199","142","451","760","1,008","21,003","55","94,033","235","109","1,879","94","3,987","81","8,377","822","9,244","689","12,865","363","1,835","80","68,960","716","436","354","3,715","689","18","7","446","409","89","353","191","73,030","22,527","1,157","9,622","266","1,929","594","856","18","187","1,146","95","1,481","13,337","57","2,250","1,204","2,065","119","7,595","213","9,562","157","194","21,314","9,821","303","4,044","64","102","132","1,148","60","29","70","153","5,359","58","4,613","79,883","282","72,077","114","174","358","886","5,826","44","546","1,582","45","1,073","472","622","38","30","229","19","2,421","1,725","223","1,213"
"        5 to 9 years","206,799","33,675","111","60","325","109","1,836","347","170","136","1,887","161","166","711","1,580","70,405","673","226","20","51","69","92","74","169","257","0","1,752","89","205","2,476","72,043","1,342","12,254","9,012","267","111,793","1,606","114","2,207","7,125","10,207","513","492","441","1,077","1,188","19,600","50","103,877","148","17","1,840","17","4,000","25","7,916","1,153","10,927","1,157","12,984","178","1,467","133","74,951","545","441","345","2,965","475","95","17","459","284","21","448","100","84,277","21,187","1,436","10,383","200","1,954","191","720","20","367","992","58","1,199","13,348","48","1,739","635","1,638","159","7,140","215","10,288","205","106","21,880","11,200","552","3,558","0","188","25","1,054","95","4","148","60","5,427","36","3,935","90,606","289","77,427","35","226","407","901","5,384","94","576","1,749","29","953","364","499","34","31","144","4","1,979","1,327","119","968"
"        10 to 14 years","204,690","27,414","202","86","217","215","1,521","158","241","11","1,191","11","100","542","1,358","71,211","429","211","32","252","19","142","65","221","200","0","1,108","65","373","2,165","72,819","1,265","9,928","7,646","163","111,667","1,693","53","1,425","6,455","7,925","265","393","714","719","1,074","16,398","36","105,031","75","60","1,632","55","3,530","54","6,636","1,201","8,759","934","11,619","39","1,761","86","75,361","393","227","466","1,924","451","32","35","246","273","84","210","137","88,633","17,342","1,318","9,851","180","1,685","262","834","18","190","1,310","54","1,133","11,775","76","2,184","1,292","1,608","160","6,084","257","9,816","361","394","16,329","8,591","425","2,894","143","105","6","1,337","35","64","81","81","3,996","9","3,053","94,325","208","77,526","247","211","681","927","4,707","53","301","1,912","0","734","156","530","2","77","201","0","2,400","1,169","41","1,231"
"        15 to 17 years","121,711","14,275","48","79","210","55","1,195","38","70","8","829","74","52","393","597","44,326","372","117","24","254","16","104","84","32","138","20","464","54","174","1,334","45,337","401","5,461","4,123","179","65,064","938","25","795","3,294","4,080","324","98","374","583","587","8,127","6","61,521","18","31","525","31","1,578","16","3,543","906","4,737","598","6,755","180","1,171","100","46,321","256","156","109","1,195","343","36","18","166","150","79","92","100","53,394","8,759","426","5,609","155","550","152","657","24","116","828","31","608","6,804","18","1,317","569","1,011","259","3,143","203","5,599","137","194","8,621","4,597","211","1,861","155","0","45","864","10","41","0","79","1,832","56","1,990","56,305","154","47,655","85","49","358","693","2,318","25","208","1,050","0","332","49","353","16","107","119","31","1,215","724","6","818"
"        18 and 19 years","77,445","9,448","275","42","7","26","968","30","26","4","560","4","81","200","411","29,056","116","0","0","109","37","94","59","99","130","34","562","63","106","923","29,676","799","3,516","2,256","4","39,634","501","91","502","1,696","2,670","83","112","166","156","345","5,336","4","37,819","16","14","958","14","831","3","1,815","823","3,010","407","5,020","40","744","83","29,984","71","74","145","700","316","0","10","89","93","76","92","105","32,483","5,693","890","4,354","55","1,049","56","340","0","49","428","3","461","5,054","0","998","323","620","153","1,679","234","4,326","106","128","5,027","3,048","167","1,346","43","14","0","468","28","16","14","42","1,503","0","1,399","33,941","7","30,907","91","0","94","322","1,231","91","92","586","0","590","34","327","3","11","111","0","682","506","40","417"
"        20 years","39,706","5,045","32","46","0","17","416","19","37","0","265","0","0","48","257","14,702","38","0","0","25","0","26","0","25","53","0","162","0","30","255","14,803","513","1,638","1,019","0","20,711","304","46","188","754","1,423","100","97","227","136","401","3,242","0","19,897","0","13","589","0","313","0","814","345","1,501","216","2,575","71","508","105","15,059","34","41","40","236","131","0","28","41","90","45","103","7","16,655","3,412","559","2,389","5","635","15","78","0","52","377","0","133","2,625","0","394","165","101","49","848","7","2,382","30","49","2,717","1,528","175","739","25","0","0","110","7","10","0","33","942","0","768","17,299","0","15,314","49","0","104","248","511","46","41","331","0","49","50","97","0","23","7","0","476","137","0","411"
"        21 years","37,878","4,879","57","59","19","0","397","18","0","11","34","11","20","36","473","13,994","71","62","0","91","79","0","0","57","53","0","226","12","7","361","14,355","364","1,963","924","8","18,960","439","14","185","890","1,721","91","114","71","149","153","2,691","0","18,249","21","0","454","0","348","11","711","397","1,898","245","2,637","0","420","30","14,513","71","11","8","376","82","0","35","11","108","10","47","76","15,558","2,715","378","2,261","45","468","67","177","0","111","338","11","65","2,637","0","440","183","361","1","788","72","2,261","7","184","2,688","1,755","114","554","19","3","0","208","0","0","0","59","929","0","554","16,245","19","14,874","79","0","68","164","519","14","89","478","53","60","0","180","11","21","76","0","431","65","11","240"
"        22 to 24 years","108,712","13,933","90","138","169","100","1,107","47","108","54","604","117","26","82","1,043","39,616","189","81","0","179","25","54","45","86","60","44","532","0","7","1,156","40,403","1,274","4,729","2,727","82","57,171","845","128","464","2,123","3,918","211","185","284","316","673","8,469","0","54,897","32","84","1,393","84","1,275","83","2,274","1,008","4,496","721","6,335","108","1,027","79","41,001","151","3","65","682","344","23","16","3","265","48","105","152","46,428","8,891","1,384","5,705","100","1,521","142","578","0","244","683","87","195","6,387","17","1,248","593","787","38","2,343","132","5,686","7","41","7,630","4,114","213","1,249","158","47","63","615","19","0","42","138","2,447","4","1,354","48,280","165","42,157","25","81","174","463","1,754","110","80","938","15","415","52","397","43","114","176","6","1,280","233","0","630"
"        25 to 29 years","186,434","26,787","45","142","65","171","2,029","143","200","0","584","0","160","209","2,076","60,256","232","123","67","142","0","242","45","142","167","23","904","124","176","1,665","61,752","1,768","9,022","3,506","65","103,629","1,427","94","1,011","2,922","8,307","371","394","528","451","1,166","16,162","23","100,659","50","89","2,116","89","967","0","2,970","1,696","8,532","805","12,745","144","1,375","151","61,666","188","372","123","1,287","512","11","43","372","271","60","173","77","84,497","16,607","1,852","11,488","78","2,210","112","225","67","260","863","0","446","12,775","7","1,620","964","1,496","20","2,828","226","11,476","176","216","16,372","8,633","394","3,870","119","28","0","389","12","24","19","142","4,625","11","3,948","87,022","54","63,331","195","123","407","835","1,579","84","226","1,535","19","554","30","497","0","62","117","41","2,006","490","54","878"
"        30 to 34 years","188,987","29,772","175","141","261","100","1,630","119","100","58","712","148","275","269","2,032","58,379","317","189","15","271","31","136","50","198","159","18","1,339","254","86","1,347","59,521","1,339","11,020","3,222","184","105,510","1,093","179","536","2,510","9,541","486","347","427","595","1,094","18,168","96","103,259","16","82","1,549","59","633","77","2,251","1,467","10,169","513","13,239","87","1,514","263","59,657","242","337","194","977","534","0","27","337","220","165","267","216","85,091","18,550","1,518","12,310","151","1,728","154","628","15","200","980","77","776","13,287","30","1,716","853","1,142","125","2,129","209","12,310","86","100","19,327","10,084","370","5,435","244","117","74","936","0","69","117","118","5,105","23","5,613","86,960","238","61,004","100","189","349","733","1,483","179","445","1,150","0","645","48","429","43","62","245","85","2,101","851","127","1,085"
"        35 to 39 years","191,739","28,060","142","65","234","224","1,986","286","244","80","724","105","281","257","1,198","59,514","137","142","26","154","53","113","113","376","165","52","1,524","164","169","1,191","60,465","1,550","10,099","3,388","85","107,027","1,464","169","679","2,664","9,073","517","410","652","742","847","16,892","34","104,789","16","72","1,733","72","505","131","2,238","1,599","9,271","662","14,313","30","1,758","252","60,546","125","145","155","1,311","713","0","20","145","226","124","168","161","87,897","17,263","1,719","13,112","73","1,902","235","198","26","237","1,045","149","816","14,423","64","1,842","800","951","117","2,435","339","13,049","157","107","18,424","9,519","410","5,715","108","101","25","580","63","96","101","65","4,187","37","5,895","89,764","197","61,737","102","142","534","957","1,272","169","356","1,531","0","855","110","565","54","29","188","40","1,823","828","278","1,193"
"        40 to 44 years","205,293","24,480","282","98","118","198","2,118","399","198","43","504","71","340","222","1,083","62,365","322","136","115","76","31","161","89","342","298","50","1,457","42","270","1,264","63,497","1,833","9,110","2,766","100","118,825","2,174","25","701","2,262","8,164","517","444","506","654","572","14,405","25","116,627","50","36","1,991","36","455","18","2,198","1,954","8,635","886","14,042","176","1,602","167","63,254","295","174","28","1,076","298","0","105","186","423","68","142","108","102,222","14,746","1,858","13,156","184","2,016","108","471","95","564","1,304","18","448","14,232","8","2,510","959","1,132","98","1,996","171","13,052","270","134","13,880","8,505","474","4,362","8","175","29","605","104","189","154","98","3,695","24","4,479","104,079","94","64,518","134","105","627","988","1,021","25","489","2,279","3","666","190","594","18","72","108","0","1,974","475","130","1,008"
"        45 to 49 years","201,359","18,355","67","179","131","200","1,725","243","200","39","565","76","145","197","728","60,248","215","47","36","216","0","239","115","293","402","9","837","80","204","1,007","61,076","1,581","6,885","3,028","92","121,517","1,863","82","484","2,463","6,033","401","304","813","429","413","10,661","31","119,203","38","4","1,804","0","596","30","2,314","1,684","6,246","974","11,796","257","1,792","104","61,397","157","50","282","802","478","36","35","68","451","51","200","121","108,542","11,076","1,663","11,071","90","1,886","172","213","36","292","1,314","39","581","11,873","9","2,152","1,088","828","7","2,232","245","11,057","204","238","9,829","6,380","304","3,693","199","35","30","505","14","201","35","175","2,540","9","3,803","110,441","122","62,404","238","47","583","1,184","1,328","82","299","1,948","17","438","77","696","30","17","135","9","1,580","639","51","1,096"
"        50 to 54 years","190,760","13,186","215","73","159","188","1,522","144","222","67","600","67","146","204","588","54,790","101","19","85","159","9","238","95","268","358","51","468","37","328","793","55,295","1,664","4,364","2,294","75","120,896","1,204","48","307","1,694","3,709","217","348","538","268","542","8,170","0","119,262","11","91","1,880","91","499","65","1,634","1,476","3,965","912","9,717","86","1,595","324","55,592","86","79","55","530","348","40","117","79","433","57","253","93","111,092","8,605","1,697","9,254","47","1,928","85","256","85","293","1,247","84","384","9,784","19","1,834","851","505","26","1,809","173","9,244","320","163","6,074","3,955","379","2,660","159","129","0","409","10","201","62","73","2,058","29","2,834","112,291","130","56,385","126","19","638","1,074","1,090","33","263","1,254","23","229","67","606","53","157","127","0","1,465","399","68","989"
"        55 to 59 years","158,039","8,447","29","0","118","190","1,824","28","207","25","177","54","154","49","258","43,561","176","79","32","126","42","65","170","95","437","0","487","53","174","396","43,877","1,056","2,875","1,517","109","102,863","1,047","89","235","1,340","2,418","200","221","537","220","124","5,350","53","101,704","20","16","1,160","16","134","9","1,159","1,788","2,709","838","7,930","260","1,533","164","44,009","131","65","17","457","237","16","34","65","532","0","163","0","96,354","5,486","1,145","7,542","22","1,249","56","291","23","499","1,296","9","121","7,999","0","1,864","745","316","16","1,220","149","7,505","147","103","3,199","2,503","262","1,998","126","19","29","372","37","245","19","0","1,144","29","2,147","97,377","89","44,405","77","79","567","1,057","528","89","213","1,055","18","253","69","681","9","126","0","28","856","166","55","852"
"        60 and 61 years","55,656","2,172","54","0","53","50","242","31","50","33","147","33","165","70","127","15,519","0","0","0","79","0","64","0","59","161","0","87","14","22","147","15,611","343","434","564","20","37,041","369","36","102","417","193","91","92","149","108","0","1,721","12","36,686","0","0","343","0","34","33","355","242","275","232","2,380","12","511","59","15,647","0","0","29","175","47","20","36","0","256","28","80","0","34,965","1,804","379","2,212","0","379","41","82","0","134","464","33","159","2,387","0","457","160","92","38","405","19","2,212","12","87","728","314","105","566","79","49","0","120","0","85","49","0","369","0","622","35,237","53","15,794","87","0","265","369","183","36","169","376","13","10","7","275","33","17","0","0","312","159","32","236"
"        62 to 64 years","76,759","3,009","30","24","118","29","397","0","29","96","65","110","92","30","57","19,239","45","0","13","32","18","143","41","11","168","19","37","0","7","325","19,519","831","589","484","18","53,053","576","76","32","419","377","51","109","128","63","45","2,204","17","52,773","0","24","901","0","53","100","280","366","459","291","3,294","18","502","51","19,395","45","0","25","170","83","0","0","0","195","0","56","0","50,569","2,234","907","3,146","27","977","27","82","13","175","419","100","130","3,316","0","689","394","280","20","309","83","3,146","7","12","995","410","109","828","32","0","14","179","0","168","0","0","195","0","881","50,819","118","19,720","0","0","222","343","201","76","98","658","13","188","22","278","100","42","0","0","424","130","75","224"
"        65 and 66 years","45,085","1,579","56","27","11","6","156","64","25","0","38","0","14","0","19","10,952","20","24","0","30","52","3","0","15","96","0","166","0","7","112","11,048","236","390","360","11","31,597","346","38","37","322","238","42","106","137","42","10","1,188","0","31,326","0","0","267","0","77","0","271","149","376","171","1,928","53","371","6","11,056","20","0","0","107","48","11","0","0","135","2","0","0","30,138","1,224","274","1,821","20","293","6","138","0","13","323","0","14","1,928","0","446","299","96","0","326","19","1,821","7","7","446","240","124","730","30","7","0","150","0","48","7","27","259","0","808","30,373","11","11,168","7","24","132","228","120","26","26","361","13","27","0","154","0","0","7","0","181","14","12","217"
"        67 to 69 years","53,710","1,616","0","0","0","29","423","70","29","0","23","0","114","0","45","12,085","10","0","12","33","0","37","0","29","103","0","12","0","9","66","12,151","243","495","229","0","38,426","406","5","38","206","404","76","146","93","103","22","1,106","0","38,285","0","0","278","0","0","0","141","423","448","136","2,576","21","239","23","12,136","10","0","0","103","29","0","0","0","107","0","0","0","37,179","1,129","248","2,484","10","283","18","44","12","25","210","0","47","2,587","0","249","115","66","59","172","6","2,473","9","49","365","404","146","854","33","0","0","91","11","43","0","0","225","0","900","37,297","0","12,202","49","0","80","180","51","5","124","415","0","76","11","113","0","14","0","0","474","47","47","126"
"        70 to 74 years","64,111","1,913","53","16","5","58","471","54","58","0","52","0","0","22","89","13,308","23","0","25","27","0","39","54","0","202","13","85","0","0","276","13,554","462","571","306","5","47,280","434","42","33","254","483","44","51","134","44","0","1,132","0","47,048","0","11","469","11","20","0","232","450","527","261","2,509","0","426","29","13,373","23","14","0","73","16","5","1","21","240","0","0","0","45,916","1,168","504","2,436","23","511","18","44","25","28","410","0","44","2,509","0","313","159","246","8","239","0","2,436","0","16","517","505","62","764","27","0","0","66","0","39","0","16","228","0","800","46,112","5","13,649","16","0","191","337","95","42","0","434","52","127","0","240","0","1","0","0","359","44","22","186"
"        75 to 79 years","41,175","1,217","11","110","18","37","313","123","37","16","6","16","29","2","0","7,869","0","0","0","0","0","24","46","0","0","0","2","0","0","223","8,088","299","206","301","0","31,244","248","28","0","295","138","37","33","242","37","38","846","8","30,992","0","0","299","0","8","18","252","298","182","254","1,586","9","277","27","7,922","0","0","22","0","8","0","0","0","0","0","6","0","30,146","848","327","1,586","0","327","0","44","0","41","269","18","24","1,586","0","232","102","219","23","277","8","1,586","0","61","318","144","33","365","0","0","0","62","0","0","0","110","169","0","365","30,396","18","8,145","61","0","71","227","57","28","29","248","68","52","0","8","16","53","0","0","137","24","0","269"
"        80 to 84 years","23,892","643","0","0","18","0","258","0","0","6","22","6","0","0","0","4,412","15","0","0","0","0","0","5","0","49","0","0","9","25","45","4,450","89","75","213","6","18,249","173","22","7","191","60","85","54","104","91","5","515","0","18,089","0","0","122","0","34","12","160","258","60","150","1,040","14","184","7","4,486","15","0","0","53","7","0","22","0","58","0","8","0","17,574","515","111","1,010","15","144","25","0","0","0","177","12","15","1,063","12","39","5","38","0","183","0","1,002","0","0","221","75","54","296","0","0","0","0","8","12","0","0","22","0","338","17,734","18","4,531","0","0","92","160","81","22","0","179","0","0","23","58","0","0","0","0","197","15","15","126"
"        85 years and over","17,026","406","12","0","0","0","32","0","0","0","0","0","0","0","0","2,426","17","0","0","0","0","6","0","0","0","0","0","0","0","19","2,445","179","15","165","0","14,199","34","26","15","165","0","0","0","118","0","0","387","0","14,049","0","18","179","18","0","0","150","32","0","179","382","0","135","0","2,458","17","9","15","15","0","0","17","9","0","0","0","0","13,662","387","205","367","17","205","0","0","0","13","135","0","15","382","0","66","41","19","0","133","0","367","0","0","66","0","0","69","0","0","0","15","0","0","0","0","0","0","69","13,812","0","2,477","0","0","26","43","32","26","0","34","0","0","0","0","0","0","0","0","52","15","0","135"
"    Female:","2,848,968","274,204","1,560","1,241","3,501","2,305","27,554","3,424","2,845","1,067","11,211","1,529","3,874","3,852","10,885","967,893","6,487","1,624","633","2,740","538","2,188","833","3,426","4,155","687","13,772","1,176","2,381","20,238","983,385","23,073","93,323","65,994","2,389","1,608,742","20,407","2,051","11,935","54,783","75,576","7,342","4,092","7,260","11,081","9,529","168,343","509","1,556,243","990","770","26,886","676","22,852","917","52,499","24,216","83,787","10,224","167,733","2,133","24,675","3,733","1,001,164","5,639","2,102","2,327","19,697","5,399","648","1,300","2,250","5,021","858","3,209","1,096","1,387,900","176,384","24,904","150,602","3,553","28,815","2,827","8,211","537","4,247","19,276","1,112","8,688","170,299","785","28,516","14,324","15,492","1,512","50,819","2,824","150,039","2,327","3,394","150,002","81,715","4,639","44,916","1,974","1,342","401","11,608","563","1,633","1,126","1,132","42,294","593","47,575","1,432,358","2,908","1,021,402","2,659","1,507","8,517","15,618","38,017","1,787","6,414","22,026","496","8,441","2,566","7,845","583","888","1,345","542","26,961","9,536","1,591","16,830"
"        Under 5 years","182,299","32,229","77","139","378","39","1,925","83","96","75","2,337","156","98","581","1,514","61,619","868","200","43","161","44","248","3","223","116","34","1,422","130","108","2,468","63,219","1,253","10,751","10,528","292","98,297","1,028","147","2,513","8,191","8,628","262","253","357","926","922","19,345","0","89,233","189","70","1,784","47","4,661","60","9,064","1,093","9,496","777","12,142","157","1,701","134","67,332","806","356","345","3,581","624","56","214","365","185","133","440","87","69,888","20,998","1,382","9,266","506","1,931","576","868","43","378","1,077","86","1,193","12,847","142","2,260","1,218","1,600","156","8,467","286","9,259","108","136","20,420","9,808","405","3,651","63","201","74","943","7","12","75","116","4,576","241","3,948","77,299","137","69,800","91","200","444","969","6,581","129","505","1,342","3","706","705","471","71","52","133","116","2,591","1,255","124","1,230"
"        5 to 9 years","194,526","31,077","44","70","305","139","1,563","185","191","65","1,716","91","202","584","1,634","63,790","767","103","102","89","17","166","82","270","247","9","1,376","72","245","2,498","65,401","1,933","11,232","8,839","228","106,664","1,290","52","1,746","7,123","8,765","381","193","417","781","1,091","18,333","18","99,314","147","93","2,603","73","3,724","77","7,350","854","9,771","830","12,720","126","2,059","183","68,474","620","315","475","2,687","923","22","167","337","286","117","216","159","80,981","19,538","1,985","10,255","371","2,655","526","1,006","88","186","1,136","77","1,314","12,942","179","1,543","696","1,611","93","6,758","583","10,186","245","254","20,188","9,755","236","3,711","35","42","12","1,477","69","69","35","50","4,574","0","4,071","87,126","305","70,972","94","95","531","1,020","5,571","52","572","1,411","85","962","222","869","10","0","258","123","2,070","1,461","138","1,190"
"        10 to 14 years","201,957","27,048","84","43","318","112","1,565","202","271","61","1,346","81","193","634","775","73,383","654","157","9","188","127","62","68","78","296","9","1,124","49","255","1,566","74,451","2,020","9,676","8,183","255","106,794","1,420","170","1,092","6,837","7,773","210","386","529","750","1,143","16,501","48","99,920","116","73","2,368","73","4,030","47","6,874","1,450","8,495","797","11,883","96","1,996","343","78,419","555","314","288","1,889","577","108","49","344","311","59","395","105","83,419","17,517","2,181","10,254","279","2,538","194","722","9","149","1,419","63","1,082","12,143","43","1,467","846","1,068","91","6,447","280","10,190","255","343","16,862","8,618","487","2,601","20","71","11","1,058","64","85","65","28","3,755","23","2,921","89,277","295","79,985","205","101","643","1,118","5,534","161","381","1,506","0","882","260","591","14","77","137","24","2,641","1,181","101","1,405"
"        15 to 17 years","117,761","13,229","155","94","192","121","1,135","167","134","39","704","44","34","256","284","43,991","247","67","56","75","42","78","0","107","122","14","738","36","17","1,345","44,983","967","4,725","3,958","116","62,053","824","42","584","3,254","3,935","114","223","358","301","286","7,425","6","58,645","74","109","1,157","109","1,956","62","3,408","1,028","4,200","319","6,467","31","1,047","112","46,064","230","0","76","1,005","233","41","26","17","210","72","229","117","51,220","7,964","986","5,558","43","1,199","77","265","37","252","814","76","508","6,563","47","1,055","469","992","41","3,203","131","5,530","17","297","8,018","4,306","242","1,376","37","43","5","419","28","31","33","94","1,766","29","1,441","54,089","163","47,409","195","67","301","535","2,426","19","143","1,014","0","525","96","341","17","41","125","22","1,179","525","104","706"
"        18 and 19 years","72,396","8,090","0","30","57","89","728","91","89","0","409","0","80","125","464","28,965","292","59","48","44","9","27","15","142","32","19","431","0","77","735","29,486","474","2,861","2,541","57","36,168","501","136","438","2,132","2,392","174","94","149","402","216","4,694","47","34,040","37","25","622","25","1,150","0","2,128","685","2,578","287","4,225","178","733","96","30,409","244","15","12","732","177","34","41","15","143","49","37","36","29,346","5,022","552","3,534","133","739","125","186","48","171","556","0","235","4,266","10","1,064","502","521","56","2,014","74","3,534","77","90","4,344","2,596","126","884","11","31","0","265","0","0","31","30","1,239","0","982","31,146","57","31,144","16","28","150","258","1,658","78","149","706","11","211","41","217","0","19","36","13","855","283","49","516"
"        20 years","36,739","3,956","0","0","211","8","257","8","8","0","131","38","35","48","135","14,381","197","69","25","87","0","6","0","0","70","39","165","16","51","376","14,685","292","1,666","1,283","95","18,151","230","0","199","1,152","1,335","89","107","125","161","203","2,165","37","17,131","0","0","327","0","490","116","1,020","241","1,547","107","2,217","21","427","98","15,157","126","62","0","352","58","50","0","62","63","0","36","0","14,966","2,296","292","1,893","81","327","76","212","0","48","369","116","48","2,245","120","178","91","304","2","1,038","21","1,893","51","0","2,433","1,394","114","592","44","0","38","272","0","0","0","0","563","0","639","15,855","211","15,533","0","69","140","348","848","0","70","240","0","189","28","84","0","30","0","0","459","119","0","343"
"        21 years","35,577","4,164","36","6","43","0","605","55","0","9","194","9","0","17","98","15,082","47","27","25","24","9","28","9","253","15","24","150","35","10","348","15,332","259","1,687","866","43","16,637","217","105","209","672","1,388","17","17","40","121","203","2,251","0","16,042","0","0","358","0","286","0","595","587","1,499","46","1,994","0","224","0","15,478","47","14","101","363","97","0","0","14","47","0","22","32","13,791","2,339","305","1,710","31","404","60","111","0","33","127","0","188","2,073","0","401","70","250","0","631","81","1,710","10","70","2,705","1,480","17","383","0","0","0","207","0","15","0","6","563","31","408","14,298","12","15,826","70","27","73","80","494","46","79","235","0","223","79","128","0","0","41","12","160","188","70","96"
"        22 to 24 years","110,401","11,517","41","56","105","135","882","130","184","18","526","85","98","176","459","43,336","260","106","0","34","41","52","27","202","158","0","675","120","92","1,256","44,247","822","3,863","2,965","45","56,151","908","145","654","2,439","3,257","48","333","286","456","371","6,673","0","53,742","0","44","1,072","44","1,054","60","2,409","738","3,559","234","6,379","28","1,086","218","44,715","215","35","46","924","202","17","24","35","179","14","77","79","47,069","7,074","967","5,526","196","1,217","148","302","0","133","884","60","259","6,450","20","1,009","550","911","14","2,446","123","5,499","92","219","6,335","3,499","352","1,519","28","15","67","364","27","52","15","56","1,832","0","1,555","49,077","105","45,971","174","106","499","767","1,724","145","160","1,012","84","561","71","302","40","37","79","0","1,158","304","23","784"
"        25 to 29 years","193,753","21,438","88","152","324","165","2,051","216","283","150","662","200","308","228","1,173","70,628","320","257","25","236","77","150","97","160","149","0","933","25","157","1,266","71,708","1,725","7,632","4,146","175","101,110","1,353","195","856","3,484","6,437","644","139","589","957","1,060","13,095","75","97,889","87","87","1,947","71","1,272","133","3,221","1,736","7,155","854","13,687","239","1,360","199","72,641","311","198","145","1,509","263","0","0","198","193","20","293","85","84,794","13,605","1,893","12,408","113","2,142","268","718","25","256","1,097","149","468","13,917","71","1,970","982","1,080","117","3,358","105","12,365","157","295","12,049","6,751","158","4,420","89","121","50","881","43","37","121","136","3,700","16","4,693","87,505","308","73,907","295","257","533","918","2,199","168","511","1,410","21","438","230","298","120","33","113","0","1,938","477","75","1,062"
"        30 to 34 years","205,841","24,762","126","156","279","198","1,958","175","237","183","716","183","361","216","1,112","75,194","364","172","17","265","84","135","64","441","435","181","1,873","254","170","1,623","76,547","1,558","8,018","4,134","215","105,698","1,742","72","831","3,418","7,063","696","525","604","887","1,105","15,274","93","102,674","49","35","1,807","21","1,014","54","3,024","1,568","7,419","565","15,500","196","2,047","341","77,065","261","405","165","1,430","597","97","48","405","448","54","281","155","87,400","15,762","1,619","14,258","122","1,879","239","356","17","265","1,450","64","496","15,688","26","2,456","1,218","1,353","146","3,274","297","14,209","159","253","13,741","7,468","540","5,685","219","101","0","550","49","40","101","142","4,800","25","5,850","89,936","254","78,688","253","150","586","1,215","2,141","61","576","1,776","50","576","188","745","41","17","155","6","2,347","599","61","1,302"
"        35 to 39 years","209,330","26,469","305","78","329","167","2,002","364","167","100","583","118","581","146","977","74,889","605","141","56","224","0","200","103","277","330","68","1,453","109","429","1,304","75,996","2,041","8,527","3,792","238","108,306","2,220","183","621","3,209","7,141","816","316","561","963","1,088","17,066","40","105,479","133","29","2,299","24","835","72","2,827","1,755","7,936","720","16,132","232","2,286","259","76,602","590","193","55","1,217","646","39","101","193","448","156","329","99","88,413","17,407","2,209","15,175","439","2,482","117","795","43","442","1,640","91","576","16,392","26","2,955","1,287","1,107","208","2,611","413","15,035","429","195","14,554","7,486","329","5,486","147","177","16","1,041","140","197","177","73","4,329","30","5,680","90,899","299","77,906","138","141","642","1,181","1,910","168","743","2,361","54","866","260","861","20","11","126","59","2,550","591","217","1,425"
"        40 to 44 years","220,012","19,471","54","63","155","332","2,529","203","332","14","531","48","446","297","655","79,104","566","87","43","236","0","154","173","259","416","28","954","82","239","1,167","80,116","2,471","6,750","2,951","106","117,753","2,147","58","530","2,420","5,630","1,123","317","454","1,264","681","12,155","15","115,452","43","82","2,662","82","457","39","2,301","2,458","6,072","993","15,528","52","1,678","215","80,388","503","53","192","778","228","28","203","85","402","37","208","45","103,297","12,547","2,529","14,860","435","2,711","51","442","43","543","1,450","49","615","15,638","6","2,691","1,316","1,012","231","1,770","110","14,837","239","312","9,646","6,003","342","3,941","209","254","25","747","23","228","243","63","2,806","28","4,057","105,206","127","81,555","288","87","583","1,209","1,439","49","488","2,271","21","627","110","512","39","49","45","15","2,154","678","71","1,166"
"        45 to 49 years","212,757","15,716","187","115","223","94","2,359","313","131","78","350","146","322","129","674","73,818","410","85","58","314","39","57","67","215","533","0","764","64","160","1,228","74,878","1,755","5,433","2,847","115","119,794","1,926","158","530","2,497","4,154","680","222","323","778","389","9,915","42","117,838","56","21","1,869","21","539","37","1,956","2,177","4,889","834","12,223","261","1,851","396","75,185","348","42","198","883","285","52","142","42","618","0","80","52","107,923","10,144","1,913","11,439","259","2,014","16","735","58","505","1,566","108","482","12,322","31","2,426","1,070","1,060","96","1,955","140","11,413","128","278","7,407","4,386","228","2,739","309","121","56","1,047","26","262","87","115","2,284","71","2,946","109,650","152","76,413","239","85","634","1,293","1,535","145","451","1,962","69","533","99","758","89","78","52","60","1,873","544","155","1,093"
"        50 to 54 years","203,411","11,619","99","43","212","86","2,372","217","86","79","348","89","231","116","376","67,387","304","15","38","260","0","230","14","232","389","174","956","89","99","664","67,942","1,853","4,047","2,726","182","121,035","1,207","115","391","2,378","3,169","510","330","709","622","358","7,428","22","118,959","18","19","1,955","3","525","30","2,076","2,372","3,691","747","10,221","215","1,714","311","68,458","224","49","35","726","185","39","98","78","404","35","283","38","111,531","7,717","1,968","9,595","121","2,048","52","522","38","253","1,529","30","276","10,321","42","2,305","1,374","555","84","2,146","64","9,540","99","119","4,355","3,331","353","2,085","260","51","10","716","55","136","29","27","2,279","67","2,177","113,318","145","69,122","119","15","755","1,397","1,180","93","482","1,226","0","266","100","468","18","282","38","68","1,190","356","90","1,246"
"        55 to 59 years","176,431","7,371","92","24","82","120","2,024","311","120","55","131","63","223","94","70","56,944","143","12","8","105","31","104","13","158","280","53","373","11","38","640","57,499","1,267","2,476","1,842","52","107,679","1,141","138","166","1,711","1,923","605","316","564","640","40","4,755","36","106,471","9","49","1,381","49","241","30","1,208","1,987","2,211","397","8,372","51","1,489","324","57,704","130","23","43","361","19","45","32","23","348","74","98","7","101,716","4,867","1,405","8,023","76","1,519","69","288","8","335","1,470","30","252","8,384","9","1,504","817","555","26","1,447","7","8,023","27","105","2,648","1,969","329","1,644","105","114","0","507","0","124","114","24","927","7","1,762","102,812","75","58,344","105","12","727","1,187","845","138","354","1,165","22","397","12","355","21","26","7","0","1,153","265","41","1,134"
"        60 and 61 years","63,038","2,881","20","0","63","118","490","49","118","8","117","32","79","44","19","19,425","51","15","11","40","0","40","17","102","103","0","83","10","0","333","19,728","323","1,035","805","42","39,544","318","21","98","688","739","85","98","213","85","203","1,654","0","39,057","17","0","450","0","57","21","487","490","858","169","2,621","34","555","116","19,720","51","19","32","250","97","0","0","19","130","17","24","0","37,403","1,745","344","2,394","34","471","69","119","11","62","458","21","177","2,644","13","657","406","303","0","577","45","2,371","0","79","834","800","98","632","40","0","24","235","23","61","0","0","388","0","668","37,799","63","20,053","79","15","176","332","325","21","128","384","33","188","23","175","8","0","0","24","493","177","66","380"
"        62 to 64 years","87,728","2,969","14","9","44","86","571","115","86","39","110","39","218","19","62","25,510","119","0","19","113","18","106","17","65","181","11","132","28","113","442","25,877","541","939","840","44","56,784","668","24","48","730","452","191","68","177","252","47","2,020","0","56,359","15","0","596","0","77","0","425","553","766","263","3,976","32","615","107","25,854","119","0","34","324","49","5","44","0","181","21","56","0","54,339","2,034","565","3,685","76","620","90","314","19","33","566","0","173","4,009","0","382","191","367","30","548","20","3,685","113","68","1,087","521","86","970","113","0","0","418","0","161","0","9","440","0","1,043","54,750","44","26,296","40","0","392","565","419","24","236","682","0","90","33","201","0","40","0","0","431","173","99","414"
"        65 and 66 years","51,899","2,219","0","58","21","70","265","164","70","7","146","7","59","46","70","13,892","83","12","32","64","0","71","23","135","21","0","16","10","0","316","14,107","214","464","528","14","35,260","220","123","37","382","292","111","75","75","111","34","1,541","13","34,881","0","11","234","11","138","7","379","250","361","262","2,083","23","267","86","14,104","69","0","0","114","65","0","10","0","21","0","0","0","33,340","1,642","337","1,978","69","357","20","69","32","71","202","7","89","2,092","0","608","318","215","38","356","16","1,969","0","6","433","333","75","673","64","0","0","131","9","11","0","58","321","0","678","33,618","21","14,420","6","12","131","222","313","123","59","220","0","52","9","37","7","0","0","0","405","103","43","230"
"        67 to 69 years","62,706","1,918","0","76","50","0","479","80","16","25","30","25","142","15","78","16,828","108","0","0","133","0","9","0","0","42","0","81","11","34","193","17,021","246","464","538","32","42,773","323","0","118","508","313","138","18","122","158","0","1,365","0","42,391","0","23","255","23","26","18","382","479","385","164","2,442","43","375","60","17,055","108","0","26","181","47","9","29","9","75","0","0","0","41,026","1,395","246","2,261","99","255","0","72","0","0","328","18","79","2,442","0","183","101","193","39","351","17","2,261","34","0","583","313","35","585","133","0","0","151","0","42","0","76","308","0","623","41,378","50","17,248","0","0","108","228","227","0","157","331","0","89","0","92","18","36","0","0","450","79","38","283"
"        70 to 74 years","78,636","2,198","41","24","81","153","819","68","153","49","53","49","43","55","148","20,014","39","31","18","39","0","39","6","0","145","0","37","25","71","75","20,089","611","529","628","43","54,616","462","100","112","575","388","116","22","149","130","68","1,682","0","54,131","0","0","646","0","130","38","485","746","436","156","3,321","83","426","46","20,255","39","0","0","199","0","6","0","0","192","0","89","0","52,449","1,723","711","3,122","31","746","28","48","18","76","426","38","93","3,321","0","679","441","75","12","496","0","3,122","71","132","460","441","47","488","39","0","0","88","0","59","0","24","435","12","543","52,893","69","20,330","132","31","182","339","241","100","43","462","43","5","0","192","24","45","0","0","361","93","26","234"
"        75 to 79 years","53,416","1,925","85","5","0","21","531","170","21","0","8","0","23","3","68","12,294","37","0","0","9","0","33","27","0","49","24","16","0","16","195","12,484","153","232","455","0","38,818","177","23","28","447","209","241","30","292","245","12","1,507","11","38,390","0","0","180","0","68","0","428","531","213","318","1,793","19","453","11","12,421","37","9","16","32","11","0","47","9","102","0","0","0","36,883","1,510","176","1,761","33","203","0","4","0","11","442","0","19","1,793","0","283","126","190","15","399","11","1,761","16","31","607","217","30","492","9","0","0","15","0","0","0","5","266","0","496","37,308","0","12,616","8","0","156","278","132","23","23","177","0","11","0","113","0","0","0","0","289","19","0","340"
"        80 to 84 years","38,859","985","12","0","0","39","201","0","39","0","16","0","60","0","31","8,930","6","0","0","0","0","120","0","95","26","0","0","0","0","94","9,018","238","204","259","0","28,698","44","14","100","243","135","11","10","67","11","9","746","6","28,465","0","0","257","0","60","0","233","201","185","167","1,006","0","106","7","9,016","6","0","19","100","16","0","0","0","26","0","0","0","27,719","762","252","906","6","271","0","50","0","23","90","0","19","1,006","0","299","169","88","0","234","0","906","0","35","187","135","10","200","0","0","0","69","0","11","0","0","40","0","200","27,936","0","9,110","35","0","52","67","92","14","66","92","0","37","0","26","0","15","0","0","118","19","0","80"
"        85 years and over","39,495","953","0","0","29","13","243","58","13","13","47","26","38","23","9","8,489","0","9","0","0","0","73","8","12","0","0","20","0","0","106","8,571","57","112","340","0","29,959","41","30","34","293","58","80","0","100","80","0","753","0","29,740","0","0","57","0","62","16","219","237","65","218","801","16","180","71","8,648","0","0","24","60","0","0","25","0","9","0","16","0","28,987","776","87","741","0","87","26","7","0","22","180","29","47","801","0","141","66","82","17","293","0","741","0","77","106","105","0","159","0","0","13","7","0","0","0","0","103","13","194","29,183","16","8,754","77","9","79","92","183","30","38","41","0","7","0","9","26","0","0","0","96","47","0","171"