"Label (Grouping)","Washington-Arlington-Alexandria, DC-VA-MD-WV Metro Area!!Total population!!Estimate","Washington-Arlington-Alexandria, DC-VA-MD-WV Metro Area!!Hispanic or Latino (of any race) (200-299)!!Estimate","Washington-Arlington-Alexandria, DC-VA-MD-WV Metro Area!!Pakistani alone (445)!!Estimate","Washington-Arlington-Alexandria, DC-VA-MD-WV Metro Area!!Native Hawaiian and Other Pacific Islander alone or in combination with one or more other races, Hispanic or Latino!!Estimate","Washington-Arlington-Alexandria, DC-VA-MD-WV Metro Area!!Asian Indian alone (400-401)!!Estimate","Washington-Arlington-Alexandria, DC-VA-MD-WV Metro Area!!Malaysian alone (443)!!Estimate","Washington-Arlington-Alexandria, DC-VA-MD-WV Metro Area!!Filipino alone (420-421)!!Estimate","Washington-Arlington-Alexandria, DC-VA-MD-WV Metro Area!!Japanese alone (430-439)!!Estimate","Washington-Arlington-Alexandria, DC-VA-MD-WV Metro Area!!Nicaraguan (224)!!Estimate","Washington-Arlington-Alexandria, DC-VA-MD-WV Metro Area!!Colombian (234)!!Estimate","Washington-Arlington-Alexandria, DC-VA-MD-WV Metro Area!!Paraguayan (236)!!Estimate","Washington-Arlington-Alexandria, DC-VA-MD-WV Metro Area!!Mexican American Indian tribal grouping alone (V84-W66)!!Estimate","Washington-Arlington-Alexandria, DC-VA-MD-WV Metro Area!!Guamanian or Chamorro alone or in any combination (520-522) & (100-299) or (300, A01-Z99) or (400-999)!!Estimate","Washington-Arlington-Alexandria, DC-VA-MD-WV Metro Area!!White; Some other race!!Estimate","Washington-Arlington-Alexandria, DC-VA-MD-WV Metro Area!!Costa Rican (221)!!Estimate","Washington-Arlington-Alexandria, DC-VA-MD-WV Metro Area!!American Indian alone or in any combination!!Estimate","Washington-Arlington-Alexandria, DC-VA-MD-WV Metro Area!!Asian alone or in combination with one or more other races  (400-499) & (100-299) or (300, A01-Z99) or (400-999)!!Estimate","Washington-Arlington-Alexandria, DC-VA-MD-WV Metro Area!!Malaysian alone or in any combination (443) & (100-299) or (300, A01-Z99) or (400-999)!!Estimate","Washington-Arlington-Alexandria, DC-VA-MD-WV Metro Area!!Some other race alone or in combination with one or more other races, not Hispanic or Latino!!Estimate","Washington-Arlington-Alexandria, DC-VA-MD-WV Metro Area!!Vietnamese alone or in any combination (450-459) & (100-299) or (300, A01-Z99) or (400-999)!!Estimate","Washington-Arlington-Alexandria, DC-VA-MD-WV Metro Area!!American Indian and Alaska Native alone, Hispanic or Latino!!Estimate","Washington-Arlington-Alexandria, DC-VA-MD-WV Metro Area!!White in combination with one or more other races!!Estimate","Washington-Arlington-Alexandria, DC-VA-MD-WV Metro Area!!Black or African American alone!!Estimate","Washington-Arlington-Alexandria, DC-VA-MD-WV Metro Area!!Indonesian alone or in any combination (423-429) & (100-299) or (300, A01-Z99) or (400-999)!!Estimate","Washington-Arlington-Alexandria, DC-VA-MD-WV Metro Area!!Creek tribal grouping alone or in any combination (C64-C80) & (100-299) or (300, A01-Z99) or (400-999)!!Estimate","Washington-Arlington-Alexandria, DC-VA-MD-WV Metro Area!!Salvadoran (226)!!Estimate","Washington-Arlington-Alexandria, DC-VA-MD-WV Metro Area!!Mexican American Indian tribal grouping alone or in any combination (V84-W66) & (100-299) or (300, A01-Z99) or (400-999)!!Estimate","Washington-Arlington-Alexandria, DC-VA-MD-WV Metro Area!!Eastern Tribes tribal grouping alone or in any combination (D20-D26, D28-D41) & (100-299) or (300, A01-Z99) or (400-999)!!Estimate","Washington-Arlington-Alexandria, DC-VA-MD-WV Metro Area!!Black or African American alone or in combination with one or more other races!!Estimate","Washington-Arlington-Alexandria, DC-VA-MD-WV Metro Area!!Burmese alone (404)!!Estimate","Washington-Arlington-Alexandria, DC-VA-MD-WV Metro Area!!Bolivian (232)!!Estimate","Washington-Arlington-Alexandria, DC-VA-MD-WV Metro Area!!Asian alone or in combination with one or more other races, not Hispanic or Latino!!Estimate","Washington-Arlington-Alexandria, DC-VA-MD-WV Metro Area!!Some Other Race alone, Hispanic or Latino!!Estimate","Washington-Arlington-Alexandria, DC-VA-MD-WV Metro Area!!Thai alone (447-449)!!Estimate","Washington-Arlington-Alexandria, DC-VA-MD-WV Metro Area!!Taiwanese alone (412-419)!!Estimate","Washington-Arlington-Alexandria, DC-VA-MD-WV Metro Area!!Panamanian (225)!!Estimate","Washington-Arlington-Alexandria, DC-VA-MD-WV Metro Area!!Laotian alone (442)!!Estimate","Washington-Arlington-Alexandria, DC-VA-MD-WV Metro Area!!Some other race alone!!Estimate","Washington-Arlington-Alexandria, DC-VA-MD-WV Metro Area!!Cherokee tribal grouping alone or in any combination (B21-B39) & (100-299) or (300, A01-Z99) or (400-999)!!Estimate","Washington-Arlington-Alexandria, DC-VA-MD-WV Metro Area!!South American (231-249)!!Estimate","Washington-Arlington-Alexandria, DC-VA-MD-WV Metro Area!!Korean alone (440-441)!!Estimate","Washington-Arlington-Alexandria, DC-VA-MD-WV Metro Area!!White alone or in combination with one or more other races!!Estimate","Washington-Arlington-Alexandria, DC-VA-MD-WV Metro Area!!White; American Indian and Alaska Native; Asian!!Estimate","Washington-Arlington-Alexandria, DC-VA-MD-WV Metro Area!!White alone, Hispanic or Latino!!Estimate","Washington-Arlington-Alexandria, DC-VA-MD-WV Metro Area!!American Indian and Alaska Native alone or in combination with one or more other races (300, A01-Z99) & (100-299) or (300, A01-Z99) or (400-999)!!Estimate","Washington-Arlington-Alexandria, DC-VA-MD-WV Metro Area!!Laotian alone or in any combination (442) & (100-299) or (300, A01-Z99) or (400-999)!!Estimate","Washington-Arlington-Alexandria, DC-VA-MD-WV Metro Area!!Black or African American; Native Hawaiian and Other Pacific Islander!!Estimate","Washington-Arlington-Alexandria, DC-VA-MD-WV Metro Area!!Venezuelan (239)!!Estimate","Washington-Arlington-Alexandria, DC-VA-MD-WV Metro Area!!Native Hawaiian and Other Pacific Islander alone, not Hispanic or Latino!!Estimate","Washington-Arlington-Alexandria, DC-VA-MD-WV Metro Area!!Native Hawaiian and Other Pacific Islander in combination with one or more other races!!Estimate","Washington-Arlington-Alexandria, DC-VA-MD-WV Metro Area!!Chinese (except Taiwanese) alone or in any combination (410-411) & (100-299) or (300, A01-Z99) or (400-999)!!Estimate","Washington-Arlington-Alexandria, DC-VA-MD-WV Metro Area!!Mongolian alone or in any combination (465) & (100-299) or (300, A01-Z99) or (400-999)!!Estimate","Washington-Arlington-Alexandria, DC-VA-MD-WV Metro Area!!White; Native Hawaiian and Other Pacific Islander!!Estimate","Washington-Arlington-Alexandria, DC-VA-MD-WV Metro Area!!Micronesian alone (520-529, 531-541)!!Estimate","Washington-Arlington-Alexandria, DC-VA-MD-WV Metro Area!!Samoan alone or in any combination (510-511) & (100-299) or (300, A01-Z99) or (400-999)!!Estimate","Washington-Arlington-Alexandria, DC-VA-MD-WV Metro Area!!White; Black or African American!!Estimate","Washington-Arlington-Alexandria, DC-VA-MD-WV Metro Area!!Uruguayan (238)!!Estimate","Washington-Arlington-Alexandria, DC-VA-MD-WV Metro Area!!Black or African American alone or in combination with one or more other races, Hispanic or Latino!!Estimate","Washington-Arlington-Alexandria, DC-VA-MD-WV Metro Area!!Asian alone, not Hispanic or Latino!!Estimate","Washington-Arlington-Alexandria, DC-VA-MD-WV Metro Area!!Micronesian alone or in any combination (520-529, 531-541) & (100-299) or (300, A01-Z99) or (400-999)!!Estimate","Washington-Arlington-Alexandria, DC-VA-MD-WV Metro Area!!Two or More Races, Hispanic or Latino!!Estimate","Washington-Arlington-Alexandria, DC-VA-MD-WV Metro Area!!American Indian and Alaska Native alone (300, A01-Z99)!!Estimate","Washington-Arlington-Alexandria, DC-VA-MD-WV Metro Area!!Black or African American; Asian!!Estimate","Washington-Arlington-Alexandria, DC-VA-MD-WV Metro Area!!Chinese alone (410-419)!!Estimate","Washington-Arlington-Alexandria, DC-VA-MD-WV Metro Area!!Some other race alone or in combination with one or more other races!!Estimate","Washington-Arlington-Alexandria, DC-VA-MD-WV Metro Area!!Burmese alone or in any combination (404) & (100-299) or (300, A01-Z99) or (400-999)!!Estimate","Washington-Arlington-Alexandria, DC-VA-MD-WV Metro Area!!Alaska Native alone or in any combination!!Estimate","Washington-Arlington-Alexandria, DC-VA-MD-WV Metro Area!!Asian alone (400-499)!!Estimate","Washington-Arlington-Alexandria, DC-VA-MD-WV Metro Area!!Black or African American; American Indian and Alaska Native!!Estimate","Washington-Arlington-Alexandria, DC-VA-MD-WV Metro Area!!White; Black or African American; American Indian and Alaska Native!!Estimate","Washington-Arlington-Alexandria, DC-VA-MD-WV Metro Area!!Spaniard (200-209)!!Estimate","Washington-Arlington-Alexandria, DC-VA-MD-WV Metro Area!!South American Indian tribal grouping alone or in any combination (W67-X24) & (100-299) or (300, A01-Z99) or (400-999)!!Estimate","Washington-Arlington-Alexandria, DC-VA-MD-WV Metro Area!!Native Hawaiian and Other Pacific Islander alone or in combination with one or more other races  (500-599) & (100-299) or (300, A01-Z99) or (400-999)!!Estimate","Washington-Arlington-Alexandria, DC-VA-MD-WV Metro Area!!Choctaw tribal grouping alone or in any combination (C08-C16) & (100-299) or (300, A01-Z99) or (400-999)!!Estimate","Washington-Arlington-Alexandria, DC-VA-MD-WV Metro Area!!Honduran (223)!!Estimate","Washington-Arlington-Alexandria, DC-VA-MD-WV Metro Area!!Native Hawaiian and Other Pacific Islander alone or in combination with one or more other races, not Hispanic or Latino!!Estimate","Washington-Arlington-Alexandria, DC-VA-MD-WV Metro Area!!White alone or in combination with one or more other races, Hispanic or Latino!!Estimate","Washington-Arlington-Alexandria, DC-VA-MD-WV Metro Area!!Taiwanese alone or in any combination (412-419) & (100-299) or (300, A01-Z99) or (400-999)!!Estimate","Washington-Arlington-Alexandria, DC-VA-MD-WV Metro Area!!Chippewa tribal grouping alone or in any combination (B67-B99) & (100-299) or (300, A01-Z99) or (400-999)!!Estimate","Washington-Arlington-Alexandria, DC-VA-MD-WV Metro Area!!Sri Lankan alone (446)!!Estimate","Washington-Arlington-Alexandria, DC-VA-MD-WV Metro Area!!Sioux tribal grouping alone or in any combination (K16-K21, K23-K53) & (100-299) or (300, A01-Z99) or (400-999)!!Estimate","Washington-Arlington-Alexandria, DC-VA-MD-WV Metro Area!!Sri Lankan alone or in any combination (446) & (100-299) or (300, A01-Z99) or (400-999)!!Estimate","Washington-Arlington-Alexandria, DC-VA-MD-WV Metro Area!!Bangladeshi alone or in any combination (402) & (100-299) or (300, A01-Z99) or (400-999)!!Estimate","Washington-Arlington-Alexandria, DC-VA-MD-WV Metro Area!!Cherokee tribal grouping alone (B21-B39)!!Estimate","Washington-Arlington-Alexandria, DC-VA-MD-WV Metro Area!!American Indian and Alaska Native alone, not Hispanic or Latino!!Estimate","Washington-Arlington-Alexandria, DC-VA-MD-WV Metro Area!!American Indian alone!!Estimate","Washington-Arlington-Alexandria, DC-VA-MD-WV Metro Area!!Native Hawaiian alone (500-503)!!Estimate","Washington-Arlington-Alexandria, DC-VA-MD-WV Metro Area!!Asian alone, Hispanic or Latino!!Estimate","Washington-Arlington-Alexandria, DC-VA-MD-WV Metro Area!!Cambodian alone (405-409)!!Estimate","Washington-Arlington-Alexandria, DC-VA-MD-WV Metro Area!!Chinese alone or in any combination (410-419) & (100-299) or (300, A01-Z99) or (400-999)!!Estimate","Washington-Arlington-Alexandria, DC-VA-MD-WV Metro Area!!Central American (excludes Mexican) (221-230)!!Estimate","Washington-Arlington-Alexandria, DC-VA-MD-WV Metro Area!!Polynesian alone (500-519)!!Estimate","Washington-Arlington-Alexandria, DC-VA-MD-WV Metro Area!!Pakistani alone or in any combination (445) & (100-299) or (300, A01-Z99) or (400-999)!!Estimate","Washington-Arlington-Alexandria, DC-VA-MD-WV Metro Area!!American Indian and Alaska Native; Some other race!!Estimate","Washington-Arlington-Alexandria, DC-VA-MD-WV Metro Area!!Asian Indian alone or in any combination (400-401) & (100-299) or (300, A01-Z99) or (400-999)!!Estimate","Washington-Arlington-Alexandria, DC-VA-MD-WV Metro Area!!Nepalese alone (472)!!Estimate","Washington-Arlington-Alexandria, DC-VA-MD-WV Metro Area!!White; Black or African American; American Indian and Alaska Native; Asian!!Estimate","Washington-Arlington-Alexandria, DC-VA-MD-WV Metro Area!!Apache tribal grouping alone or in any combination (A09-A23) & (100-299) or (300, A01-Z99) or (400-999)!!Estimate","Washington-Arlington-Alexandria, DC-VA-MD-WV Metro Area!!White alone or in combination with one or more other races, not Hispanic or Latino!!Estimate","Washington-Arlington-Alexandria, DC-VA-MD-WV Metro Area!!Some other race alone, not Hispanic or Latino!!Estimate","Washington-Arlington-Alexandria, DC-VA-MD-WV Metro Area!!Some Other Race alone or in combination with one or more other races, Hispanic or Latino!!Estimate","Washington-Arlington-Alexandria, DC-VA-MD-WV Metro Area!!Nepalese alone or in any combination (472) & (100-299) or (300, A01-Z99) or (400-999)!!Estimate","Washington-Arlington-Alexandria, DC-VA-MD-WV Metro Area!!Black or African American; Some other race!!Estimate","Washington-Arlington-Alexandria, DC-VA-MD-WV Metro Area!!Asian; Native Hawaiian and Other Pacific Islander!!Estimate","Washington-Arlington-Alexandria, DC-VA-MD-WV Metro Area!!Some other race in combination with one or more other races!!Estimate","Washington-Arlington-Alexandria, DC-VA-MD-WV Metro Area!!Two races without Some Other Race!!Estimate","Washington-Arlington-Alexandria, DC-VA-MD-WV Metro Area!!Iroquois tribal grouping alone or in any combination (D93-E09) & (100-299) or (300, A01-Z99) or (400-999)!!Estimate","Washington-Arlington-Alexandria, DC-VA-MD-WV Metro Area!!Chinese (except Taiwanese) alone (410-411)!!Estimate","Washington-Arlington-Alexandria, DC-VA-MD-WV Metro Area!!Filipino alone or in any combination (420-421) & (100-299) or (300, A01-Z99) or (400-999)!!Estimate","Washington-Arlington-Alexandria, DC-VA-MD-WV Metro Area!!White; American Indian and Alaska Native!!Estimate","Washington-Arlington-Alexandria, DC-VA-MD-WV Metro Area!!Lumbee Indian tribal grouping alone or in any combination (E78-E83) & (100-299) or (300, A01-Z99) or (400-999)!!Estimate","Washington-Arlington-Alexandria, DC-VA-MD-WV Metro Area!!Asian in combination with one or more other races!!Estimate","Washington-Arlington-Alexandria, DC-VA-MD-WV Metro Area!!Asian; Some other race!!Estimate","Washington-Arlington-Alexandria, DC-VA-MD-WV Metro Area!!Blackfeet Tribe of the Blackfeet Indian Reservation of Montana alone or in any combination (A45-A50) & (100-299) or (300, A01-Z99) or (400-999)!!Estimate","Washington-Arlington-Alexandria, DC-VA-MD-WV Metro Area!!Black or African American alone, Hispanic or Latino!!Estimate","Washington-Arlington-Alexandria, DC-VA-MD-WV Metro Area!!Cambodian alone or in any combination (405-409) & (100-299) or (300, A01-Z99) or (400-999)!!Estimate","Washington-Arlington-Alexandria, DC-VA-MD-WV Metro Area!!Guatemalan (222)!!Estimate","Washington-Arlington-Alexandria, DC-VA-MD-WV Metro Area!!White; Asian; Native Hawaiian and Other Pacific Islander!!Estimate","Washington-Arlington-Alexandria, DC-VA-MD-WV Metro Area!!White; Asian; Some other race!!Estimate","Washington-Arlington-Alexandria, DC-VA-MD-WV Metro Area!!Guamanian or Chamorro alone (520-522)!!Estimate","Washington-Arlington-Alexandria, DC-VA-MD-WV Metro Area!!Black or African American in combination with one or more other races!!Estimate","Washington-Arlington-Alexandria, DC-VA-MD-WV Metro Area!!Native Hawaiian and Other Pacific Islander alone (500-599)!!Estimate","Washington-Arlington-Alexandria, DC-VA-MD-WV Metro Area!!Two races with Some Other Race!!Estimate","Washington-Arlington-Alexandria, DC-VA-MD-WV Metro Area!!Puerto Rican (260-269)!!Estimate","Washington-Arlington-Alexandria, DC-VA-MD-WV Metro Area!!Cuban (270-274)!!Estimate","Washington-Arlington-Alexandria, DC-VA-MD-WV Metro Area!!American Indian and Alaska Native alone or in combination with one or more other races, not Hispanic or Latino!!Estimate","Washington-Arlington-Alexandria, DC-VA-MD-WV Metro Area!!Black or African American alone, not Hispanic or Latino!!Estimate","Washington-Arlington-Alexandria, DC-VA-MD-WV Metro Area!!Chilean (233)!!Estimate","Washington-Arlington-Alexandria, DC-VA-MD-WV Metro Area!!White; Black or African American; Some other race!!Estimate","Washington-Arlington-Alexandria, DC-VA-MD-WV Metro Area!!Black or African American alone or in combination with one or more other races, not Hispanic or Latino!!Estimate","Washington-Arlington-Alexandria, DC-VA-MD-WV Metro Area!!Two or more races, not Hispanic or Latino!!Estimate","Washington-Arlington-Alexandria, DC-VA-MD-WV Metro Area!!Asian alone or in combination with one or more other races, Hispanic or Latino!!Estimate","Washington-Arlington-Alexandria, DC-VA-MD-WV Metro Area!!American Indian and Alaska Native in combination with one or more other races!!Estimate","Washington-Arlington-Alexandria, DC-VA-MD-WV Metro Area!!White alone!!Estimate","Washington-Arlington-Alexandria, DC-VA-MD-WV Metro Area!!Polynesian alone or in any combination (500-519) & (100-299) or (300, A01-Z99) or (400-999)!!Estimate","Washington-Arlington-Alexandria, DC-VA-MD-WV Metro Area!!Mexican (210-220)!!Estimate","Washington-Arlington-Alexandria, DC-VA-MD-WV Metro Area!!Indonesian alone (423-429)!!Estimate","Washington-Arlington-Alexandria, DC-VA-MD-WV Metro Area!!South American Indian tribal grouping alone (W67-X24)!!Estimate","Washington-Arlington-Alexandria, DC-VA-MD-WV Metro Area!!White; Asian!!Estimate","Washington-Arlington-Alexandria, DC-VA-MD-WV Metro Area!!White; Black or African American; Asian!!Estimate","Washington-Arlington-Alexandria, DC-VA-MD-WV Metro Area!!Peruvian (237)!!Estimate","Washington-Arlington-Alexandria, DC-VA-MD-WV Metro Area!!White alone, not Hispanic or Latino!!Estimate","Washington-Arlington-Alexandria, DC-VA-MD-WV Metro Area!!Dominican (Dominican Republic) (275-279)!!Estimate","Washington-Arlington-Alexandria, DC-VA-MD-WV Metro Area!!Three or more races with Some Other Race!!Estimate","Washington-Arlington-Alexandria, DC-VA-MD-WV Metro Area!!Vietnamese alone (450-459)!!Estimate","Washington-Arlington-Alexandria, DC-VA-MD-WV Metro Area!!Japanese alone or in any combination (430-439) & (100-299) or (300, A01-Z99) or (400-999)!!Estimate","Washington-Arlington-Alexandria, DC-VA-MD-WV Metro Area!!Argentinean (231)!!Estimate","Washington-Arlington-Alexandria, DC-VA-MD-WV Metro Area!!American Indian and Alaska Native alone or in combination with one or more other races, Hispanic or Latino!!Estimate","Washington-Arlington-Alexandria, DC-VA-MD-WV Metro Area!!Bangladeshi alone (402)!!Estimate","Washington-Arlington-Alexandria, DC-VA-MD-WV Metro Area!!Korean alone or in any combination (440-441) & (100-299) or (300, A01-Z99) or (400-999)!!Estimate","Washington-Arlington-Alexandria, DC-VA-MD-WV Metro Area!!Native Hawaiian alone or in any combination (500-503) & (100-299) or (300, A01-Z99) or (400-999)!!Estimate","Washington-Arlington-Alexandria, DC-VA-MD-WV Metro Area!!Three or more races without Some Other Race!!Estimate","Washington-Arlington-Alexandria, DC-VA-MD-WV Metro Area!!Central American Indian tribal grouping alone or in any combination (V24-V83) & (100-299) or (300, A01-Z99) or (400-999)!!Estimate","Washington-Arlington-Alexandria, DC-VA-MD-WV Metro Area!!Thai alone or in any combination (447-449) & (100-299) or (300, A01-Z99) or (400-999)!!Estimate","Washington-Arlington-Alexandria, DC-VA-MD-WV Metro Area!!Mongolian alone (465)!!Estimate","Washington-Arlington-Alexandria, DC-VA-MD-WV Metro Area!!Two or more races!!Estimate","Washington-Arlington-Alexandria, DC-VA-MD-WV Metro Area!!American Indian and Alaska Native; Asian!!Estimate","Washington-Arlington-Alexandria, DC-VA-MD-WV Metro Area!!Ecuadorian (235)!!Estimate"
"Total:","5,949,403","875,260","36,629","2,083","145,354","703","65,486","11,734","14,899","26,460","1,874","1,466","2,254","18,002","5,046","36,616","673,466","1,122","27,424","74,109","6,205","186,144","1,509,842","4,631","947","288,262","2,913","920","1,609,990","2,948","45,059","660,460","296,412","8,692","5,353","8,206","3,025","314,132","14,544","165,400","80,541","3,487,183","1,199","487,816","63,342","3,707","1,294","8,381","3,025","9,193","118,980","2,416","2,008","1,419","1,115","58,763","2,457","48,529","573,222","2,723","50,119","18,143","8,801","105,462","351,252","3,311","542","576,670","9,219","8,924","14,720","3,307","12,586","1,207","46,363","10,503","526,609","6,240","742","3,684","1,149","4,013","10,715","1,886","11,938","10,130","778","3,448","5,998","124,980","428,432","1,411","39,093","2,100","158,730","8,142","785","1,027","2,960,574","17,720","323,828","8,422","5,704","2,591","37,120","172,239","1,257","99,893","88,084","19,603","804","96,796","6,641","2,435","30,892","6,834","63,622","1,580","696","1,143","100,148","3,393","33,180","60,378","19,277","45,412","1,478,950","8,088","1,514","1,561,461","176,065","13,006","45,199","3,301,039","4,361","132,096","3,446","932","68,718","2,931","48,741","2,813,223","21,740","20,765","66,200","23,310","11,563","17,930","9,635","93,981","3,098","16,825","1,038","11,693","2,138","226,184","1,143","11,382"
"    Male:","2,904,001","451,513","18,690","900","74,083","193","27,664","4,493","6,861","11,845","773","844","1,091","9,438","2,620","17,177","318,899","376","13,046","35,868","2,985","93,003","703,605","1,979","371","153,080","1,551","422","751,544","1,377","21,994","312,318","157,580","3,105","2,366","3,188","1,371","165,812","6,782","77,497","35,793","1,734,744","510","248,971","30,368","1,689","641","3,707","1,468","4,113","54,848","1,093","882","715","589","28,858","1,181","23,096","268,778","1,310","25,453","8,582","4,296","47,716","184,809","1,616","299","270,638","3,906","4,221","7,569","1,269","5,765","614","25,077","4,865","268,834","2,777","318","1,827","562","2,017","5,661","926","5,597","4,680","387","1,860","2,555","57,513","228,899","687","19,967","1,130","80,796","4,413","390","654","1,465,910","8,232","171,763","4,543","2,777","1,182","18,997","85,298","736","45,252","38,623","10,230","335","48,261","3,566","1,015","14,480","2,930","37,003","735","273","585","47,939","1,652","17,193","29,891","9,806","21,558","689,125","3,919","729","728,448","86,518","6,581","21,786","1,641,741","2,052","70,296","1,392","280","34,801","1,289","22,199","1,392,770","10,480","9,480","31,945","10,186","6,053","8,810","5,088","41,953","1,405","7,676","452","4,863","873","111,971","472","5,125"
"        Under 5 years","203,862","46,153","1,496","79","5,609","0","1,266","294","780","901","18","0","166","1,287","168","1,118","25,534","21","1,262","2,430","223","16,822","50,479","139","10","15,902","48","44","59,442","54","2,139","24,072","15,817","182","6","238","80","16,723","487","5,781","1,771","117,372","97","23,630","2,262","182","0","244","46","414","4,124","243","170","40","19","6,445","60","3,513","16,424","172","4,411","465","584","2,216","19,417","112","19","16,720","152","468","553","159","468","29","2,253","389","26,996","107","28","105","52","120","433","16","242","240","0","296","152","4,226","23,402","7","1,742","189","6,996","279","38","72","90,376","906","18,155","279","481","43","2,694","14,787","78","2,210","3,592","666","24","8,814","399","35","1,768","217","3,793","158","90","34","8,963","54","2,363","3,279","1,053","1,347","48,711","242","117","55,929","14,460","1,462","1,797","100,550","158","8,354","69","38","6,668","540","1,304","76,920","996","1,721","1,630","1,356","466","915","276","3,246","136","1,390","41","646","57","18,871","59","395"
"        5 to 9 years","196,496","39,625","1,435","110","5,693","0","1,601","269","509","939","17","39","114","956","141","1,125","25,438","40","1,285","2,994","293","12,997","49,493","210","0","14,549","146","55","56,884","137","1,322","24,384","11,951","74","89","505","41","12,754","386","5,797","2,054","112,699","78","22,562","2,369","140","39","289","90","423","4,178","186","118","38","23","5,174","105","2,492","18,366","114","3,171","647","646","2,797","14,836","178","13","18,613","309","343","626","69","529","54","1,865","419","25,016","110","8","165","72","228","487","12","354","217","9","247","127","4,284","20,821","22","1,724","104","6,626","303","16","40","87,683","803","13,551","309","403","100","2,082","12,308","81","2,708","3,286","713","7","6,825","352","53","1,385","240","3,062","108","23","38","7,391","106","1,833","2,581","354","1,470","48,108","251","121","54,392","12,010","1,054","1,722","99,702","218","6,566","121","26","5,131","189","1,889","77,140","761","1,040","2,216","946","367","899","370","3,203","205","791","84","436","179","15,181","78","466"
"        10 to 14 years","193,535","34,122","1,585","68","4,878","0","1,736","294","527","909","45","23","102","938","216","1,436","23,069","26","1,380","2,812","116","11,288","50,691","232","18","11,747","82","30","56,804","25","1,793","22,390","11,203","39","86","260","70","12,232","496","5,576","2,082","110,894","77","18,457","2,482","108","78","204","81","403","3,665","48","81","73","90","4,021","53","2,450","17,476","115","2,747","442","299","2,608","14,066","59","78","17,648","259","600","444","70","489","85","2,006","421","20,615","118","0","122","41","131","563","27","326","190","9","172","159","3,783","16,763","13","1,709","73","5,698","231","87","13","90,279","1,029","12,686","240","306","34","1,834","9,834","57","2,522","3,070","802","40","5,421","288","112","1,422","183","1,959","91","24","73","6,113","86","1,654","2,393","543","1,776","49,269","333","106","54,354","10,083","679","2,040","99,606","184","5,532","123","0","4,218","187","1,522","81,149","1,102","1,342","2,248","845","359","706","555","2,905","99","1,162","18","189","48","12,830","42","334"
"        15 to 17 years","115,763","19,331","863","190","2,097","9","1,241","65","136","468","47","18","79","550","35","850","12,750","9","768","1,649","80","5,782","31,739","117","0","6,806","54","25","35,229","49","1,009","12,242","6,003","67","74","146","6","6,506","375","3,343","1,539","66,074","38","10,908","1,434","22","43","126","63","249","2,342","35","10","61","17","2,315","21","1,274","9,983","86","1,574","332","357","1,861","7,441","64","34","10,058","175","366","453","5","328","19","855","138","12,258","107","0","37","37","37","234","40","252","181","2","75","91","2,416","9,229","2","913","0","2,598","59","7","0","53,816","503","6,673","59","76","76","935","5,222","43","1,754","2,000","448","0","2,692","195","50","675","126","1,208","106","31","54","3,490","79","821","1,321","363","1,175","31,064","292","50","33,955","5,183","508","1,102","60,292","23","3,218","77","0","1,773","59","920","49,384","420","714","1,380","367","241","259","189","1,863","6","600","31","122","32","6,757","25","187"
"        18 and 19 years","77,870","13,165","521","23","1,462","17","651","17","102","259","31","109","43","254","56","683","7,730","17","469","793","205","3,372","21,654","48","21","4,817","179","0","23,558","0","571","7,513","4,321","41","58","91","0","4,714","259","1,919","1,052","44,211","24","7,079","1,212","0","0","29","41","181","1,404","0","43","14","51","1,256","15","935","6,068","43","886","428","170","1,181","5,254","0","0","6,153","166","114","177","11","229","30","601","206","7,711","76","4","25","0","32","112","0","223","185","7","85","138","1,480","6,745","21","531","22","1,526","94","9","131","36,500","393","4,785","94","132","74","540","3,264","0","1,123","954","443","29","1,577","65","18","582","149","1,078","42","29","14","1,904","48","489","617","284","781","21,072","110","5","22,623","3,148","217","784","40,839","61","2,244","13","0","1,112","35","591","33,760","548","281","715","258","163","431","71","1,233","10","230","20","61","0","4,034","0","124"
"        20 years","38,675","7,586","617","29","381","0","299","17","88","110","8","33","21","227","30","292","3,630","0","291","576","55","1,402","11,304","36","12","2,821","33","0","12,153","0","288","3,523","3,158","0","28","39","8","3,421","191","1,076","360","20,404","48","3,675","467","8","10","0","47","86","589","0","10","11","8","547","27","313","3,029","21","368","124","70","534","3,699","0","0","3,084","68","75","53","0","162","20","507","133","4,020","28","0","0","39","0","74","3","69","69","29","55","41","617","4,192","37","657","7","431","46","0","0","16,384","263","3,408","46","26","58","278","1,215","6","506","504","143","0","546","13","15","246","41","707","0","0","11","849","76","273","543","218","327","11,058","28","5","11,840","1,296","107","343","19,002","47","1,037","36","0","309","38","413","15,327","190","176","562","169","45","140","74","367","39","171","14","21","0","1,664","0","151"
"        21 years","37,098","6,808","277","5","664","0","411","5","39","92","8","17","5","132","71","228","3,685","0","97","469","102","1,291","10,985","30","0","2,417","17","11","11,918","56","335","3,644","2,504","0","23","19","17","2,586","97","1,048","514","19,852","0","3,580","559","29","0","52","0","6","524","0","0","0","0","494","0","390","3,033","5","386","242","225","475","2,839","67","0","3,069","55","56","55","27","6","0","496","1","3,889","28","0","0","0","0","85","0","140","100","0","36","42","552","3,591","0","277","0","770","27","0","144","15,963","82","2,742","38","79","1","253","1,346","0","452","645","190","0","616","4","0","200","55","543","0","0","0","933","0","215","373","105","353","10,785","83","17","11,528","1,269","41","317","18,561","0","1,314","7","0","381","0","356","14,981","128","94","420","71","74","206","68","613","0","56","13","13","0","1,655","0","43"
"        22 to 24 years","119,279","21,579","1,057","68","2,103","0","1,011","94","277","611","54","164","39","438","166","970","13,006","15","674","1,158","215","3,919","30,364","97","46","6,884","168","5","32,413","36","1,401","12,719","8,548","239","36","25","7","9,020","322","3,920","1,792","67,383","13","11,275","1,658","7","78","151","77","227","2,946","49","29","50","8","1,011","191","655","10,887","63","998","420","166","2,482","9,901","54","0","10,974","279","256","277","49","365","0","1,219","297","12,039","46","53","21","32","21","231","3","205","172","19","87","97","2,992","11,066","27","1,106","70","2,262","232","35","13","55,344","472","9,227","232","110","81","881","3,647","135","2,446","1,582","497","0","2,032","151","70","395","119","2,495","10","0","29","2,049","138","769","1,186","504","1,243","29,969","114","58","31,758","3,901","287","1,238","63,464","96","3,088","89","28","1,484","38","990","52,189","547","483","1,084","549","262","415","221","2,010","88","371","0","296","49","4,899","19","131"
"        25 to 29 years","225,048","42,584","1,558","17","5,543","10","2,322","232","673","1,232","82","56","150","600","311","1,031","24,531","31","1,044","2,218","248","6,546","49,903","55","13","14,097","101","24","53,283","93","1,975","24,184","16,892","366","290","347","212","17,643","366","6,480","2,995","134,405","4","22,642","2,018","241","19","457","154","346","4,259","45","67","88","0","2,149","58","1,717","20,830","212","1,680","531","308","3,862","18,915","99","35","20,924","257","338","434","179","500","19","2,781","483","23,866","301","12","107","13","107","232","0","283","251","51","94","181","4,560","23,036","51","1,720","78","5,866","577","24","34","110,539","751","17,871","584","228","192","1,272","6,283","44","3,572","3,181","666","25","3,607","294","90","1,028","205","4,827","63","14","88","3,380","154","1,205","2,353","804","1,441","48,875","155","7","51,566","6,354","347","1,487","127,859","166","7,137","55","58","2,585","16","1,639","105,217","1,093","546","1,964","496","425","577","191","3,559","156","479","46","497","45","8,034","40","347"
"        30 to 34 years","228,828","47,746","1,615","59","7,945","96","2,441","380","757","948","72","168","74","691","216","1,143","26,699","100","962","1,982","377","5,898","48,982","94","15","17,831","323","20","51,594","162","2,204","26,294","19,138","221","318","172","73","19,652","393","6,415","2,646","134,440","19","25,088","2,246","73","59","395","164","361","4,075","92","129","73","72","1,503","27","1,665","23,175","89","1,762","687","403","3,730","21,033","186","6","23,418","288","149","822","90","525","65","3,512","466","26,401","361","36","165","40","195","494","67","310","373","74","243","218","4,436","27,920","91","1,702","147","8,345","514","0","11","108,039","514","20,071","576","131","44","1,381","5,709","18","3,412","3,068","930","57","3,281","320","24","1,138","236","5,373","70","9","67","2,612","164","1,348","3,194","556","1,261","47,844","365","10","49,929","5,621","405","1,559","128,542","290","7,120","94","0","2,353","35","1,270","103,454","726","326","1,775","892","691","985","494","3,177","171","293","0","387","92","7,383","0","320"
"        35 to 39 years","208,785","43,108","1,147","106","9,155","6","2,212","639","732","1,052","93","49","34","537","265","990","28,374","8","1,099","2,794","323","4,654","46,640","163","28","15,451","92","3","48,731","157","1,511","28,034","16,768","413","311","202","224","17,328","292","6,398","3,041","117,386","41","23,386","1,696","224","20","342","213","374","3,924","164","94","74","113","984","101","1,504","25,042","86","1,246","575","427","3,663","18,592","162","21","25,189","153","182","855","47","610","32","3,378","504","24,368","327","12","123","24","137","319","50","252","293","29","147","173","4,246","24,049","142","1,180","65","9,523","530","41","38","93,018","560","17,493","530","173","144","1,264","4,446","80","3,352","2,735","572","11","3,185","348","64","1,215","211","3,902","0","14","22","2,091","236","1,205","2,445","632","1,071","45,425","227","0","47,227","4,839","340","1,121","112,732","214","6,926","129","0","2,052","72","1,946","89,346","818","434","2,627","970","665","625","316","3,282","101","375","51","582","164","6,085","0","461"
"        40 to 44 years","215,435","36,520","1,174","14","7,348","18","2,627","394","605","988","102","58","87","840","231","1,483","26,056","18","972","3,531","229","4,488","51,249","183","17","12,822","76","58","53,473","126","2,021","25,929","12,462","260","197","201","101","13,052","622","7,014","3,039","124,980","10","21,382","2,447","101","48","304","166","231","3,767","34","41","63","54","961","115","1,316","23,713","105","1,552","845","227","3,536","14,429","130","32","23,737","539","179","533","171","405","108","2,406","391","22,665","233","20","184","0","207","568","131","616","507","65","24","196","4,000","18,786","111","1,177","78","7,668","374","0","32","102,315","590","13,457","374","157","60","1,377","4,222","47","3,339","3,044","653","21","2,319","203","102","863","196","2,423","31","0","45","2,224","174","1,278","2,133","564","1,753","50,386","262","46","52,157","4,334","127","1,602","120,492","179","5,774","164","50","1,635","0","2,113","99,110","557","386","3,257","669","672","694","568","3,241","112","287","22","347","34","5,886","58","389"
"        45 to 49 years","215,239","29,674","1,256","30","5,333","9","2,204","382","554","1,040","69","25","35","466","216","1,298","22,614","15","729","2,592","164","3,785","54,492","272","50","9,969","36","64","56,229","163","1,101","22,456","10,330","168","147","234","119","10,703","496","5,866","2,678","127,633","4","16,756","2,156","130","98","358","80","281","4,143","101","47","17","32","564","106","1,558","20,573","35","1,287","626","84","4,019","11,801","169","22","20,621","251","372","532","181","361","22","1,379","331","17,788","171","27","223","74","223","373","40","462","414","56","48","261","4,296","14,577","63","1,330","71","5,722","282","67","54","109,845","373","11,072","282","223","88","1,098","3,265","15","3,854","2,593","666","0","1,993","206","106","1,089","261","2,192","22","0","17","1,737","80","992","1,998","698","1,582","53,403","367","16","54,671","3,582","158","1,530","123,848","143","4,196","155","30","1,444","41","1,883","107,092","879","612","2,468","652","418","574","355","2,812","111","506","34","187","97","4,869","23","524"
"        50 to 54 years","212,884","22,799","1,131","51","3,686","9","2,068","371","422","607","48","69","47","448","196","1,272","20,160","22","483","2,659","215","3,221","54,415","94","24","6,991","96","14","55,827","5","1,582","19,753","7,009","175","127","226","145","7,208","653","5,107","3,188","130,868","45","13,327","2,192","146","88","236","44","252","3,698","45","30","18","44","526","69","1,258","18,373","47","1,265","840","140","3,553","8,261","5","16","18,438","258","196","562","64","296","19","912","245","14,240","135","55","113","41","113","490","216","625","488","7","65","122","3,833","9,822","26","1,151","31","3,878","325","0","14","116,628","199","7,778","325","86","79","1,053","2,965","37","3,426","2,293","801","25","1,722","346","52","918","122","1,034","15","9","9","1,412","44","911","2,044","748","1,659","53,497","314","93","54,569","3,027","407","1,352","127,647","84","3,325","73","37","1,039","7","1,577","114,320","545","416","2,603","575","302","533","431","3,270","40","274","44","175","45","4,292","0","334"
"        55 to 59 years","180,876","15,874","1,280","17","3,552","0","1,499","310","375","594","28","16","20","309","176","1,104","16,517","16","434","2,015","67","2,477","45,374","96","30","4,180","44","23","46,440","127","1,069","16,335","4,675","311","152","126","43","4,916","496","4,122","2,142","113,957","0","9,667","1,772","53","17","210","56","80","3,074","31","0","20","9","424","55","772","15,472","31","805","292","85","3,032","5,551","144","3","15,549","283","225","277","13","136","24","460","119","10,278","181","4","150","18","167","422","58","225","197","27","77","187","3,226","6,318","36","1,331","91","3,728","224","0","34","103,679","241","5,117","234","27","26","635","2,340","65","2,851","1,684","799","22","968","142","71","583","199","995","9","11","20","1,066","56","586","1,447","844","1,381","44,791","266","0","45,668","2,404","182","1,480","111,480","55","1,966","96","6","662","0","1,299","101,813","560","283","1,929","510","304","391","381","2,175","46","234","10","318","11","3,209","33","219"
"        60 and 61 years","63,190","4,369","263","0","1,005","0","645","104","40","90","0","0","17","118","57","227","5,323","0","225","582","7","677","15,021","14","30","1,249","35","0","15,223","7","353","5,312","1,607","75","87","30","34","1,770","53","1,104","509","41,106","0","2,430","425","34","15","29","49","48","1,215","0","0","28","6","62","0","151","4,967","28","198","75","17","1,246","1,986","7","0","4,975","52","40","81","16","97","14","102","97","2,610","87","0","19","6","19","188","0","68","53","0","8","53","1,302","2,082","0","263","18","1,042","165","0","0","38,496","163","1,761","165","10","27","216","609","8","1,159","674","173","0","348","29","16","119","53","604","0","6","17","202","49","175","230","157","342","14,902","97","0","15,072","673","11","350","40,429","27","517","14","7","237","0","354","37,999","64","87","574","158","132","83","182","509","21","46","0","88","0","871","26","49"
"        62 to 64 years","86,484","6,174","498","29","1,534","0","767","159","136","334","29","0","11","245","21","622","7,481","19","165","998","24","1,334","19,629","14","41","1,867","19","31","20,051","29","466","7,423","1,615","131","65","84","28","1,663","176","1,768","594","57,575","12","3,823","1,046","28","12","24","6","82","1,803","0","8","0","17","118","66","275","6,915","11","472","297","19","1,725","2,069","29","7","6,935","153","66","86","94","99","33","156","70","4,193","65","33","75","37","75","125","66","273","181","0","20","97","1,868","2,582","17","509","61","1,636","61","0","0","53,382","48","1,904","86","36","11","406","1,179","0","1,660","830","434","0","546","64","58","209","97","257","10","0","0","422","17","406","449","330","823","19,420","112","0","19,776","1,230","58","749","56,241","48","532","14","0","412","0","550","52,418","134","117","947","181","109","223","125","622","31","117","10","134","0","1,702","0","78"
"        65 and 66 years","49,168","2,868","260","0","1,036","4","517","122","28","103","0","0","37","99","0","328","4,296","4","157","356","7","618","11,404","64","5","812","0","15","11,596","1","193","4,271","956","85","47","21","23","1,017","117","864","438","32,434","0","1,697","457","23","3","10","46","17","698","0","0","37","9","39","45","99","3,918","37","114","153","25","709","1,199","1","0","3,926","51","24","109","7","63","0","65","63","1,802","53","1","69","3","69","93","29","146","138","0","8","55","745","1,131","9","285","0","1,153","38","5","7","30,632","61","1,042","38","22","14","182","586","8","656","572","184","44","370","47","29","86","55","194","0","0","37","192","46","168","196","142","430","11,318","36","0","11,497","692","25","304","31,816","23","253","42","0","244","9","255","30,119","97","52","341","148","34","27","83","447","14","38","0","94","0","806","26","188"
"        67 to 69 years","59,673","3,671","172","0","1,328","15","566","77","5","225","6","0","10","98","34","290","5,694","15","121","892","10","557","12,501","14","4","818","0","0","12,682","32","209","5,605","1,035","180","43","102","77","1,106","122","1,246","690","40,452","0","2,285","367","77","0","64","10","0","1,109","0","0","10","0","39","8","204","5,320","10","163","169","4","1,084","1,267","32","0","5,351","17","27","146","0","10","35","20","10","2,414","43","14","37","0","37","38","30","159","134","0","31","62","1,152","1,137","0","175","8","1,410","25","53","0","38,038","71","1,146","25","16","0","161","398","4","1,041","595","93","9","343","16","27","147","62","136","0","0","10","181","10","138","337","168","323","12,354","106","0","12,478","478","89","198","39,895","0","361","14","0","245","2","383","37,610","99","105","845","97","79","44","38","690","0","82","0","180","0","641","0","134"
"        70 to 74 years","71,888","3,290","333","0","1,488","0","756","197","22","108","16","0","0","37","0","351","7,134","0","212","1,067","19","707","16,225","0","0","630","2","0","16,519","88","301","7,092","809","58","108","59","0","959","193","1,209","1,112","47,535","0","2,212","566","0","14","96","26","36","1,358","0","0","0","9","112","53","162","6,701","0","90","230","33","1,430","1,057","88","0","6,730","38","82","176","3","62","0","27","62","2,297","114","11","39","33","51","20","122","211","179","0","29","38","1,472","872","9","333","17","1,599","27","0","17","45,238","150","845","27","15","22","98","710","0","1,322","799","171","9","404","16","10","131","38","69","0","13","0","294","26","85","339","183","519","16,094","30","0","16,357","800","42","336","46,828","25","400","0","0","292","0","446","44,616","20","95","1,067","206","53","47","20","1,121","16","82","14","58","0","890","28","106"
"        75 to 79 years","45,502","2,143","71","5","1,026","0","460","19","31","173","0","0","0","66","7","214","4,507","0","100","515","6","573","9,918","0","7","276","0","0","10,121","14","117","4,496","417","5","33","18","53","457","132","872","969","30,689","0","1,431","328","53","0","64","3","5","940","20","5","0","0","32","0","186","4,213","0","180","97","0","954","654","14","5","4,213","72","13","141","8","8","6","41","3","1,611","33","0","8","0","8","44","16","91","70","3","0","29","973","409","3","71","0","1,087","0","8","0","29,078","40","554","0","0","0","197","480","10","921","539","138","0","294","53","0","109","29","36","0","0","0","203","3","119","123","173","301","9,809","29","78","9,935","518","11","231","30,116","3","159","0","0","233","0","326","28,685","159","99","515","19","96","27","44","998","3","21","0","5","20","698","0","67"
"        80 to 84 years","31,403","1,347","46","0","772","0","167","15","23","45","0","0","0","44","0","52","2,551","0","71","388","0","265","6,299","7","0","79","0","0","6,426","0","10","2,527","210","15","24","23","10","218","9","320","372","22,351","0","953","130","10","0","23","6","11","452","0","0","0","8","48","6","139","2,363","0","52","48","0","468","313","0","8","2,376","31","15","99","6","17","0","14","17","985","24","0","40","0","40","31","0","48","40","0","13","36","476","221","0","46","0","780","0","0","0","21,366","8","242","0","33","8","95","260","0","444","186","21","12","175","15","0","119","36","82","0","0","0","127","6","95","211","203","121","6,180","37","0","6,287","318","24","82","22,086","8","170","7","0","137","0","105","21,133","21","15","380","15","41","9","31","387","0","15","0","15","0","370","15","53"
"        85 years and over","27,020","977","35","0","445","0","197","37","0","17","0","0","0","58","7","70","2,120","0","46","398","0","330","4,844","0","0","65","0","0","4,948","16","24","2,120","152","0","17","20","0","164","49","252","216","20,044","0","726","79","0","0","0","0","0","561","0","0","0","0","34","0","68","1,937","0","46","17","7","551","229","16","0","1,937","0","35","78","0","0","0","22","0","772","29","0","0","0","0","5","0","17","8","0","0","0","578","148","0","35","0","452","0","0","0","19,272","12","183","0","7","0","65","223","0","522","197","27","0","183","0","13","53","0","34","0","0","0","104","0","65","99","180","79","4,791","63","0","4,880","298","0","62","19,714","0","107","0","0","155","21","68","18,988","16","56","398","37","55","0","5","223","0","56","0","12","0","344","0","25"
"    Female:","3,045,402","423,747","17,939","1,183","71,271","510","37,822","7,241","8,038","14,615","1,101","622","1,163","8,564","2,426","19,439","354,567","746","14,378","38,241","3,220","93,141","806,237","2,652","576","135,182","1,362","498","858,446","1,571","23,065","348,142","138,832","5,587","2,987","5,018","1,654","148,320","7,762","87,903","44,748","1,752,439","689","238,845","32,974","2,018","653","4,674","1,557","5,080","64,132","1,323","1,126","704","526","29,905","1,276","25,433","304,444","1,413","24,666","9,561","4,505","57,746","166,443","1,695","243","306,032","5,313","4,703","7,151","2,038","6,821","593","21,286","5,638","257,775","3,463","424","1,857","587","1,996","5,054","960","6,341","5,450","391","1,588","3,443","67,467","199,533","724","19,126","970","77,934","3,729","395","373","1,494,664","9,488","152,065","3,879","2,927","1,409","18,123","86,941","521","54,641","49,461","9,373","469","48,535","3,075","1,420","16,412","3,904","26,619","845","423","558","52,209","1,741","15,987","30,487","9,471","23,854","789,825","4,169","785","833,013","89,547","6,425","23,413","1,659,298","2,309","61,800","2,054","652","33,917","1,642","26,542","1,420,453","11,260","11,285","34,255","13,124","5,510","9,120","4,547","52,028","1,693","9,149","586","6,830","1,265","114,213","671","6,257"
"        Under 5 years","193,875","43,406","1,681","69","5,399","0","1,220","184","880","1,099","129","4","96","1,098","158","1,263","24,320","41","1,253","2,501","199","15,723","48,015","214","0","13,729","99","0","57,166","149","1,754","23,008","14,784","78","89","207","75","15,616","480","7,086","1,445","111,369","98","22,736","2,122","184","4","213","31","475","3,813","151","170","8","7","6,511","124","3,211","15,777","119","4,056","462","808","2,205","18,024","156","21","15,999","283","294","514","119","506","18","2,429","437","25,722","230","17","113","67","146","265","78","263","259","10","222","107","4,033","21,132","16","1,898","90","6,754","246","63","78","85,647","832","16,771","251","439","56","2,408","14,618","24","2,116","3,094","615","0","8,321","375","97","1,409","214","3,483","111","81","0","9,151","31","2,069","3,142","764","1,286","46,606","365","147","53,955","14,050","1,312","1,660","95,646","139","7,690","125","27","6,133","340","2,373","72,910","937","1,419","1,619","889","501","836","251","3,315","121","1,080","82","359","144","18,106","38","497"
"        5 to 9 years","190,886","38,577","1,315","83","5,450","8","1,524","207","674","699","26","2","114","1,120","255","1,181","24,146","15","1,837","2,597","121","12,579","48,247","266","47","14,137","117","69","54,872","21","1,560","23,574","12,968","102","67","291","148","14,254","409","5,378","1,664","108,462","74","21,010","1,855","257","30","180","52","417","4,600","73","84","68","24","4,847","39","2,601","17,605","120","2,785","530","534","3,199","16,311","21","6","17,675","187","230","422","120","492","30","2,727","409","23,314","135","30","63","91","110","419","30","409","387","0","70","191","4,735","21,056","7","1,502","79","6,313","123","16","0","85,148","1,286","14,474","137","264","34","2,057","11,374","37","3,132","3,079","611","24","6,471","291","100","1,600","278","2,828","73","69","68","6,625","75","1,857","2,419","614","1,283","46,647","285","96","52,271","11,437","572","1,325","95,883","164","6,032","180","21","4,960","345","1,790","74,873","846","991","2,090","717","540","572","361","3,065","101","791","53","374","63","14,222","47","218"
"        10 to 14 years","185,324","32,058","1,449","0","4,776","17","1,567","260","442","710","32","28","53","866","244","1,203","23,138","17","1,140","2,941","205","10,121","49,981","191","58","11,055","88","5","56,089","26","1,431","22,464","10,190","37","110","322","78","10,965","421","5,193","2,120","103,756","36","17,609","2,368","105","65","329","42","203","4,536","40","56","0","38","4,032","44","2,319","17,975","66","2,822","556","556","3,801","12,767","26","15","18,125","318","410","474","314","245","21","1,382","245","19,761","134","7","106","18","132","352","32","351","207","0","150","256","4,670","15,366","7","1,615","77","5,571","162","63","16","83,995","775","11,627","162","319","41","1,802","9,518","58","3,691","2,936","689","97","5,013","284","34","1,082","312","1,894","29","64","0","6,108","42","1,546","2,230","827","1,421","48,899","219","71","53,770","9,198","674","1,812","93,635","147","5,367","141","133","3,634","150","1,658","76,026","758","956","2,349","872","296","947","202","2,959","121","700","50","143","36","12,020","127","434"
"        15 to 17 years","111,477","18,073","807","72","1,801","14","1,147","109","357","470","55","15","42","257","131","765","12,550","21","881","1,505","123","5,807","31,323","151","19","5,962","16","0","35,177","27","772","12,141","5,102","81","45","210","42","5,849","238","2,574","1,250","63,245","50","10,540","1,362","65","146","165","6","353","2,268","25","10","6","16","2,442","15","1,592","9,300","75","1,273","322","203","1,748","6,635","36","12","9,403","288","222","378","53","378","16","741","306","11,452","94","23","70","30","78","349","0","199","177","0","103","127","2,362","8,513","0","916","34","2,325","148","31","9","51,793","747","5,754","156","180","100","786","5,769","10","1,703","1,966","252","25","3,147","150","92","913","264","1,086","10","30","6","3,854","25","653","1,505","401","1,052","30,410","104","33","33,585","5,844","409","1,040","57,438","24","3,004","101","6","2,279","146","634","46,898","630","695","1,265","446","191","310","312","1,587","8","562","10","134","25","7,117","36","163"
"        18 and 19 years","76,038","12,397","523","78","1,158","31","489","38","235","561","14","93","24","219","18","325","7,573","31","483","510","184","3,183","22,452","91","0","3,605","101","12","24,219","13","858","7,375","4,275","77","82","74","27","4,662","115","2,910","1,134","42,083","64","6,660","811","30","0","95","48","199","1,709","20","64","8","24","1,304","24","816","6,088","24","624","363","81","1,550","5,018","37","17","6,111","119","152","233","14","247","18","333","169","7,228","92","0","51","36","66","143","0","179","118","0","23","112","1,801","5,166","24","654","14","1,373","90","0","8","34,855","387","4,535","90","37","35","356","2,808","8","1,468","850","94","0","1,462","13","21","631","118","887","100","21","8","1,767","48","283","952","277","521","21,821","124","37","23,403","2,878","198","448","38,900","79","1,868","57","14","1,106","22","902","32,240","340","411","478","253","197","290","49","1,259","55","338","0","123","20","3,502","5","131"
"        20 years","35,414","6,242","396","66","553","6","281","5","99","150","74","0","32","168","22","201","3,598","11","97","341","123","1,281","10,982","55","0","1,918","0","20","11,693","113","259","3,471","2,265","21","0","0","3","2,346","58","957","539","18,640","0","3,232","426","3","0","41","40","54","511","9","0","32","40","384","0","302","2,875","32","457","208","140","449","2,649","113","0","2,900","19","58","96","0","126","10","148","60","3,524","0","0","17","3","27","22","13","85","44","0","25","61","511","2,748","40","396","0","604","29","0","0","15,116","81","2,552","29","70","5","303","1,123","0","449","515","100","5","698","6","13","108","61","561","13","9","32","711","72","263","338","176","234","10,874","10","0","11,391","1,090","127","218","17,359","63","1,163","55","0","475","33","370","14,127","291","161","295","66","11","192","22","690","23","121","0","35","0","1,547","0","42"
"        21 years","36,799","5,960","518","63","623","18","368","21","93","348","19","15","12","142","21","316","3,829","18","109","360","81","1,183","11,780","15","0","2,128","15","0","12,510","35","236","3,728","1,997","17","13","111","29","2,080","162","1,187","523","19,262","73","3,306","455","29","0","129","22","129","604","25","24","12","0","433","40","328","3,260","12","327","167","47","494","2,334","35","0","3,260","67","93","98","14","151","15","256","88","3,578","13","19","8","0","8","109","0","86","122","10","0","50","617","3,003","10","518","0","710","47","27","0","15,684","83","2,225","47","46","42","254","893","0","481","552","26","6","569","26","55","249","68","314","63","29","12","730","22","214","341","38","369","11,531","31","9","12,182","1,084","101","288","18,079","10","855","15","14","254","8","288","14,773","295","304","322","135","32","86","100","532","10","264","0","24","25","1,411","0","58"
"        22 to 24 years","119,789","19,393","825","141","2,008","8","1,224","76","398","834","31","46","114","334","67","1,008","12,759","8","506","1,217","204","4,146","33,100","48","54","6,158","100","0","35,169","4","1,144","12,353","7,019","198","194","196","25","7,397","498","4,039","1,771","67,171","12","10,160","1,585","42","0","245","112","367","2,673","66","145","48","80","1,300","102","1,042","10,527","176","1,042","489","140","2,547","8,076","14","0","10,621","220","114","288","106","509","45","805","368","10,938","194","20","43","17","43","119","98","285","296","32","94","102","2,867","8,662","44","882","56","2,204","197","5","0","56,233","378","7,570","204","93","160","679","3,988","31","2,353","1,830","567","8","2,138","110","147","844","102","1,002","36","39","18","2,069","142","593","1,478","304","1,135","32,256","103","0","34,127","3,973","406","1,096","63,025","187","3,159","48","22","1,445","92","1,151","52,865","563","434","1,067","406","183","450","100","2,219","124","348","35","228","60","5,015","11","224"
"        25 to 29 years","232,006","36,332","1,771","41","6,761","40","2,540","264","537","1,209","112","44","200","432","186","1,467","28,044","56","1,140","2,530","379","6,214","57,544","147","47","12,349","120","5","60,568","88","1,707","27,738","13,521","584","301","394","153","14,312","496","6,467","3,047","133,150","76","19,721","2,532","186","15","318","215","295","4,813","194","114","163","0","1,748","98","1,717","24,569","216","1,176","814","276","4,412","15,258","106","23","24,687","354","305","329","192","519","0","2,158","478","20,635","365","23","168","68","168","530","28","435","495","0","118","306","5,124","18,514","44","1,838","94","7,023","629","0","133","112,515","791","14,118","644","210","83","946","6,016","37","4,057","3,419","786","62","3,357","154","152","1,408","306","2,833","45","0","152","3,024","224","907","2,586","892","1,701","56,136","417","5","58,851","6,313","306","1,718","126,936","203","5,892","128","93","2,586","70","1,669","107,215","666","566","2,389","807","257","831","530","3,425","159","527","11","657","172","7,489","49","668"
"        30 to 34 years","237,087","40,118","1,787","136","8,937","98","3,497","706","600","1,120","81","0","104","657","251","1,285","33,035","98","1,067","2,944","234","6,634","58,324","175","33","14,119","115","19","61,543","242","2,286","32,591","13,792","811","336","441","211","14,594","504","6,997","3,339","132,537","26","22,306","2,403","224","0","484","145","456","4,611","122","115","50","36","1,668","34","2,335","29,094","104","2,041","630","354","4,270","15,997","242","36","29,221","318","374","530","160","634","50","2,678","498","23,831","349","46","140","55","140","469","77","396","343","66","127","396","4,947","21,005","102","1,843","131","9,502","521","37","5","108,706","802","14,930","521","295","135","1,403","6,164","92","3,921","4,615","738","36","3,814","149","61","1,585","435","2,851","111","31","50","3,219","178","1,305","2,735","726","1,630","56,739","368","38","59,208","6,196","444","1,773","125,903","224","5,834","89","47","2,719","94","1,796","103,597","1,092","768","2,631","1,386","304","773","438","3,847","188","670","40","900","122","8,237","117","426"
"        35 to 39 years","220,080","38,040","1,324","96","9,288","53","3,176","841","468","1,397","52","22","44","528","105","1,404","33,572","96","968","3,189","299","5,467","55,774","243","48","13,033","45","73","58,569","161","2,113","33,053","14,208","819","303","534","186","14,698","653","7,569","4,507","116,880","84","20,240","2,388","186","140","540","50","469","4,910","351","94","15","69","1,284","113","2,037","30,239","55","1,634","760","250","4,626","16,018","163","35","30,457","239","367","569","179","536","21","2,858","440","21,471","325","0","122","32","122","524","117","461","427","10","218","235","5,235","19,508","38","1,414","58","9,686","361","31","23","95,409","490","15,050","371","170","75","1,320","4,831","32","4,323","3,725","730","14","3,115","365","62","1,424","235","2,475","54","29","4","2,795","67","1,177","2,929","630","1,645","54,350","314","83","56,532","5,277","519","1,628","111,413","195","5,140","216","29","1,993","140","1,997","91,173","834","903","2,896","1,254","657","743","511","4,960","121","760","95","958","351","6,911","26","381"
"        40 to 44 years","221,457","32,350","1,101","126","6,193","40","3,643","877","589","1,194","62","34","81","537","149","1,443","29,328","40","1,117","3,337","182","4,869","59,915","418","50","11,638","98","4","62,624","142","1,958","29,121","10,697","479","284","367","152","11,370","450","7,865","4,116","120,904","0","18,827","2,487","174","50","398","218","428","5,161","55","52","96","37","1,225","153","1,538","26,963","126","1,618","636","139","5,042","12,689","142","11","26,992","406","551","481","123","646","88","1,320","520","20,159","318","29","213","27","213","348","104","454","356","41","29","228","5,461","15,443","80","1,140","43","6,497","236","0","0","100,745","673","11,572","252","158","185","1,319","4,323","62","4,740","4,246","665","11","2,336","284","128","997","228","1,367","10","0","51","2,709","218","1,093","1,819","486","1,788","58,918","173","54","61,086","4,673","207","1,851","116,035","152","4,737","372","45","1,574","32","2,567","97,208","865","875","3,063","1,193","527","699","329","4,268","93","649","31","546","55","6,291","27","762"
"        45 to 49 years","226,444","27,541","1,197","77","4,225","18","3,315","676","722","914","85","85","141","461","130","1,457","26,431","24","585","3,109","253","4,007","63,846","176","25","8,380","146","98","66,086","79","1,618","26,064","9,232","407","156","517","122","9,496","543","6,375","4,323","126,529","41","15,630","2,582","127","64","359","193","376","5,321","116","34","85","83","753","85","1,382","23,954","152","1,366","743","279","4,928","10,592","92","21","24,088","409","399","655","143","590","83","1,147","513","16,558","156","52","124","35","124","508","48","490","435","46","134","240","5,477","12,801","80","1,211","79","4,489","255","39","14","109,971","264","10,007","255","169","126","1,096","3,832","0","4,772","3,813","681","61","2,343","236","92","905","240","1,863","100","0","74","2,240","214","955","1,952","606","1,760","62,941","318","34","64,704","4,169","367","1,839","122,522","242","3,817","134","39","1,390","10","1,988","106,892","769","748","2,969","921","461","822","459","4,525","159","607","20","426","116","5,535","96","480"
"        50 to 54 years","223,757","22,575","987","95","3,341","45","3,431","593","789","1,071","86","0","2","437","170","1,463","23,286","59","657","2,748","155","3,370","62,826","186","21","6,089","18","18","64,782","132","1,379","22,978","6,441","453","258","352","126","6,871","746","6,251","3,720","130,645","0","13,928","2,204","126","33","290","33","284","4,661","24","71","0","7","600","106","1,206","21,493","2","1,069","591","268","4,594","7,717","132","5","21,555","476","277","568","124","317","65","793","222","14,745","280","27","167","38","167","211","59","436","369","30","62","341","4,928","9,244","33","1,006","23","3,490","260","42","26","115,900","430","7,060","260","145","102","846","3,336","29","4,323","3,733","755","69","1,731","162","89","920","341","1,020","31","0","0","1,956","33","767","1,922","677","1,855","61,906","285","43","63,576","3,537","308","1,613","127,275","105","2,397","179","74","1,031","25","1,978","113,347","739","503","2,653","913","535","349","211","3,856","98","424","46","473","24","4,606","0","399"
"        55 to 59 years","195,450","16,610","670","18","3,126","21","3,273","487","362","911","107","0","35","454","141","1,274","19,538","47","658","2,304","47","2,472","53,985","94","11","4,072","29","21","55,414","43","1,563","19,388","4,342","368","184","260","122","4,758","667","5,611","3,236","116,520","51","10,748","1,992","122","66","288","137","206","3,650","19","31","28","20","441","99","812","18,457","35","756","527","123","3,586","5,516","60","0","18,524","389","220","447","141","343","27","644","325","11,316","184","34","164","23","164","325","76","480","352","67","67","272","3,834","6,191","88","680","97","3,297","183","0","26","105,204","416","4,858","250","72","87","758","2,340","16","3,402","3,424","662","22","1,014","111","46","650","272","712","8","0","28","1,429","137","734","1,299","375","1,692","53,335","282","16","54,602","2,715","150","1,465","114,048","157","1,643","47","17","537","47","1,893","103,300","511","397","2,197","761","123","300","325","3,331","132","373","11","368","19","3,471","4","314"
"        60 and 61 years","72,464","5,683","317","4","1,236","46","1,067","126","91","405","30","64","10","75","32","507","7,041","52","347","697","126","839","19,461","23","0","1,392","64","10","19,994","39","245","6,999","1,834","162","72","112","29","2,040","252","1,529","974","43,586","0","3,322","865","29","0","52","61","22","1,500","0","9","22","0","99","65","264","6,478","22","186","409","67","1,513","2,294","55","13","6,493","164","98","204","68","83","67","285","79","3,459","72","15","42","10","42","53","49","283","201","39","15","56","1,572","2,349","39","317","10","1,300","17","7","0","40,127","206","1,947","25","77","0","254","881","25","1,441","1,122","159","0","548","71","0","200","67","376","13","0","10","533","61","233","478","222","677","19,261","68","14","19,730","1,067","42","456","42,747","48","446","23","27","365","0","469","39,425","264","139","668","176","25","188","53","997","48","118","29","174","0","1,253","18","112"
"        62 to 64 years","96,298","6,680","296","0","1,372","22","1,312","298","59","302","0","18","18","176","78","585","9,557","66","399","1,382","33","1,152","26,015","58","45","1,607","18","20","26,698","23","589","9,530","1,559","401","131","254","82","1,849","179","2,076","1,246","58,689","4","4,285","875","82","26","119","66","96","1,996","12","10","28","9","187","0","509","8,982","28","350","233","116","2,043","2,118","23","4","8,989","204","119","154","59","162","0","225","162","4,592","131","24","86","9","86","38","24","200","141","22","7","93","2,127","2,455","31","296","6","1,442","65","0","35","54,097","290","1,719","65","20","19","269","1,176","5","1,912","1,401","282","8","568","56","7","446","93","232","24","0","18","683","66","258","517","250","675","25,569","74","11","26,189","1,259","27","642","57,537","59","709","43","19","322","0","745","53,252","194","175","1,363","399","57","200","38","1,277","50","164","1","401","12","1,609","10","130"
"        65 and 66 years","56,376","4,037","196","0","862","0","962","195","89","181","0","152","14","154","8","294","5,114","13","207","507","202","689","14,213","75","0","1,074","152","0","14,622","24","289","5,047","1,306","108","38","48","0","1,404","153","1,519","751","35,430","0","2,117","616","0","0","127","8","37","913","0","7","8","0","101","27","257","4,770","22","265","256","29","893","1,624","24","0","4,800","140","60","91","41","45","0","35","45","2,342","38","4","64","0","64","49","13","54","51","0","30","37","951","1,475","0","202","10","909","37","0","0","33,088","98","1,417","37","18","22","220","613","11","855","1,040","150","0","314","38","13","117","37","206","0","0","0","409","8","220","291","118","351","14,096","167","0","14,365","689","67","360","34,741","0","276","75","12","164","53","496","32,624","36","121","499","214","84","265","49","774","0","121","0","116","0","954","0","142"
"        67 to 69 years","68,722","4,236","272","0","1,343","0","1,018","182","165","294","9","0","5","72","49","595","7,114","0","176","765","43","832","17,388","0","5","715","0","52","17,956","122","293","7,065","978","189","161","131","0","1,054","200","1,576","1,052","42,874","0","2,826","852","0","14","158","24","89","1,275","10","0","5","13","173","18","224","6,684","5","186","314","27","1,343","1,244","130","9","6,704","124","106","116","28","113","0","56","113","2,979","170","11","48","17","48","86","42","271","242","9","20","135","1,445","1,343","9","272","8","1,405","33","0","0","39,895","76","1,068","33","14","34","190","804","17","1,182","1,109","226","12","410","75","49","183","135","155","7","0","5","568","24","169","394","141","750","17,205","50","8","17,732","1,010","49","538","42,042","26","438","0","13","206","0","463","39,216","111","223","765","206","159","102","72","1,052","20","202","43","196","10","1,196","0","132"
"        70 to 74 years","85,249","5,268","244","11","1,224","25","1,184","227","103","150","22","0","12","104","112","706","8,326","33","334","1,156","16","1,004","22,413","26","106","920","4","41","23,083","57","454","8,282","1,049","112","106","73","17","1,232","213","1,636","1,479","52,976","0","3,658","947","20","0","73","35","83","1,767","0","17","12","23","99","44","413","7,812","12","226","255","46","1,808","1,537","57","0","7,823","272","73","265","9","118","8","100","107","3,847","106","43","29","11","29","61","23","239","218","0","11","30","1,873","1,533","23","251","2","1,307","17","11","0","49,129","183","1,203","17","55","55","305","1,101","5","1,702","1,266","308","0","503","59","108","308","30","225","0","0","12","670","35","220","486","290","882","22,105","129","65","22,670","1,293","44","692","51,972","59","691","26","0","288","29","429","48,314","179","198","1,138","227","152","65","61","1,531","36","113","5","112","0","1,519","5","183"
"        75 to 79 years","59,803","3,371","115","7","1,013","0","808","226","142","275","54","0","10","128","61","315","5,946","0","205","874","0","628","15,648","0","7","537","0","0","15,917","16","163","5,900","686","29","26","63","27","749","139","1,180","1,114","37,379","0","2,360","487","27","0","13","10","19","1,332","11","0","10","0","72","4","151","5,615","10","153","152","10","1,265","1,003","16","15","5,642","76","60","41","5","29","11","28","22","2,508","38","0","11","0","11","48","9","152","98","0","27","38","1,358","957","0","115","16","1,096","7","0","0","34,871","63","798","7","23","9","254","530","22","1,227","884","141","9","304","44","0","145","38","126","7","12","10","269","10","214","259","214","448","15,503","90","0","15,766","698","46","335","36,751","0","273","0","0","208","0","417","34,391","163","107","841","226","63","39","48","1,140","0","67","24","29","11","851","14","101"
"        80 to 84 years","46,019","2,412","129","0","316","0","495","350","38","240","9","0","0","82","38","156","3,369","0","144","331","0","452","11,258","0","0","258","17","12","11,597","6","140","3,340","320","32","0","44","0","412","105","886","829","30,892","0","1,746","376","0","0","45","0","0","657","0","0","0","0","73","0","227","3,186","0","143","39","0","651","585","6","0","3,210","84","112","142","18","0","0","109","0","1,841","0","0","0","0","0","21","0","39","25","0","24","0","657","578","0","129","29","333","50","11","0","29,051","92","441","50","53","0","173","358","0","651","533","68","0","159","9","35","179","0","91","0","0","0","339","0","173","216","249","351","11,079","61","0","11,370","517","29","337","30,440","0","199","0","0","100","6","222","28,694","79","129","331","364","41","25","21","829","0","129","0","32","0","660","33","113"
"        85 years and over","54,588","2,388","19","0","266","0","281","293","106","81","12","0","0","63","0","226","2,953","0","68","396","11","489","11,747","0","0","307","0","19","12,098","9","254","2,932","267","22","31","17","0","312","81","1,042","569","39,460","0","1,878","384","0","0","13","9","23","851","0","19","0","0","129","42","150","2,741","0","111","105","12","779","437","9","0","2,753","157","9","56","8","32","0","29","32","1,975","39","0","8","0","8","5","40","94","87","9","12","30","882","491","9","31","14","304","16","12","0","37,485","45","369","16","0","4","125","545","0","740","309","68","0","200","7","19","109","30","32","0","9","0","351","9","84","199","194","348","11,638","132","21","11,948","580","21","279","38,971","26","170","0","0","148","0","247","37,093","98","62","367","293","114","36","5","590","26","21","0","22","0","691","8","147"