"Label (Grouping)","Oklahoma City, OK Metro Area!!Total population!!Estimate","Oklahoma City, OK Metro Area!!White alone!!Estimate","Oklahoma City, OK Metro Area!!White alone or in combination with one or more other races!!Estimate","Oklahoma City, OK Metro Area!!Black or African American alone!!Estimate","Oklahoma City, OK Metro Area!!Black or African American alone or in combination with one or more other races!!Estimate","Oklahoma City, OK Metro Area!!American Indian and Alaska Native alone!!Estimate","Oklahoma City, OK Metro Area!!American Indian tribal grouping alone!!Estimate","Oklahoma City, OK Metro Area!!American Indian and Alaska Native alone or in combination with one or more other races!!Estimate","Oklahoma City, OK Metro Area!!American Indian tribal grouping alone or in any combination!!Estimate","Oklahoma City, OK Metro Area!!Asian alone!!Estimate","Oklahoma City, OK Metro Area!!Asian Indian alone!!Estimate","Oklahoma City, OK Metro Area!!Chinese alone!!Estimate","Oklahoma City, OK Metro Area!!Chinese, except Taiwanese alone!!Estimate","Oklahoma City, OK Metro Area!!Filipino alone!!Estimate","Oklahoma City, OK Metro Area!!Japanese alone!!Estimate","Oklahoma City, OK Metro Area!!Korean alone!!Estimate","Oklahoma City, OK Metro Area!!Pakistani alone!!Estimate","Oklahoma City, OK Metro Area!!Thai alone!!Estimate","Oklahoma City, OK Metro Area!!Vietnamese alone!!Estimate","Oklahoma City, OK Metro Area!!Asian alone or in combination with one or more other races!!Estimate","Oklahoma City, OK Metro Area!!Asian Indian alone or in any combination!!Estimate","Oklahoma City, OK Metro Area!!Chinese alone or in any combination!!Estimate","Oklahoma City, OK Metro Area!!Chinese, except Taiwanese alone or in any combination!!Estimate","Oklahoma City, OK Metro Area!!Filipino alone or in any combination!!Estimate","Oklahoma City, OK Metro Area!!Japanese alone or in any combination!!Estimate","Oklahoma City, OK Metro Area!!Korean alone or in any combination!!Estimate","Oklahoma City, OK Metro Area!!Laotian alone or in any combination!!Estimate","Oklahoma City, OK Metro Area!!Pakistani alone or in any combination!!Estimate","Oklahoma City, OK Metro Area!!Thai alone or in any combination!!Estimate","Oklahoma City, OK Metro Area!!Vietnamese alone or in any combination!!Estimate","Oklahoma City, OK Metro Area!!Native Hawaiian and Other Pacific Islander alone!!Estimate","Oklahoma City, OK Metro Area!!Native Hawaiian and Other Pacific Islander alone or in combination with one or more other races!!Estimate","Oklahoma City, OK Metro Area!!Polynesian alone or in any combination!!Estimate","Oklahoma City, OK Metro Area!!Native Hawaiian alone or in any combination!!Estimate","Oklahoma City, OK Metro Area!!Micronesian alone or in any combination!!Estimate","Oklahoma City, OK Metro Area!!Some Other Race alone!!Estimate","Oklahoma City, OK Metro Area!!Some Other Race alone or in combination with one or more other races!!Estimate","Oklahoma City, OK Metro Area!!Burmese alone!!Estimate","Oklahoma City, OK Metro Area!!Burmese alone or in any combination!!Estimate","Oklahoma City, OK Metro Area!!Two or More Races!!Estimate","Oklahoma City, OK Metro Area!!Two races with Some Other Race!!Estimate","Oklahoma City, OK Metro Area!!Two races without Some Other Race!!Estimate","Oklahoma City, OK Metro Area!!White; Black or African American!!Estimate","Oklahoma City, OK Metro Area!!White; American Indian and Alaska Native!!Estimate","Oklahoma City, OK Metro Area!!White; Asian!!Estimate","Oklahoma City, OK Metro Area!!White; Native Hawaiian and Other Pacific Islander!!Estimate","Oklahoma City, OK Metro Area!!White; Some Other Race!!Estimate","Oklahoma City, OK Metro Area!!Black or African American; American Indian and Alaska Native!!Estimate","Oklahoma City, OK Metro Area!!Black or African American; Asian!!Estimate","Oklahoma City, OK Metro Area!!American Indian and Alaska Native; Some Other Race!!Estimate","Oklahoma City, OK Metro Area!!White; Black or African American; American Indian and Alaska Native!!Estimate","Oklahoma City, OK Metro Area!!White; American Indian and Alaska Native; Asian!!Estimate","Oklahoma City, OK Metro Area!!White; American Indian and Alaska Native; Some Other Race!!Estimate","Oklahoma City, OK Metro Area!!Central American Indian tribal grouping alone or in any combination!!Estimate","Oklahoma City, OK Metro Area!!Apache tribal grouping alone or in any combination!!Estimate","Oklahoma City, OK Metro Area!!Blackfeet Tribe of the Blackfeet Indian Reservation of Montana alone or in any combination!!Estimate","Oklahoma City, OK Metro Area!!Cheyenne tribal grouping alone or in any combination!!Estimate","Oklahoma City, OK Metro Area!!Chickasaw tribal grouping alone!!Estimate","Oklahoma City, OK Metro Area!!Chickasaw tribal grouping alone or in any combination!!Estimate","Oklahoma City, OK Metro Area!!Choctaw tribal grouping alone!!Estimate","Oklahoma City, OK Metro Area!!Choctaw tribal grouping alone or in any combination!!Estimate","Oklahoma City, OK Metro Area!!Comanche Nation, Oklahoma tribal grouping alone!!Estimate","Oklahoma City, OK Metro Area!!Comanche Nation, Oklahoma tribal grouping alone or in any combination!!Estimate","Oklahoma City, OK Metro Area!!Creek tribal grouping alone!!Estimate","Oklahoma City, OK Metro Area!!Creek tribal grouping alone or in any combination!!Estimate","Oklahoma City, OK Metro Area!!Delaware tribal grouping alone or in any combination!!Estimate","Oklahoma City, OK Metro Area!!Kiowa tribal grouping alone!!Estimate","Oklahoma City, OK Metro Area!!Kiowa tribal grouping alone or in any combination!!Estimate","Oklahoma City, OK Metro Area!!Navajo Nation tribal grouping alone or in any combination!!Estimate","Oklahoma City, OK Metro Area!!Osage Tribe, Oklahoma tribal grouping alone or in any combination!!Estimate","Oklahoma City, OK Metro Area!!Potawatomi tribal grouping alone!!Estimate","Oklahoma City, OK Metro Area!!Potawatomi tribal grouping alone or in any combination!!Estimate","Oklahoma City, OK Metro Area!!Seminole tribal grouping alone!!Estimate","Oklahoma City, OK Metro Area!!Seminole tribal grouping alone or in any combination!!Estimate","Oklahoma City, OK Metro Area!!Mexican American Indian tribal grouping alone!!Estimate","Oklahoma City, OK Metro Area!!Cherokee tribal grouping alone!!Estimate","Oklahoma City, OK Metro Area!!Cherokee tribal grouping alone or in any combination!!Estimate","Oklahoma City, OK Metro Area!!Sioux tribal grouping alone or in any combination!!Estimate","Oklahoma City, OK Metro Area!!Hispanic or Latino (of any race)!!Estimate","Oklahoma City, OK Metro Area!!Mexican!!Estimate","Oklahoma City, OK Metro Area!!Puerto Rican!!Estimate","Oklahoma City, OK Metro Area!!Cuban!!Estimate","Oklahoma City, OK Metro Area!!Central American!!Estimate","Oklahoma City, OK Metro Area!!Guatemalan!!Estimate","Oklahoma City, OK Metro Area!!Honduran!!Estimate","Oklahoma City, OK Metro Area!!Salvadoran!!Estimate","Oklahoma City, OK Metro Area!!South American!!Estimate","Oklahoma City, OK Metro Area!!Colombian!!Estimate","Oklahoma City, OK Metro Area!!Peruvian!!Estimate","Oklahoma City, OK Metro Area!!Venezuelan!!Estimate","Oklahoma City, OK Metro Area!!Spaniard!!Estimate","Oklahoma City, OK Metro Area!!White alone, not Hispanic or Latino!!Estimate","Oklahoma City, OK Metro Area!!White alone or in combination with one or more other races, not Hispanic or Latino!!Estimate","Oklahoma City, OK Metro Area!!Black or African American alone, not Hispanic or Latino!!Estimate","Oklahoma City, OK Metro Area!!Black or African American alone or in combination with one or more other races, not Hispanic or Latino!!Estimate","Oklahoma City, OK Metro Area!!American Indian and Alaska Native alone, not Hispanic or Latino!!Estimate","Oklahoma City, OK Metro Area!!American Indian and Alaska Native alone or in combination with one or more other races, not Hispanic or Latino!!Estimate","Oklahoma City, OK Metro Area!!Asian alone, not Hispanic or Latino!!Estimate","Oklahoma City, OK Metro Area!!Asian alone or in combination with one or more other races, not Hispanic or Latino!!Estimate","Oklahoma City, OK Metro Area!!Native Hawaiian and Other Pacific Islander alone, not Hispanic or Latino!!Estimate","Oklahoma City, OK Metro Area!!Native Hawaiian and Other Pacific Islander alone or in combination with one or more other races, not Hispanic or Latino!!Estimate","Oklahoma City, OK Metro Area!!Some Other Race alone, not Hispanic or Latino!!Estimate","Oklahoma City, OK Metro Area!!Some Other Race alone or in combination with one or more other races, not Hispanic or Latino!!Estimate","Oklahoma City, OK Metro Area!!Two or More Races, not Hispanic or Latino!!Estimate","Oklahoma City, OK Metro Area!!White alone, Hispanic or Latino!!Estimate","Oklahoma City, OK Metro Area!!White alone or in combination with one or more other races, Hispanic or Latino!!Estimate","Oklahoma City, OK Metro Area!!Black or African American alone, Hispanic or Latino!!Estimate","Oklahoma City, OK Metro Area!!Black or African American alone or in combination with one or more other races, Hispanic or Latino!!Estimate","Oklahoma City, OK Metro Area!!American Indian and Alaska Native alone, Hispanic or Latino!!Estimate","Oklahoma City, OK Metro Area!!American Indian and Alaska Native alone or in combination with one or more other races, Hispanic or Latino!!Estimate","Oklahoma City, OK Metro Area!!Asian alone or in combination with one or more other races, Hispanic or Latino!!Estimate","Oklahoma City, OK Metro Area!!Some Other Race alone, Hispanic or Latino!!Estimate","Oklahoma City, OK Metro Area!!Some Other Race alone or in combination with one or more other races, Hispanic or Latino!!Estimate","Oklahoma City, OK Metro Area!!Two or More Races, Hispanic or Latino!!Estimate","Oklahoma City, OK Metro Area!!Mexican American Indian tribal grouping alone or in any combination!!Estimate","Oklahoma City, OK Metro Area!!Sac and Fox tribal grouping alone or in any combination!!Estimate","Oklahoma City, OK Metro Area!!Shawnee tribal grouping alone or in any combination!!Estimate","Oklahoma City, OK Metro Area!!White in combination with one or more other races!!Estimate","Oklahoma City, OK Metro Area!!Black or African American in combination with one or more other races!!Estimate","Oklahoma City, OK Metro Area!!American Indian and Alaska Native in combination with one or more other races!!Estimate","Oklahoma City, OK Metro Area!!Asian in combination with one or more other races!!Estimate","Oklahoma City, OK Metro Area!!Native Hawaiian and Other Pacific Islander in combination with one or more other races!!Estimate","Oklahoma City, OK Metro Area!!Some Other Race in combination with one or more other races!!Estimate","Oklahoma City, OK Metro Area!!Three or more races with Some Other Race!!Estimate","Oklahoma City, OK Metro Area!!Three or more races without Some Other Race!!Estimate"
"Total:","1,412,874","997,079","1,116,084","143,302","175,890","51,743","45,050","114,176","101,004","43,932","9,381","5,651","5,200","2,871","1,219","2,747","1,143","947","14,117","60,364","10,703","8,579","8,005","5,884","4,560","5,443","1,397","1,311","1,560","16,761","1,019","3,534","1,532","1,189","897","47,400","81,990","818","984","128,399","31,866","86,759","19,296","48,093","11,321","997","29,915","5,466","959","797","3,822","943","1,735","1,307","1,375","851","1,091","4,248","9,940","9,257","22,661","1,039","1,980","3,455","8,941","1,098","1,305","2,079","687","1,483","2,317","3,919","1,740","4,029","2,349","9,635","30,403","718","196,239","154,681","5,287","1,336","18,818","10,279","3,027","4,259","5,436","1,436","1,357","1,501","3,703","890,170","975,407","140,750","170,075","44,150","100,136","43,488","58,830","795","2,949","4,372","9,548","92,910","106,909","140,677","2,552","5,815","7,593","14,040","1,534","43,028","72,442","35,489","2,857","698","1,051","119,005","32,588","62,433","16,432","2,515","34,590","9,774","7,050"
"    Male:","699,575","495,761","554,185","70,087","85,886","25,431","21,949","55,139","48,708","20,338","4,553","2,651","2,467","1,045","354","1,386","600","303","6,580","28,399","5,142","4,120","3,821","2,547","1,843","2,794","949","691","631","7,668","487","1,903","757","554","345","24,899","41,759","364","472","62,572","15,702","42,158","9,579","23,225","5,605","555","14,903","2,538","347","214","1,838","396","797","621","786","465","499","1,761","4,402","4,828","11,080","435","879","1,556","3,931","485","597","938","306","625","1,135","1,952","966","1,996","1,324","4,785","15,028","450","101,399","79,981","2,653","748","10,573","5,848","1,799","2,249","2,339","514","619","725","1,723","439,700","481,734","68,880","83,119","21,461","48,575","20,148","27,664","341","1,580","2,253","4,557","45,393","56,061","72,451","1,207","2,767","3,970","6,564","735","22,646","37,202","17,179","1,511","262","485","58,424","15,799","29,708","8,061","1,416","16,860","4,712","3,554"
"        Under 5 years","46,970","29,786","36,513","5,117","7,826","1,941","1,549","4,904","4,281","832","240","130","130","19","12","16","8","34","200","1,995","338","175","165","160","266","305","56","30","75","286","43","104","24","24","58","2,049","3,702","39","81","7,202","1,423","4,972","1,699","2,055","905","7","1,285","237","54","29","380","39","109","103","136","62","19","115","349","402","1,128","5","29","95","459","13","54","91","71","47","66","143","48","234","90","292","1,046","51","11,087","8,597","278","37","1,209","754","104","262","239","0","155","34","309","23,273","28,180","4,937","7,263","1,376","4,057","832","1,872","7","61","204","337","5,254","6,513","8,333","180","563","565","847","123","1,845","3,365","1,948","95","5","23","6,727","2,709","2,963","1,163","61","1,653","807","577"
"        5 to 9 years","49,419","31,650","37,886","5,523","7,863","1,985","1,567","4,771","4,132","1,178","144","123","123","104","0","100","14","31","397","2,075","263","226","226","371","142","260","73","25","46","520","73","164","107","88","38","2,396","4,020","29","38","6,614","1,521","4,395","1,646","1,923","540","49","1,415","172","47","71","296","142","59","38","68","46","31","62","376","449","1,048","65","87","96","467","117","41","110","4","41","66","192","84","215","231","217","1,137","22","10,438","9,011","164","35","704","471","104","92","96","25","20","51","103","25,903","30,343","5,418","7,437","1,454","3,867","1,175","1,941","18","96","347","541","4,666","5,747","7,543","105","426","531","904","134","2,049","3,479","1,948","284","63","98","6,236","2,340","2,786","897","91","1,624","698","595"
"        10 to 14 years","52,034","32,840","39,664","5,860","8,430","2,618","2,212","5,616","4,863","1,348","464","152","108","44","14","30","15","4","426","2,305","471","372","328","206","237","241","56","26","29","621","36","139","43","23","34","2,077","4,093","17","24","7,255","1,829","4,577","1,606","1,927","671","35","1,736","302","15","32","424","64","125","121","61","27","92","140","458","603","1,217","12","92","197","442","37","65","78","77","62","54","113","260","311","138","439","1,437","0","11,904","10,032","206","33","1,013","693","98","212","246","67","11","71","142","25,713","30,513","5,639","7,957","2,130","4,606","1,315","2,205","36","126","146","559","5,151","7,127","9,151","221","473","488","1,010","100","1,931","3,534","2,104","157","5","27","6,824","2,570","2,998","957","103","2,016","849","662"
"        15 to 17 years","29,654","19,335","22,918","3,428","4,349","1,279","1,110","2,766","2,423","717","91","118","118","34","8","106","20","3","252","1,332","103","205","205","62","195","234","22","23","7","426","0","148","51","51","0","1,114","2,109","6","6","3,781","959","2,640","654","1,218","498","143","888","69","7","20","97","9","18","33","0","0","54","95","317","314","686","5","10","37","106","6","58","58","36","18","55","80","47","90","80","203","706","19","5,912","5,029","60","62","560","308","124","100","62","37","10","4","49","15,856","18,392","3,391","4,161","1,081","2,370","695","1,272","0","145","56","166","2,663","3,479","4,526","37","188","198","396","60","1,058","1,943","1,118","107","0","10","3,583","921","1,487","615","148","995","182","146"
"        18 and 19 years","19,434","12,398","14,994","1,986","3,060","697","582","2,034","1,665","570","55","69","69","43","34","22","46","0","222","929","60","148","148","202","91","37","0","46","9","329","19","146","70","70","41","825","1,432","10","10","2,939","573","2,172","620","954","203","88","537","246","39","1","86","0","0","11","0","15","26","36","111","47","277","15","31","9","85","0","2","54","45","13","0","14","30","74","0","177","566","0","3,777","3,037","118","0","339","193","114","32","59","59","0","0","42","10,436","12,249","1,927","2,924","568","1,787","562","888","19","75","25","51","2,120","1,962","2,745","59","136","129","247","41","800","1,381","819","0","0","7","2,596","1,074","1,337","359","127","607","194","160"
"        20 years","10,235","6,797","7,938","923","1,132","384","231","989","804","305","127","10","10","3","0","29","20","0","116","664","127","108","65","110","110","86","0","20","0","149","0","38","10","10","0","587","885","0","0","1,239","281","796","101","404","201","0","273","50","7","1","44","63","0","27","0","23","0","36","78","28","113","8","8","0","33","0","0","1","0","8","0","96","0","0","85","49","198","13","1,870","1,335","117","19","271","134","133","0","36","5","11","0","6","5,964","6,807","828","1,019","272","867","285","630","0","38","83","95","933","833","1,131","95","113","112","122","34","504","790","306","85","8","0","1,141","209","605","359","38","298","162","145"
"        21 years","11,530","7,002","8,463","1,628","2,371","482","334","1,191","964","371","55","41","32","17","51","56","4","0","74","494","55","82","73","29","55","56","34","4","52","122","0","21","4","4","0","375","884","0","0","1,672","440","1,033","406","419","30","17","390","143","14","0","55","0","69","139","0","14","0","79","180","34","142","0","78","9","26","0","0","0","0","7","96","96","0","32","27","37","187","0","1,975","1,397","52","5","435","310","9","116","0","0","0","0","4","5,975","7,026","1,617","2,317","349","963","371","494","0","21","14","116","1,229","1,027","1,437","11","54","133","228","0","361","768","443","27","0","12","1,461","743","709","123","21","509","199","130"
"        22 to 24 years","29,670","19,145","22,170","3,297","4,093","1,333","1,088","2,831","2,347","1,488","128","484","484","74","8","0","101","0","422","2,014","141","552","552","179","44","54","56","101","103","522","0","124","26","26","0","1,233","1,873","15","15","3,174","609","2,304","533","1,276","338","23","594","134","0","0","45","24","19","0","0","29","21","82","213","262","500","26","39","83","226","13","30","30","8","72","45","82","8","72","207","321","854","33","4,931","3,966","194","27","488","266","63","140","35","6","6","13","83","16,296","18,712","3,246","4,029","1,034","2,475","1,482","1,975","0","124","120","203","2,561","2,849","3,458","51","64","299","356","39","1,113","1,670","613","207","9","0","3,025","796","1,498","526","124","640","261","230"
"        25 to 29 years","51,723","34,962","39,533","5,493","6,995","2,208","2,073","4,641","4,316","1,790","429","280","278","79","44","220","67","0","485","2,557","501","631","629","187","113","258","6","67","58","529","49","170","84","81","51","2,211","3,133","28","28","5,010","902","3,863","977","1,906","565","27","851","320","28","6","130","13","20","0","122","62","86","133","301","453","1,082","49","60","221","391","74","31","67","30","33","130","202","45","129","12","379","1,298","12","8,169","5,790","199","65","1,329","671","217","367","357","52","34","184","160","30,138","33,839","5,377","6,848","2,005","4,288","1,739","2,462","40","130","156","316","4,099","4,824","5,694","116","147","203","353","95","2,055","2,817","911","30","43","0","4,571","1,502","2,433","767","121","922","245","225"
"        30 to 34 years","50,773","35,646","38,960","5,581","6,062","2,018","1,732","3,757","3,302","1,589","328","271","269","63","24","107","41","0","363","2,027","344","327","271","155","88","249","156","51","2","376","98","246","63","21","38","2,422","3,367","46","87","3,419","885","2,327","302","1,532","346","65","862","52","22","4","85","6","40","65","29","38","20","126","273","267","813","42","102","101","281","11","75","75","18","80","135","174","10","93","129","409","1,055","28","8,028","5,939","185","102","1,343","807","116","354","241","17","55","106","131","31,371","33,823","5,517","5,961","1,612","3,217","1,578","2,016","83","212","50","197","2,534","4,275","5,137","64","101","406","540","11","2,372","3,170","885","138","12","99","3,314","481","1,739","438","148","945","207","147"
"        35 to 39 years","51,204","36,666","40,578","4,909","5,740","1,573","1,472","3,688","3,469","1,529","469","194","133","86","22","143","28","76","272","1,944","475","274","205","214","79","229","39","28","76","319","95","200","85","51","43","2,171","3,622","70","79","4,261","1,320","2,672","450","1,683","279","0","1,231","211","23","5","55","4","124","0","102","19","51","192","311","220","660","26","34","88","220","10","18","73","0","47","42","65","125","172","61","313","1,120","8","7,366","5,594","251","130","710","264","161","64","186","23","23","130","171","33,050","35,738","4,773","5,486","1,335","3,237","1,529","1,934","76","175","133","393","2,942","3,616","4,840","136","254","238","451","10","2,038","3,229","1,319","80","19","82","3,912","831","2,115","415","105","1,451","269","138"
"        40 to 44 years","44,581","31,262","34,803","4,436","4,981","1,647","1,395","3,524","3,143","1,587","540","150","150","122","35","166","4","8","257","2,036","612","191","191","213","150","298","142","4","22","261","0","152","85","0","0","1,778","3,111","34","34","3,871","1,308","2,408","248","1,603","282","37","1,293","189","40","15","12","12","25","0","53","11","16","117","262","486","780","4","42","41","207","39","30","35","0","27","54","114","68","137","100","309","988","51","6,646","4,994","176","57","938","412","287","208","156","22","53","0","46","27,673","29,927","4,413","4,947","1,415","3,189","1,587","2,024","0","152","278","383","2,569","3,589","4,876","23","34","232","335","12","1,500","2,728","1,302","118","3","5","3,541","545","1,877","449","152","1,333","155","130"
"        45 to 49 years","41,837","31,002","33,496","3,969","4,220","1,453","1,270","2,869","2,589","1,623","442","98","98","181","8","45","13","0","692","1,786","470","120","120","217","21","91","83","13","5","729","10","37","27","27","10","1,184","2,159","37","37","2,596","905","1,566","99","1,237","103","27","903","95","0","0","0","9","61","18","44","8","37","85","208","207","468","12","12","101","231","27","37","54","0","14","75","122","136","175","111","353","894","6","5,507","4,348","305","17","334","216","47","60","131","56","35","21","22","27,732","29,313","3,893","4,116","1,308","2,640","1,605","1,736","10","37","106","202","1,676","3,270","4,183","76","104","145","229","50","1,078","1,957","920","122","0","24","2,494","251","1,416","163","27","975","125","55"
"        50 to 54 years","39,740","29,908","32,042","3,746","3,905","1,186","1,087","2,360","2,106","1,429","177","121","121","35","44","116","53","0","693","1,569","217","140","140","40","80","152","92","53","0","742","7","39","22","22","7","1,220","2,083","16","16","2,244","849","1,381","64","1,073","122","22","839","82","13","0","0","0","14","0","23","21","16","91","248","170","365","46","56","110","123","38","35","38","4","19","61","84","0","10","0","274","694","20","4,217","3,622","65","5","198","65","83","25","127","33","9","76","66","27,569","29,027","3,738","3,897","1,127","2,287","1,429","1,569","0","22","102","279","1,558","2,339","3,015","8","8","59","73","0","1,118","1,804","686","8","13","41","2,134","159","1,174","140","32","863","14","0"
"        55 to 59 years","43,479","32,943","35,335","4,106","4,314","1,390","1,262","2,628","2,393","1,055","136","138","138","58","4","151","58","61","396","1,369","181","274","274","99","39","155","21","58","61","403","9","60","13","13","0","1,473","2,452","17","17","2,503","918","1,409","45","1,043","238","0","890","42","25","23","80","0","50","52","32","11","0","103","177","240","525","66","84","43","105","27","18","18","0","15","94","124","24","43","15","426","956","41","3,799","2,853","78","48","404","191","54","116","141","54","75","4","149","31,377","32,879","4,106","4,299","1,263","2,413","1,055","1,365","4","51","289","381","1,586","1,566","2,456","0","15","127","215","4","1,184","2,071","917","15","1","4","2,392","208","1,238","314","51","979","176","115"
"        60 and 61 years","16,080","12,554","13,372","1,578","1,660","491","442","953","888","323","95","26","26","12","0","0","9","0","171","373","95","26","26","15","18","0","0","9","0","171","0","15","0","0","0","279","603","0","0","855","313","501","15","405","37","15","305","16","13","0","30","0","11","0","13","14","0","45","79","110","182","11","11","17","38","10","0","0","0","25","47","77","0","10","19","109","303","19","995","800","41","0","25","10","0","15","49","16","12","21","45","12,108","12,683","1,578","1,648","470","915","323","373","0","15","2","85","604","446","689","0","12","21","38","0","277","518","251","19","0","0","818","82","462","50","15","324","41","30"
"        62 to 64 years","22,775","17,811","18,538","2,090","2,236","734","655","1,347","1,245","861","208","34","34","16","30","40","81","20","352","915","217","34","34","23","50","40","59","81","20","352","12","19","7","7","12","411","585","0","0","856","174","673","24","489","45","0","160","106","0","0","2","0","0","0","65","10","0","78","149","123","301","13","69","17","51","21","55","108","0","0","22","30","58","111","8","100","347","23","1,079","849","0","38","94","33","49","12","36","8","21","0","14","17,266","17,865","2,090","2,222","707","1,320","861","911","12","19","46","82","714","545","673","0","14","27","27","4","365","503","142","8","23","15","727","146","613","54","7","174","9","9"
"        65 and 66 years","13,903","11,100","11,628","1,100","1,196","223","198","561","472","401","83","65","0","3","0","8","0","0","233","478","83","74","9","3","3","8","0","0","0","233","8","11","8","8","3","496","655","0","0","575","108","416","59","243","74","0","101","37","0","7","0","0","51","0","3","2","0","31","42","60","147","7","7","14","32","27","0","0","0","0","0","9","1","1","11","50","220","0","832","649","47","6","37","37","0","0","2","2","0","0","13","10,894","11,292","1,094","1,190","212","489","401","478","8","11","24","49","438","206","336","6","6","11","72","0","472","606","137","11","0","1","528","96","338","77","3","159","51","0"
"        67 to 69 years","17,822","14,533","15,407","1,449","1,488","525","487","1,191","1,109","297","61","2","2","0","0","0","13","17","178","342","82","16","16","10","32","10","17","13","17","199","0","10","0","0","10","124","303","0","0","894","171","704","25","637","22","0","171","8","0","0","0","11","2","0","15","2","0","10","50","69","189","0","0","152","202","1","41","41","13","6","31","42","0","60","0","46","436","55","914","631","16","30","41","13","22","6","55","16","30","0","112","13,936","14,614","1,440","1,473","524","1,149","297","342","0","10","13","29","698","597","793","9","15","1","42","0","111","274","196","0","24","10","874","39","666","45","10","179","19","11"
"        70 to 74 years","25,525","21,312","22,080","1,990","2,030","569","532","1,277","1,026","571","239","96","95","23","8","0","0","25","137","597","240","96","95","23","8","0","8","0","25","137","0","0","0","0","0","275","349","0","0","808","74","734","0","698","26","0","44","10","0","0","0","0","0","14","0","4","1","58","102","80","171","23","28","86","152","11","1","1","0","74","28","49","14","14","0","99","285","33","884","687","61","19","71","0","3","68","10","10","0","0","28","20,790","21,524","1,980","1,990","538","1,246","571","597","0","0","18","28","744","522","556","10","40","31","31","0","257","321","64","0","1","8","768","40","708","26","0","74","0","0"
"        75 to 79 years","14,943","13,041","13,443","790","813","327","311","587","560","230","20","35","35","18","0","0","5","24","99","308","32","35","35","18","0","0","15","26","24","99","0","0","0","0","0","138","225","0","0","417","87","314","4","229","66","0","87","3","0","0","16","0","0","0","5","0","15","14","77","75","88","0","0","25","26","3","0","0","0","17","18","18","7","8","0","121","180","16","496","366","12","0","19","0","0","0","51","0","51","0","3","12,777","13,058","790","813","313","539","230","308","0","0","41","41","296","264","385","0","0","14","48","0","97","184","121","0","29","0","402","23","260","78","0","87","16","16"
"        80 to 84 years","9,274","7,978","8,223","604","622","210","209","431","413","185","10","4","4","0","8","31","0","0","117","197","23","4","4","0","8","31","14","13","0","117","28","40","28","28","0","7","36","0","0","262","29","220","0","220","0","0","24","0","0","0","1","0","0","0","15","47","14","26","34","43","100","0","0","5","15","0","0","0","0","0","15","25","1","1","0","30","65","0","302","224","28","13","0","0","0","0","17","0","8","9","20","7,708","7,946","604","622","210","431","167","179","28","40","0","22","255","270","277","0","0","0","0","18","7","14","7","0","4","13","245","18","221","12","12","29","13","13"
"        85 years and over","6,970","6,090","6,201","484","500","158","151","223","198","59","12","10","10","11","0","0","0","0","26","93","12","10","10","11","14","0","0","0","0","26","0","20","0","0","0","54","78","0","0","125","24","81","2","51","14","0","24","14","0","0","0","0","0","0","0","0","0","7","7","86","98","0","0","9","13","0","6","6","0","0","1","1","0","4","0","32","56","0","271","231","0","0","11","0","11","0","7","6","0","1","5","5,895","5,984","484","500","158","223","59","93","0","20","0","2","103","195","217","0","0","0","0","0","54","76","22","0","0","6","111","16","65","34","20","24","20","20"
"    Female:","713,299","501,318","561,899","73,215","90,004","26,312","23,101","59,037","52,296","23,594","4,828","3,000","2,733","1,826","865","1,361","543","644","7,537","31,965","5,561","4,459","4,184","3,337","2,717","2,649","448","620","929","9,093","532","1,631","775","635","552","22,501","40,231","454","512","65,827","16,164","44,601","9,717","24,868","5,716","442","15,012","2,928","612","583","1,984","547","938","686","589","386","592","2,487","5,538","4,429","11,581","604","1,101","1,899","5,010","613","708","1,141","381","858","1,182","1,967","774","2,033","1,025","4,850","15,375","268","94,840","74,700","2,634","588","8,245","4,431","1,228","2,010","3,097","922","738","776","1,980","450,470","493,673","71,870","86,956","22,689","51,561","23,340","31,166","454","1,369","2,119","4,991","47,517","50,848","68,226","1,345","3,048","3,623","7,476","799","20,382","35,240","18,310","1,346","436","566","60,581","16,789","32,725","8,371","1,099","17,730","5,062","3,496"
"        Under 5 years","44,978","27,559","34,903","4,922","7,499","1,500","1,315","4,781","4,379","1,037","344","72","63","98","0","23","9","90","145","2,232","418","152","143","417","159","343","46","9","100","327","0","178","75","65","28","2,126","4,229","45","56","7,834","1,725","5,216","1,718","2,266","851","90","1,575","251","40","124","259","154","109","7","61","14","70","139","511","296","992","0","69","57","522","0","22","49","38","70","133","255","43","337","123","90","851","2","10,792","8,728","310","12","919","646","59","191","230","47","60","114","142","21,858","26,859","4,684","6,813","1,168","3,795","1,011","2,002","0","97","155","441","5,310","5,701","8,044","238","686","332","986","230","1,971","3,788","2,524","184","25","105","7,344","2,577","3,281","1,195","178","2,103","893","515"
"        5 to 9 years","47,914","30,439","37,409","4,968","7,319","1,933","1,758","5,443","4,995","1,173","408","74","74","59","10","6","0","0","514","2,149","504","226","226","181","300","143","0","37","57","619","75","176","84","77","70","1,967","3,545","7","7","7,359","1,337","5,406","1,694","2,699","675","29","1,274","257","52","21","130","45","181","71","46","10","58","229","516","383","1,311","63","141","99","255","34","66","142","0","29","105","239","86","173","63","381","1,343","0","10,435","8,354","291","77","618","306","178","99","343","160","49","81","456","24,547","29,431","4,754","6,904","1,643","4,346","1,153","2,078","56","147","137","308","5,189","5,892","7,978","214","415","290","1,097","71","1,830","3,237","2,170","93","62","1","6,970","2,351","3,510","976","101","1,578","616","375"
"        10 to 14 years","48,543","30,092","36,268","5,451","7,913","2,332","1,863","5,023","4,222","1,391","194","336","290","45","19","77","15","0","522","2,380","331","550","499","201","219","207","13","38","5","649","38","129","58","33","53","2,481","4,200","75","75","6,758","1,627","4,589","1,678","1,797","657","13","1,489","291","140","93","259","79","44","138","7","43","48","196","514","436","1,082","38","68","154","345","78","45","84","0","55","95","163","95","184","232","455","1,241","0","10,990","9,120","255","16","1,108","628","161","257","187","51","44","0","54","24,044","28,487","5,326","7,559","1,744","4,028","1,349","2,267","27","100","180","446","4,883","6,048","7,781","125","354","588","995","113","2,301","3,754","1,875","247","12","35","6,176","2,462","2,691","989","91","1,719","542","450"
"        15 to 17 years","28,463","17,496","21,427","3,175","4,443","1,387","1,029","3,117","2,507","982","233","112","112","22","3","63","29","2","329","1,429","303","297","297","66","72","161","46","29","2","563","3","60","12","12","45","1,257","2,577","7","7","4,163","1,184","2,568","780","1,235","313","53","1,169","140","43","11","192","16","86","45","0","0","63","100","238","175","561","27","61","119","206","14","26","47","29","25","72","115","64","113","106","277","720","0","5,680","4,790","132","6","240","139","24","66","242","0","214","16","127","14,889","17,461","3,076","4,179","967","2,388","976","1,358","3","57","120","289","2,752","2,607","3,966","99","264","420","729","71","1,137","2,288","1,411","176","39","10","3,931","1,268","1,730","447","57","1,320","411","275"
"        18 and 19 years","18,683","11,716","13,968","2,275","2,901","888","763","2,005","1,685","666","86","64","64","28","5","18","12","7","325","970","98","77","77","68","111","37","20","12","7","454","0","0","0","0","0","814","1,481","46","46","2,324","590","1,425","428","760","185","0","570","42","10","17","126","86","77","56","0","0","0","84","199","72","205","0","22","54","192","38","12","12","81","58","43","132","10","101","0","209","482","20","3,451","2,706","50","0","417","294","5","111","36","29","0","0","33","9,984","11,413","2,255","2,806","814","1,688","666","959","0","0","32","32","1,481","1,732","2,555","20","95","74","317","11","782","1,449","843","14","10","13","2,252","626","1,117","304","0","667","309","232"
"        20 years","11,219","6,936","8,180","1,525","1,956","328","248","1,033","839","341","119","5","5","42","0","0","35","0","132","509","137","72","72","60","36","4","0","35","3","157","12","31","5","5","23","735","937","0","0","1,342","202","1,067","276","543","147","3","202","89","4","0","50","0","0","0","62","3","74","10","96","35","163","7","22","4","99","0","0","0","0","67","0","0","0","27","18","10","192","0","1,880","1,495","41","0","206","120","30","51","17","0","5","12","9","6,070","7,020","1,481","1,876","211","849","341","500","0","14","193","193","1,043","866","1,160","44","80","117","184","9","542","744","299","27","11","64","1,244","431","705","168","19","202","73","73"
"        21 years","9,801","6,424","7,479","759","1,203","434","416","1,075","954","564","107","122","122","18","8","11","31","0","247","648","107","122","122","48","18","11","0","31","0","259","20","26","6","6","20","391","711","0","0","1,209","320","757","201","361","64","0","297","131","0","23","112","14","0","0","0","0","17","70","194","64","170","0","0","63","195","0","8","8","22","0","27","42","6","83","0","66","178","0","1,749","1,266","25","0","206","33","71","68","129","0","0","129","0","5,324","6,124","746","1,190","398","1,016","556","640","11","17","86","128","931","1,100","1,355","13","13","36","59","8","305","583","278","0","8","0","1,055","444","641","84","6","320","132","132"
"        22 to 24 years","28,964","18,584","21,542","3,698","4,572","1,421","1,166","2,868","2,580","1,070","153","258","258","85","37","65","13","23","212","1,401","192","343","343","170","127","87","33","13","23","289","46","86","67","61","19","968","1,931","67","67","3,177","939","2,035","524","1,128","203","27","873","153","0","0","84","7","24","37","12","21","0","154","323","176","590","92","99","118","366","9","53","53","14","101","10","12","22","47","94","149","665","0","4,738","3,657","153","25","674","274","69","301","102","35","16","6","22","16,165","18,134","3,634","4,422","1,156","2,520","1,049","1,377","38","78","28","86","2,156","2,419","3,408","64","150","265","348","24","940","1,845","1,021","94","19","61","2,958","874","1,447","331","40","963","203","179"
"        25 to 29 years","51,223","34,423","39,134","5,846","7,085","1,993","1,741","4,481","4,106","1,743","330","256","245","189","57","82","55","31","502","2,738","330","453","439","352","159","129","33","55","100","814","41","231","72","69","64","2,041","2,879","43","51","5,136","824","4,123","880","2,121","678","93","794","164","50","3","45","9","14","60","48","78","50","199","318","365","1,058","33","54","71","397","20","6","19","3","95","123","192","34","144","92","347","1,202","37","7,513","5,659","301","80","680","317","112","236","282","75","91","95","133","30,086","33,845","5,764","6,942","1,722","4,047","1,724","2,698","41","199","219","308","4,154","4,337","5,289","82","143","271","434","40","1,822","2,571","982","92","27","143","4,711","1,239","2,488","995","190","838","189","175"
"        30 to 34 years","50,868","35,276","39,153","5,565","6,413","2,092","1,777","4,357","3,852","1,994","520","334","278","170","21","191","45","14","386","2,623","535","392","336","341","192","347","46","62","31","481","101","157","96","83","51","1,610","2,941","32","71","4,230","1,119","2,595","382","1,525","462","19","975","187","11","87","161","110","173","73","89","74","23","236","312","388","792","31","62","73","332","130","185","232","36","16","49","96","54","196","101","310","952","26","6,974","5,461","116","155","677","370","47","173","206","83","20","103","133","31,605","34,346","5,498","6,301","1,643","3,581","1,960","2,577","101","153","106","284","2,981","3,671","4,807","67","112","449","776","46","1,504","2,657","1,249","114","0","8","3,877","848","2,265","629","56","1,331","516","304"
"        35 to 39 years","50,603","35,272","39,455","5,151","5,959","1,796","1,698","4,027","3,643","2,070","495","231","180","139","124","75","21","62","589","2,794","532","320","269","171","469","197","12","21","81","657","62","141","66","49","75","1,637","3,143","77","77","4,615","1,404","2,950","294","1,826","466","41","1,295","206","84","24","90","12","21","35","25","31","0","151","391","489","1,028","43","88","183","306","82","56","66","36","45","81","118","45","91","0","291","1,074","43","6,655","5,174","208","31","623","428","133","57","236","93","52","68","134","31,584","34,613","5,035","5,763","1,626","3,722","2,046","2,714","62","141","181","649","3,414","3,688","4,842","116","196","170","305","80","1,456","2,494","1,201","11","23","22","4,183","808","2,231","724","79","1,506","261","159"
"        40 to 44 years","44,140","31,456","34,398","4,319","5,282","1,486","1,350","3,693","3,195","1,857","548","291","258","184","18","135","62","81","442","2,420","657","320","287","342","45","216","38","62","141","465","31","120","88","31","27","1,255","2,208","0","0","3,736","837","2,659","293","1,486","381","0","599","379","108","147","62","0","116","77","51","13","28","148","394","233","635","44","84","112","285","71","2","140","3","33","44","56","30","83","44","392","884","27","5,915","4,533","61","25","503","271","57","121","310","99","44","3","307","27,720","29,902","4,179","5,081","1,396","3,401","1,857","2,420","23","85","152","373","2,898","3,736","4,496","140","201","90","292","0","1,103","1,835","838","95","89","0","2,942","963","2,207","563","89","953","240","124"
"        45 to 49 years","41,599","29,488","32,092","4,511","4,789","1,583","1,476","3,030","2,764","1,809","368","243","243","120","71","123","45","40","575","2,075","398","329","329","157","158","189","20","45","56","653","46","121","52","50","21","1,381","2,329","19","19","2,781","929","1,802","129","1,274","173","49","929","109","24","0","6","14","19","8","58","17","44","103","278","237","507","24","47","139","320","57","73","119","38","52","75","82","80","153","83","282","821","14","4,656","3,521","186","43","621","334","141","97","150","49","32","0","66","27,198","28,916","4,423","4,701","1,493","2,860","1,809","2,061","42","117","83","206","1,895","2,290","3,176","88","88","90","170","14","1,298","2,123","886","94","28","28","2,604","278","1,447","266","75","948","50","31"
"        50 to 54 years","40,171","29,914","31,686","4,032","4,358","1,512","1,372","2,732","2,410","1,681","130","191","168","204","110","105","86","39","643","1,814","147","218","195","246","140","105","23","86","51","666","21","56","15","15","12","1,110","1,547","27","27","1,901","411","1,380","138","1,041","80","6","411","76","14","0","77","0","5","0","49","17","22","206","305","305","573","7","22","61","193","12","12","16","11","45","55","107","16","68","6","368","772","35","3,861","2,953","83","0","219","88","41","28","229","21","73","82","110","27,647","29,025","4,032","4,347","1,338","2,518","1,666","1,799","14","49","106","173","1,507","2,267","2,661","0","11","174","214","15","1,004","1,374","394","11","3","6","1,772","326","1,220","133","35","437","110","84"
"        55 to 59 years","44,519","33,812","35,805","4,508","4,874","1,284","1,126","2,630","2,319","1,671","218","148","121","172","6","122","76","31","620","1,898","242","265","238","193","88","156","81","76","31","649","24","51","46","46","16","957","1,656","0","0","2,263","684","1,466","65","1,052","134","6","623","166","32","33","61","0","15","14","17","15","10","117","225","191","574","3","11","118","187","8","91","91","33","0","39","47","65","65","32","318","911","34","3,149","2,631","64","61","139","34","52","5","87","43","20","22","48","32,173","33,621","4,499","4,830","1,213","2,450","1,656","1,870","24","51","148","314","1,657","1,639","2,184","9","44","71","180","28","809","1,342","606","40","6","7","1,993","366","1,346","227","27","699","113","98"
"        60 and 61 years","16,995","13,069","14,241","1,454","1,638","566","514","1,167","1,006","278","15","27","27","24","9","50","0","0","123","338","23","35","35","24","13","89","0","0","0","123","12","12","0","0","12","365","906","0","0","1,251","529","666","51","478","58","0","529","77","0","0","44","0","0","0","15","0","17","84","109","45","100","0","25","112","122","9","21","24","0","0","10","10","0","10","2","106","370","0","1,420","1,097","85","0","103","51","7","36","55","21","8","26","2","12,488","13,155","1,438","1,622","564","1,136","278","338","12","12","49","114","746","581","1,086","16","16","2","31","0","316","792","505","25","10","0","1,172","184","601","60","0","541","56","44"
"        62 to 64 years","25,542","19,760","20,988","2,467","2,689","1,031","988","1,984","1,777","685","119","42","32","87","14","103","9","29","231","740","135","53","43","95","36","103","3","9","29","239","0","7","4","4","3","291","570","0","0","1,308","267","920","36","755","45","4","267","77","0","0","102","0","12","5","25","17","33","106","191","84","236","59","74","60","268","25","7","12","11","57","61","70","62","68","0","142","645","10","1,033","784","66","1","77","71","0","6","12","11","0","1","55","19,144","20,225","2,457","2,679","1,011","1,948","685","740","0","7","51","187","1,161","616","763","10","10","20","36","0","240","383","147","0","25","4","1,228","222","953","55","7","279","121","109"
"        65 and 66 years","14,169","11,682","12,027","1,100","1,147","525","509","785","731","260","56","1","0","48","17","7","0","15","48","273","56","1","0","61","30","20","16","0","15","61","0","22","13","13","13","231","293","0","0","371","55","309","34","240","0","9","55","13","0","0","0","0","7","7","4","0","1","53","89","61","100","15","15","62","76","14","0","4","0","79","73","90","0","0","0","93","202","0","420","283","9","4","55","19","0","36","40","6","5","13","22","11,549","11,831","1,100","1,138","523","776","255","268","0","22","14","22","308","133","196","0","9","2","9","5","217","271","63","0","0","10","345","47","260","13","22","62","7","0"
"        67 to 69 years","20,918","16,432","17,525","2,031","2,131","519","511","1,153","1,109","645","173","41","41","62","20","32","0","22","250","723","173","54","54","98","29","32","0","0","22","250","0","7","0","0","0","105","577","9","9","1,186","471","703","23","548","58","0","452","67","0","0","10","1","1","0","1","24","5","14","101","128","245","0","0","34","74","6","11","11","26","23","12","51","24","52","0","138","439","12","951","694","49","0","45","7","21","7","4","4","0","0","20","15,922","16,669","2,031","2,131","514","1,147","643","721","0","7","17","143","840","510","856","0","0","5","6","2","88","434","346","0","31","19","1,093","100","634","78","7","472","12","11"
"        70 to 74 years","29,083","23,518","24,757","2,491","2,641","531","498","1,531","1,386","776","81","43","43","20","52","30","0","135","385","818","93","67","67","32","52","30","18","0","152","397","0","16","12","12","0","500","736","0","0","1,267","200","942","30","892","13","0","183","7","0","0","77","0","8","1","7","9","5","27","75","139","309","23","30","81","109","1","0","0","0","1","31","32","1","1","0","106","683","4","1,145","796","86","17","35","1","0","34","158","92","0","0","21","23,084","24,097","2,491","2,540","510","1,418","776","818","0","12","40","126","1,037","434","660","0","101","21","113","0","460","610","230","0","0","23","1,239","150","1,000","42","16","236","125","89"
"        75 to 79 years","18,304","15,496","16,142","1,085","1,160","535","452","1,047","924","344","27","69","69","0","6","20","0","23","199","365","42","69","69","0","6","20","0","0","23","199","0","0","0","0","0","135","328","0","0","709","164","516","12","495","6","0","119","3","0","0","0","0","14","52","0","0","14","29","102","47","94","49","61","74","93","5","12","12","0","3","28","28","0","0","0","145","391","0","536","372","0","0","14","0","14","0","20","0","0","5","66","15,289","15,869","1,085","1,100","452","927","344","350","0","0","15","105","583","207","273","0","60","83","120","15","120","223","126","0","0","0","646","75","512","21","0","193","29","0"
"        80 to 84 years","13,353","11,313","11,705","995","1,066","438","372","649","566","81","4","28","28","6","14","10","0","0","19","124","4","28","28","6","14","10","0","0","0","19","0","0","0","0","0","99","284","0","0","427","172","208","1","129","43","0","172","35","0","0","34","0","12","0","0","0","10","25","33","45","132","24","24","22","36","0","0","0","0","4","10","24","29","29","29","150","254","0","482","376","11","12","30","0","0","30","14","0","0","0","19","11,160","11,359","995","1,066","394","583","81","124","0","0","7","9","234","153","346","0","0","44","66","0","92","275","193","29","8","0","392","71","211","43","0","185","47","34"
"        85 years and over","13,247","11,161","11,615","887","966","198","159","426","347","476","100","12","12","4","244","13","0","0","99","504","104","16","16","8","244","13","0","0","0","103","0","4","4","4","0","45","223","0","0","480","174","299","50","217","24","0","160","8","0","0","3","0","0","0","12","0","0","7","24","35","124","22","22","29","32","0","0","0","0","0","6","6","8","8","0","25","103","4","415","250","52","23","36","0","6","0","8","3","5","0","1","10,940","11,271","887","966","189","417","459","487","0","4","0","55","357","221","344","0","0","9","9","17","45","168","123","0","0","7","454","79","228","28","4","178","7","3"