"Label (Grouping)","San Francisco-Oakland-Hayward, CA Metro Area!!Total population!!Estimate","San Francisco-Oakland-Hayward, CA Metro Area!!Hispanic or Latino (of any race) (200-299)!!Estimate","San Francisco-Oakland-Hayward, CA Metro Area!!Chinese (except Taiwanese) alone (410-411)!!Estimate","San Francisco-Oakland-Hayward, CA Metro Area!!American Indian and Alaska Native alone or in combination with one or more other races (300, A01-Z99) & (100-299) or (300, A01-Z99) or (400-999)!!Estimate","San Francisco-Oakland-Hayward, CA Metro Area!!Polynesian alone (500-519)!!Estimate","San Francisco-Oakland-Hayward, CA Metro Area!!Guamanian or Chamorro alone or in any combination (520-522) & (100-299) or (300, A01-Z99) or (400-999)!!Estimate","San Francisco-Oakland-Hayward, CA Metro Area!!Argentinean (231)!!Estimate","San Francisco-Oakland-Hayward, CA Metro Area!!Two or more races, not Hispanic or Latino!!Estimate","San Francisco-Oakland-Hayward, CA Metro Area!!Some Other Race alone, Hispanic or Latino!!Estimate","San Francisco-Oakland-Hayward, CA Metro Area!!Some other race in combination with one or more other races!!Estimate","San Francisco-Oakland-Hayward, CA Metro Area!!American Indian and Alaska Native; Asian!!Estimate","San Francisco-Oakland-Hayward, CA Metro Area!!White; American Indian and Alaska Native; Asian!!Estimate","San Francisco-Oakland-Hayward, CA Metro Area!!Thai alone or in any combination (447-449) & (100-299) or (300, A01-Z99) or (400-999)!!Estimate","San Francisco-Oakland-Hayward, CA Metro Area!!Burmese alone (404)!!Estimate","San Francisco-Oakland-Hayward, CA Metro Area!!Native Hawaiian and Other Pacific Islander alone or in combination with one or more other races  (500-599) & (100-299) or (300, A01-Z99) or (400-999)!!Estimate","San Francisco-Oakland-Hayward, CA Metro Area!!Two or more races!!Estimate","San Francisco-Oakland-Hayward, CA Metro Area!!Cherokee tribal grouping alone (B21-B39)!!Estimate","San Francisco-Oakland-Hayward, CA Metro Area!!American Indian and Alaska Native in combination with one or more other races!!Estimate","San Francisco-Oakland-Hayward, CA Metro Area!!Laotian alone (442)!!Estimate","San Francisco-Oakland-Hayward, CA Metro Area!!White alone, not Hispanic or Latino!!Estimate","San Francisco-Oakland-Hayward, CA Metro Area!!Cambodian alone (405-409)!!Estimate","San Francisco-Oakland-Hayward, CA Metro Area!!Some other race alone or in combination with one or more other races!!Estimate","San Francisco-Oakland-Hayward, CA Metro Area!!Navajo Nation tribal grouping alone or in any combination (F62-F70) & (100-299) or (300, A01-Z99) or (400-999)!!Estimate","San Francisco-Oakland-Hayward, CA Metro Area!!Mexican American Indian tribal grouping alone (V84-W66)!!Estimate","San Francisco-Oakland-Hayward, CA Metro Area!!White; Native Hawaiian and Other Pacific Islander!!Estimate","San Francisco-Oakland-Hayward, CA Metro Area!!White; Black or African American; Some other race!!Estimate","San Francisco-Oakland-Hayward, CA Metro Area!!Pomo tribal grouping alone or in any combination (G99-H14, H66-H69, H93-H98) & (100-299) or (300, A01-Z99) or (400-999)!!Estimate","San Francisco-Oakland-Hayward, CA Metro Area!!Black or African American alone!!Estimate","San Francisco-Oakland-Hayward, CA Metro Area!!Korean alone or in any combination (440-441) & (100-299) or (300, A01-Z99) or (400-999)!!Estimate","San Francisco-Oakland-Hayward, CA Metro Area!!White; Black or African American!!Estimate","San Francisco-Oakland-Hayward, CA Metro Area!!Some Other Race alone or in combination with one or more other races, Hispanic or Latino!!Estimate","San Francisco-Oakland-Hayward, CA Metro Area!!Indonesian alone or in any combination (423-429) & (100-299) or (300, A01-Z99) or (400-999)!!Estimate","San Francisco-Oakland-Hayward, CA Metro Area!!Black or African American alone, Hispanic or Latino!!Estimate","San Francisco-Oakland-Hayward, CA Metro Area!!Bangladeshi alone or in any combination (402) & (100-299) or (300, A01-Z99) or (400-999)!!Estimate","San Francisco-Oakland-Hayward, CA Metro Area!!Venezuelan (239)!!Estimate","San Francisco-Oakland-Hayward, CA Metro Area!!Three or more races with Some Other Race!!Estimate","San Francisco-Oakland-Hayward, CA Metro Area!!American Indian and Alaska Native alone, not Hispanic or Latino!!Estimate","San Francisco-Oakland-Hayward, CA Metro Area!!Korean alone (440-441)!!Estimate","San Francisco-Oakland-Hayward, CA Metro Area!!Filipino alone or in any combination (420-421) & (100-299) or (300, A01-Z99) or (400-999)!!Estimate","San Francisco-Oakland-Hayward, CA Metro Area!!Indonesian alone (423-429)!!Estimate","San Francisco-Oakland-Hayward, CA Metro Area!!Tongan alone (513)!!Estimate","San Francisco-Oakland-Hayward, CA Metro Area!!Polynesian alone or in any combination (500-519) & (100-299) or (300, A01-Z99) or (400-999)!!Estimate","San Francisco-Oakland-Hayward, CA Metro Area!!Two races without Some Other Race!!Estimate","San Francisco-Oakland-Hayward, CA Metro Area!!Malaysian alone (443)!!Estimate","San Francisco-Oakland-Hayward, CA Metro Area!!Navajo Nation tribal grouping alone (F62-F70)!!Estimate","San Francisco-Oakland-Hayward, CA Metro Area!!Fijian alone (542)!!Estimate","San Francisco-Oakland-Hayward, CA Metro Area!!Mongolian alone (465)!!Estimate","San Francisco-Oakland-Hayward, CA Metro Area!!Black or African American; Some other race!!Estimate","San Francisco-Oakland-Hayward, CA Metro Area!!Black or African American alone or in combination with one or more other races, not Hispanic or Latino!!Estimate","San Francisco-Oakland-Hayward, CA Metro Area!!White alone or in combination with one or more other races, Hispanic or Latino!!Estimate","San Francisco-Oakland-Hayward, CA Metro Area!!Central American Indian tribal grouping alone or in any combination (V24-V83) & (100-299) or (300, A01-Z99) or (400-999)!!Estimate","San Francisco-Oakland-Hayward, CA Metro Area!!Creek tribal grouping alone or in any combination (C64-C80) & (100-299) or (300, A01-Z99) or (400-999)!!Estimate","San Francisco-Oakland-Hayward, CA Metro Area!!Pueblo tribal grouping alone or in any combination (H38, H40, H42-H65) & (100-299) or (300, A01-Z99) or (400-999)!!Estimate","San Francisco-Oakland-Hayward, CA Metro Area!!Samoan alone (510-511)!!Estimate","San Francisco-Oakland-Hayward, CA Metro Area!!Black or African American; Asian!!Estimate","San Francisco-Oakland-Hayward, CA Metro Area!!Vietnamese alone or in any combination (450-459) & (100-299) or (300, A01-Z99) or (400-999)!!Estimate","San Francisco-Oakland-Hayward, CA Metro Area!!American Indian and Alaska Native; Some other race!!Estimate","San Francisco-Oakland-Hayward, CA Metro Area!!Bangladeshi alone (402)!!Estimate","San Francisco-Oakland-Hayward, CA Metro Area!!Guamanian or Chamorro alone (520-522)!!Estimate","San Francisco-Oakland-Hayward, CA Metro Area!!Samoan alone or in any combination (510-511) & (100-299) or (300, A01-Z99) or (400-999)!!Estimate","San Francisco-Oakland-Hayward, CA Metro Area!!American Indian and Alaska Native alone (300, A01-Z99)!!Estimate","San Francisco-Oakland-Hayward, CA Metro Area!!Chippewa tribal grouping alone or in any combination (B67-B99) & (100-299) or (300, A01-Z99) or (400-999)!!Estimate","San Francisco-Oakland-Hayward, CA Metro Area!!Colombian (234)!!Estimate","San Francisco-Oakland-Hayward, CA Metro Area!!American Indian and Alaska Native alone, Hispanic or Latino!!Estimate","San Francisco-Oakland-Hayward, CA Metro Area!!Mexican (210-220)!!Estimate","San Francisco-Oakland-Hayward, CA Metro Area!!Two races with Some Other Race!!Estimate","San Francisco-Oakland-Hayward, CA Metro Area!!Black or African American; Native Hawaiian and Other Pacific Islander!!Estimate","San Francisco-Oakland-Hayward, CA Metro Area!!Cuban (270-274)!!Estimate","San Francisco-Oakland-Hayward, CA Metro Area!!Peruvian (237)!!Estimate","San Francisco-Oakland-Hayward, CA Metro Area!!Black or African American in combination with one or more other races!!Estimate","San Francisco-Oakland-Hayward, CA Metro Area!!Chinese (except Taiwanese) alone or in any combination (410-411) & (100-299) or (300, A01-Z99) or (400-999)!!Estimate","San Francisco-Oakland-Hayward, CA Metro Area!!Laotian alone or in any combination (442) & (100-299) or (300, A01-Z99) or (400-999)!!Estimate","San Francisco-Oakland-Hayward, CA Metro Area!!Tongan alone or in any combination (513) & (100-299) or (300, A01-Z99) or (400-999)!!Estimate","San Francisco-Oakland-Hayward, CA Metro Area!!White; Black or African American; American Indian and Alaska Native!!Estimate","San Francisco-Oakland-Hayward, CA Metro Area!!Chickasaw tribal grouping alone or in any combination (B53-B56) & (100-299) or (300, A01-Z99) or (400-999)!!Estimate","San Francisco-Oakland-Hayward, CA Metro Area!!Yaqui tribal grouping alone or in any combination (L91-L99) & (100-299) or (300, A01-Z99) or (400-999)!!Estimate","San Francisco-Oakland-Hayward, CA Metro Area!!South American (231-249)!!Estimate","San Francisco-Oakland-Hayward, CA Metro Area!!White; Black or African American; American Indian and Alaska Native; Asian!!Estimate","San Francisco-Oakland-Hayward, CA Metro Area!!Central American (excludes Mexican) (221-230)!!Estimate","San Francisco-Oakland-Hayward, CA Metro Area!!Costa Rican (221)!!Estimate","San Francisco-Oakland-Hayward, CA Metro Area!!Three or more races without Some Other Race!!Estimate","San Francisco-Oakland-Hayward, CA Metro Area!!Bolivian (232)!!Estimate","San Francisco-Oakland-Hayward, CA Metro Area!!Asian alone or in combination with one or more other races, not Hispanic or Latino!!Estimate","San Francisco-Oakland-Hayward, CA Metro Area!!Native Hawaiian and Other Pacific Islander alone, not Hispanic or Latino!!Estimate","San Francisco-Oakland-Hayward, CA Metro Area!!Japanese alone or in any combination (430-439) & (100-299) or (300, A01-Z99) or (400-999)!!Estimate","San Francisco-Oakland-Hayward, CA Metro Area!!Asian in combination with one or more other races!!Estimate","San Francisco-Oakland-Hayward, CA Metro Area!!Fijian alone or in any combination (542) & (100-299) or (300, A01-Z99) or (400-999)!!Estimate","San Francisco-Oakland-Hayward, CA Metro Area!!Panamanian (225)!!Estimate","San Francisco-Oakland-Hayward, CA Metro Area!!White; Black or African American; Asian!!Estimate","San Francisco-Oakland-Hayward, CA Metro Area!!American Indian and Alaska Native alone or in combination with one or more other races, Hispanic or Latino!!Estimate","San Francisco-Oakland-Hayward, CA Metro Area!!White alone!!Estimate","San Francisco-Oakland-Hayward, CA Metro Area!!Pakistani alone (445)!!Estimate","San Francisco-Oakland-Hayward, CA Metro Area!!Puerto Rican (260-269)!!Estimate","San Francisco-Oakland-Hayward, CA Metro Area!!Black or African American alone or in combination with one or more other races!!Estimate","San Francisco-Oakland-Hayward, CA Metro Area!!White; Asian; Some other race!!Estimate","San Francisco-Oakland-Hayward, CA Metro Area!!Japanese alone (430-439)!!Estimate","San Francisco-Oakland-Hayward, CA Metro Area!!Chinese alone (410-419)!!Estimate","San Francisco-Oakland-Hayward, CA Metro Area!!Native Hawaiian and Other Pacific Islander alone (500-599)!!Estimate","San Francisco-Oakland-Hayward, CA Metro Area!!Sri Lankan alone (446)!!Estimate","San Francisco-Oakland-Hayward, CA Metro Area!!Asian; Native Hawaiian and Other Pacific Islander!!Estimate","San Francisco-Oakland-Hayward, CA Metro Area!!Native Hawaiian and Other Pacific Islander alone, Hispanic or Latino!!Estimate","San Francisco-Oakland-Hayward, CA Metro Area!!Native Hawaiian alone (500-503)!!Estimate","San Francisco-Oakland-Hayward, CA Metro Area!!Ecuadorian (235)!!Estimate","San Francisco-Oakland-Hayward, CA Metro Area!!Asian alone or in combination with one or more other races  (400-499) & (100-299) or (300, A01-Z99) or (400-999)!!Estimate","San Francisco-Oakland-Hayward, CA Metro Area!!White; Some other race!!Estimate","San Francisco-Oakland-Hayward, CA Metro Area!!Apache tribal grouping alone (A09-A23)!!Estimate","San Francisco-Oakland-Hayward, CA Metro Area!!Choctaw tribal grouping alone or in any combination (C08-C16) & (100-299) or (300, A01-Z99) or (400-999)!!Estimate","San Francisco-Oakland-Hayward, CA Metro Area!!Guatemalan (222)!!Estimate","San Francisco-Oakland-Hayward, CA Metro Area!!American Indian alone!!Estimate","San Francisco-Oakland-Hayward, CA Metro Area!!Asian alone (400-499)!!Estimate","San Francisco-Oakland-Hayward, CA Metro Area!!Asian; Some other race!!Estimate","San Francisco-Oakland-Hayward, CA Metro Area!!White in combination with one or more other races!!Estimate","San Francisco-Oakland-Hayward, CA Metro Area!!Sri Lankan alone or in any combination (446) & (100-299) or (300, A01-Z99) or (400-999)!!Estimate","San Francisco-Oakland-Hayward, CA Metro Area!!Apache tribal grouping alone or in any combination (A09-A23) & (100-299) or (300, A01-Z99) or (400-999)!!Estimate","San Francisco-Oakland-Hayward, CA Metro Area!!Spaniard (200-209)!!Estimate","San Francisco-Oakland-Hayward, CA Metro Area!!Burmese alone or in any combination (404) & (100-299) or (300, A01-Z99) or (400-999)!!Estimate","San Francisco-Oakland-Hayward, CA Metro Area!!White; Asian; Native Hawaiian and Other Pacific Islander!!Estimate","San Francisco-Oakland-Hayward, CA Metro Area!!Sioux tribal grouping alone or in any combination (K16-K21, K23-K53) & (100-299) or (300, A01-Z99) or (400-999)!!Estimate","San Francisco-Oakland-Hayward, CA Metro Area!!Native Hawaiian and Other Pacific Islander alone or in combination with one or more other races, Hispanic or Latino!!Estimate","San Francisco-Oakland-Hayward, CA Metro Area!!Some other race alone, not Hispanic or Latino!!Estimate","San Francisco-Oakland-Hayward, CA Metro Area!!Some other race alone or in combination with one or more other races, not Hispanic or Latino!!Estimate","San Francisco-Oakland-Hayward, CA Metro Area!!Chinese alone or in any combination (410-419) & (100-299) or (300, A01-Z99) or (400-999)!!Estimate","San Francisco-Oakland-Hayward, CA Metro Area!!Some other race alone!!Estimate","San Francisco-Oakland-Hayward, CA Metro Area!!Black or African American; American Indian and Alaska Native!!Estimate","San Francisco-Oakland-Hayward, CA Metro Area!!Micronesian alone (520-529, 531-541)!!Estimate","San Francisco-Oakland-Hayward, CA Metro Area!!White; American Indian and Alaska Native!!Estimate","San Francisco-Oakland-Hayward, CA Metro Area!!South American Indian tribal grouping alone or in any combination (W67-X24) & (100-299) or (300, A01-Z99) or (400-999)!!Estimate","San Francisco-Oakland-Hayward, CA Metro Area!!White alone or in combination with one or more other races!!Estimate","San Francisco-Oakland-Hayward, CA Metro Area!!American Indian alone or in any combination!!Estimate","San Francisco-Oakland-Hayward, CA Metro Area!!Micronesian alone or in any combination (520-529, 531-541) & (100-299) or (300, A01-Z99) or (400-999)!!Estimate","San Francisco-Oakland-Hayward, CA Metro Area!!White alone or in combination with one or more other races, not Hispanic or Latino!!Estimate","San Francisco-Oakland-Hayward, CA Metro Area!!Asian alone, not Hispanic or Latino!!Estimate","San Francisco-Oakland-Hayward, CA Metro Area!!Asian alone, Hispanic or Latino!!Estimate","San Francisco-Oakland-Hayward, CA Metro Area!!Black or African American alone, not Hispanic or Latino!!Estimate","San Francisco-Oakland-Hayward, CA Metro Area!!Asian Indian alone or in any combination (400-401) & (100-299) or (300, A01-Z99) or (400-999)!!Estimate","San Francisco-Oakland-Hayward, CA Metro Area!!Mongolian alone or in any combination (465) & (100-299) or (300, A01-Z99) or (400-999)!!Estimate","San Francisco-Oakland-Hayward, CA Metro Area!!White; American Indian and Alaska Native; Some other race!!Estimate","San Francisco-Oakland-Hayward, CA Metro Area!!Salvadoran (226)!!Estimate","San Francisco-Oakland-Hayward, CA Metro Area!!Black or African American alone or in combination with one or more other races, Hispanic or Latino!!Estimate","San Francisco-Oakland-Hayward, CA Metro Area!!Alaska Native alone or in any combination!!Estimate","San Francisco-Oakland-Hayward, CA Metro Area!!Hmong alone (422)!!Estimate","San Francisco-Oakland-Hayward, CA Metro Area!!Hmong alone or in any combination (422) & (100-299) or (300, A01-Z99) or (400-999)!!Estimate","San Francisco-Oakland-Hayward, CA Metro Area!!Chilean (233)!!Estimate","San Francisco-Oakland-Hayward, CA Metro Area!!Melanesian alone or in any combination (542-546) & (100-299) or (300, A01-Z99) or (400-999)!!Estimate","San Francisco-Oakland-Hayward, CA Metro Area!!Native Hawaiian and Other Pacific Islander; Some other race!!Estimate","San Francisco-Oakland-Hayward, CA Metro Area!!Dominican (Dominican Republic) (275-279)!!Estimate","San Francisco-Oakland-Hayward, CA Metro Area!!Nicaraguan (224)!!Estimate","San Francisco-Oakland-Hayward, CA Metro Area!!American Indian and Alaska Native alone or in combination with one or more other races, not Hispanic or Latino!!Estimate","San Francisco-Oakland-Hayward, CA Metro Area!!Cambodian alone or in any combination (405-409) & (100-299) or (300, A01-Z99) or (400-999)!!Estimate","San Francisco-Oakland-Hayward, CA Metro Area!!Native Hawaiian alone or in any combination (500-503) & (100-299) or (300, A01-Z99) or (400-999)!!Estimate","San Francisco-Oakland-Hayward, CA Metro Area!!Taiwanese alone (412-419)!!Estimate","San Francisco-Oakland-Hayward, CA Metro Area!!Native Hawaiian and Other Pacific Islander in combination with one or more other races!!Estimate","San Francisco-Oakland-Hayward, CA Metro Area!!Taiwanese alone or in any combination (412-419) & (100-299) or (300, A01-Z99) or (400-999)!!Estimate","San Francisco-Oakland-Hayward, CA Metro Area!!Pakistani alone or in any combination (445) & (100-299) or (300, A01-Z99) or (400-999)!!Estimate","San Francisco-Oakland-Hayward, CA Metro Area!!Cherokee tribal grouping alone or in any combination (B21-B39) & (100-299) or (300, A01-Z99) or (400-999)!!Estimate","San Francisco-Oakland-Hayward, CA Metro Area!!Honduran (223)!!Estimate","San Francisco-Oakland-Hayward, CA Metro Area!!Melanesian alone (542-546)!!Estimate","San Francisco-Oakland-Hayward, CA Metro Area!!White; Asian!!Estimate","San Francisco-Oakland-Hayward, CA Metro Area!!Mexican American Indian tribal grouping alone or in any combination (V84-W66) & (100-299) or (300, A01-Z99) or (400-999)!!Estimate","San Francisco-Oakland-Hayward, CA Metro Area!!Vietnamese alone (450-459)!!Estimate","San Francisco-Oakland-Hayward, CA Metro Area!!Nepalese alone (472)!!Estimate","San Francisco-Oakland-Hayward, CA Metro Area!!Two or More Races, Hispanic or Latino!!Estimate","San Francisco-Oakland-Hayward, CA Metro Area!!Thai alone (447-449)!!Estimate","San Francisco-Oakland-Hayward, CA Metro Area!!Asian alone or in combination with one or more other races, Hispanic or Latino!!Estimate","San Francisco-Oakland-Hayward, CA Metro Area!!Asian Indian alone (400-401)!!Estimate","San Francisco-Oakland-Hayward, CA Metro Area!!Blackfeet Tribe of the Blackfeet Indian Reservation of Montana alone or in any combination (A45-A50) & (100-299) or (300, A01-Z99) or (400-999)!!Estimate","San Francisco-Oakland-Hayward, CA Metro Area!!White alone, Hispanic or Latino!!Estimate","San Francisco-Oakland-Hayward, CA Metro Area!!Filipino alone (420-421)!!Estimate","San Francisco-Oakland-Hayward, CA Metro Area!!Malaysian alone or in any combination (443) & (100-299) or (300, A01-Z99) or (400-999)!!Estimate","San Francisco-Oakland-Hayward, CA Metro Area!!Nepalese alone or in any combination (472) & (100-299) or (300, A01-Z99) or (400-999)!!Estimate","San Francisco-Oakland-Hayward, CA Metro Area!!Choctaw tribal grouping alone (C08-C16)!!Estimate","San Francisco-Oakland-Hayward, CA Metro Area!!Iroquois tribal grouping alone or in any combination (D93-E09) & (100-299) or (300, A01-Z99) or (400-999)!!Estimate","San Francisco-Oakland-Hayward, CA Metro Area!!Native Hawaiian and Other Pacific Islander alone or in combination with one or more other races, not Hispanic or Latino!!Estimate"
"Total:","4,528,894","990,401","449,643","65,890","21,536","6,151","5,393","177,864","349,409","51,354","1,683","1,485","9,124","6,122","58,762","250,206","1,906","44,240","9,121","1,864,395","6,802","416,815","2,181","3,041","5,286","1,121","713","355,068","54,263","30,600","391,386","6,428","12,091","1,315","2,340","22,417","10,772","43,362","305,221","3,630","8,316","34,833","182,140","897","891","6,508","2,370","5,547","393,344","588,688","938","489","667","7,004","7,563","75,488","2,056","1,153","3,433","10,702","21,650","836","8,042","10,878","664,630","45,649","2,069","8,574","21,522","65,971","508,228","10,699","10,219","5,234","570","859","48,817","728","180,358","2,975","16,712","1,975","1,211,554","32,486","72,816","137,654","8,154","3,389","3,360","26,501","2,398,188","9,344","29,765","421,039","1,943","43,390","460,252","34,095","1,684","9,566","1,609","5,231","3,046","1,241,880","26,834","647","3,363","43,040","12,373","1,104,226","9,707","201,592","1,890","2,845","23,434","7,648","3,421","1,307","6,504","16,052","25,429","518,945","365,461","6,825","3,919","22,739","723","2,599,780","41,615","6,666","2,011,092","1,093,947","10,279","342,977","166,351","2,815","864","85,589","27,695","758","1,351","1,412","4,761","8,210","1,505","1,472","34,770","39,389","8,634","14,164","9,696","24,667","11,712","10,364","13,211","9,000","6,555","95,609","5,315","63,202","3,620","72,342","6,869","30,326","154,472","3,308","533,793","250,907","1,362","3,809","583","800","52,258"
"    Male:","2,234,102","503,802","209,493","32,990","10,988","3,135","2,479","87,574","181,753","25,763","906","789","3,449","2,950","28,280","123,895","937","21,936","4,480","935,448","3,151","215,467","1,002","1,785","2,372","595","342","169,718","24,763","16,078","202,846","3,131","6,312","678","1,384","11,128","5,274","19,387","140,795","1,786","4,173","17,003","89,760","424","448","3,096","969","2,466","188,570","295,302","624","208","432","3,466","3,754","36,001","1,061","604","1,719","5,440","11,054","485","3,571","5,780","341,373","23,007","904","4,327","10,306","32,967","237,907","5,205","5,136","2,560","265","258","23,193","392","90,030","1,484","8,372","1,008","572,418","16,143","32,813","67,485","3,783","1,659","1,815","13,998","1,203,099","5,043","16,016","202,685","1,053","17,596","214,440","17,047","880","4,176","904","2,892","1,318","587,070","13,524","315","1,451","23,127","5,717","519,585","5,116","100,674","991","1,502","11,819","3,663","1,787","591","3,320","7,951","12,621","242,905","189,704","3,178","1,932","11,452","368","1,303,773","19,817","3,367","1,008,471","514,504","5,081","163,406","86,462","1,231","453","42,506","14,115","445","733","745","2,341","3,804","840","798","16,300","18,992","3,956","6,747","4,466","11,233","5,479","5,493","6,317","4,223","3,117","46,804","3,033","29,970","1,849","36,321","2,446","14,652","80,834","1,585","267,651","114,450","666","1,947","210","396","24,960"
"        Under 5 years","132,578","43,231","8,263","2,307","782","347","116","12,197","13,382","3,685","62","123","328","124","2,523","18,210","24","1,863","225","39,240","180","17,892","67","68","339","216","16","10,224","2,377","2,581","16,532","283","898","76","14","1,712","250","947","9,256","148","298","1,652","13,419","26","19","179","176","400","12,651","26,325","15","4","18","278","721","2,455","120","65","114","637","444","14","258","194","31,247","3,079","153","265","620","5,103","13,547","373","512","153","10","25","1,257","69","7,080","224","1,106","42","35,338","967","2,254","11,187","322","67","324","1,093","61,351","376","1,412","15,327","223","512","8,564","1,140","107","327","173","127","67","38,189","1,610","11","128","1,883","305","27,002","920","15,058","130","77","813","165","238","0","555","825","1,360","14,075","14,207","253","137","879","0","76,409","1,532","371","50,084","26,542","460","9,326","7,560","203","28","3,216","2,676","32","34","46","131","322","29","64","1,304","1,214","430","607","267","1,383","562","537","391","372","179","8,068","207","1,303","101","6,013","63","2,851","6,557","164","22,111","4,871","95","108","30","35","1,968"
"        5 to 9 years","133,958","44,336","9,237","2,544","930","152","116","10,258","14,967","2,973","45","129","189","129","2,468","14,813","17","1,805","251","39,063","199","18,614","50","228","335","97","39","10,070","1,927","2,241","17,645","227","626","45","106","1,787","229","987","9,689","63","458","1,916","10,572","10","0","126","64","301","12,348","26,688","78","16","16","285","308","2,491","27","34","34","574","739","61","307","510","31,197","2,454","168","454","631","4,178","13,349","354","688","407","0","0","1,611","24","7,400","164","1,268","71","36,088","1,169","2,537","8,649","183","186","194","1,450","62,217","490","1,401","14,248","209","517","9,328","1,265","17","145","96","58","153","37,862","1,380","8","120","1,910","294","29,213","705","12,889","27","97","876","129","280","93","389","674","969","13,492","15,641","103","66","750","21","75,106","1,467","184","48,418","28,785","428","9,444","7,584","92","85","3,410","1,900","41","21","21","192","183","41","38","1,088","1,094","338","751","75","1,203","159","577","364","534","126","6,474","465","1,610","46","4,555","42","1,774","6,970","132","23,154","6,472","28","46","13","15","2,079"
"        10 to 14 years","130,554","39,494","9,940","2,533","762","177","264","9,585","12,857","2,539","94","138","179","87","2,013","13,816","107","1,896","189","41,351","232","16,172","137","136","255","73","83","10,770","1,839","2,377","15,041","267","440","62","96","1,277","284","941","9,822","111","423","1,352","10,346","0","26","192","59","398","13,609","24,495","37","0","35","211","601","2,794","118","62","97","529","637","75","212","353","28,746","2,193","98","338","628","4,319","13,199","415","552","150","38","8","1,652","25","5,460","126","931","95","34,213","1,082","2,366","7,698","228","52","322","1,418","62,555","326","1,163","15,089","81","480","10,202","1,111","22","169","29","71","26","35,730","1,245","0","129","1,490","330","28,032","348","11,639","33","211","785","151","241","29","285","776","1,131","13,484","13,633","177","97","1,006","20","74,194","1,761","180","49,699","27,652","380","10,330","5,007","94","103","2,479","1,480","19","58","58","208","228","84","36","846","1,115","339","298","254","902","293","378","463","391","192","5,564","249","2,096","79","4,231","54","1,517","4,451","126","21,204","6,481","9","79","13","18","1,728"
"        15 to 17 years","78,321","23,157","7,081","1,433","573","131","98","5,679","8,052","1,473","64","23","93","72","1,441","7,701","16","908","196","24,755","90","9,809","143","105","133","10","42","7,063","670","1,346","9,368","175","350","34","19","547","208","482","5,897","75","404","1,007","5,892","0","93","166","36","168","8,576","13,509","6","0","15","94","300","1,485","20","34","82","260","525","27","143","317","16,825","1,262","72","202","368","2,253","9,037","221","464","154","0","16","838","23","3,405","91","336","47","20,425","840","1,435","4,363","199","27","64","675","36,817","107","737","9,316","72","249","7,183","862","37","190","22","75","61","21,380","716","0","52","803","279","17,017","246","6,429","37","47","347","85","72","17","185","284","441","9,145","8,336","72","105","434","22","43,246","783","154","29,737","16,685","332","6,713","2,236","36","68","1,510","740","66","0","0","97","199","112","10","850","758","182","289","102","579","108","118","206","83","166","3,281","143","1,226","96","2,022","45","955","2,025","59","12,062","3,955","18","96","2","4","1,256"
"        18 and 19 years","51,323","15,604","4,476","955","428","108","50","2,942","5,984","762","3","52","65","81","962","4,187","26","701","60","16,207","130","6,961","15","74","70","12","0","5,064","879","494","6,633","128","159","0","6","450","107","708","3,481","97","66","617","3,017","5","0","86","26","110","5,838","8,747","27","3","38","191","114","792","15","0","25","243","254","0","124","147","11,055","720","18","136","371","1,160","5,396","80","92","108","21","0","727","10","2,490","0","408","8","12,855","500","846","2,431","126","152","169","398","24,059","338","489","6,224","26","130","4,652","549","0","238","49","171","41","13,442","398","10","46","662","118","11,011","160","3,374","0","37","350","108","16","10","201","215","328","5,567","6,199","99","25","364","10","27,433","595","115","18,686","10,843","168","4,905","1,298","26","4","1,140","386","3","0","0","88","126","37","24","391","557","136","282","170","413","177","338","271","134","86","1,617","88","629","44","1,245","65","587","1,080","56","7,852","2,458","5","44","0","6","761"
"        20 years","27,201","8,641","2,542","625","191","65","7","1,571","3,351","541","29","9","29","0","647","2,421","0","552","89","8,259","57","3,968","33","20","76","0","4","2,604","371","264","3,823","78","138","0","0","323","10","331","1,942","54","86","373","1,618","0","0","83","0","71","3,083","4,807","0","0","16","75","38","392","12","0","7","190","73","0","88","63","6,172","480","70","36","189","757","2,943","100","86","101","8","0","317","0","1,522","13","262","25","6,835","252","427","1,086","83","43","34","289","12,344","48","149","3,361","32","104","2,639","303","0","72","51","30","8","7,115","347","10","0","341","15","6,029","42","1,929","0","54","182","8","68","4","112","76","145","3,047","3,427","115","24","271","16","14,273","330","82","9,466","5,926","103","2,466","551","0","0","732","278","47","87","87","0","83","8","10","331","336","64","89","97","344","104","48","152","62","83","683","20","350","48","850","29","280","499","75","4,085","1,451","0","48","0","0","535"
"        21 years","26,495","9,222","2,067","676","179","60","4","1,815","3,927","546","21","8","16","23","440","2,542","22","576","103","7,199","13","4,581","0","36","30","0","5","2,781","303","445","4,417","23","241","0","0","206","63","274","2,129","6","23","260","1,813","7","0","16","31","109","3,232","4,703","0","4","0","146","64","257","25","0","5","179","100","0","161","37","6,156","523","11","101","151","874","2,436","114","38","80","0","0","407","18","1,847","23","183","12","6,318","222","290","1,054","17","33","20","242","11,365","134","399","3,655","0","82","2,151","248","11","55","26","10","0","6,478","334","0","43","307","53","5,424","16","2,098","11","72","58","33","27","21","72","108","164","2,527","4,035","83","5","309","8","13,463","358","60","8,760","5,326","98","2,540","569","31","0","827","423","0","69","69","79","17","39","10","386","434","46","36","84","192","91","144","131","262","16","795","59","190","0","727","16","160","531","25","4,166","1,622","7","11","0","48","368"
"        22 to 24 years","89,191","23,857","9,854","1,422","579","170","57","3,981","9,277","1,499","40","25","142","250","1,523","5,918","21","844","161","29,935","198","10,982","95","62","140","16","0","8,244","1,274","458","10,498","99","379","12","79","413","202","1,080","6,601","90","232","989","4,104","70","44","185","55","127","8,843","13,101","39","0","52","188","275","1,263","74","12","53","414","578","10","124","376","16,200","1,401","42","144","374","1,263","11,279","172","294","76","0","20","945","13","4,340","49","315","31","25,207","909","1,411","3,515","185","31","55","800","41,624","100","875","9,507","45","482","9,993","916","54","189","7","113","78","25,943","785","11","27","1,197","271","22,428","295","4,557","54","56","456","283","66","11","150","206","484","11,461","9,483","153","87","354","0","46,181","838","200","33,080","22,236","192","7,865","2,670","80","28","2,116","664","10","68","68","123","185","120","25","631","622","223","327","127","607","194","135","261","302","185","2,453","98","1,087","143","1,937","56","736","2,483","38","11,689","5,314","70","154","5","42","1,373"
"        25 to 29 years","176,442","45,656","15,642","2,570","988","291","132","6,763","17,947","1,855","56","56","602","300","2,458","9,320","31","1,431","556","67,610","377","20,571","67","133","216","29","16","12,256","2,225","1,278","19,460","196","392","76","143","858","421","1,926","11,467","89","367","1,396","6,772","76","32","278","76","208","13,693","25,159","80","30","45","367","267","3,056","73","76","142","463","1,139","22","193","718","30,205","1,690","46","434","641","2,458","17,828","574","416","73","5","23","1,473","37","9,885","96","693","107","46,453","1,440","2,606","5,215","298","121","280","1,268","90,955","493","1,369","14,714","79","1,135","16,026","1,543","99","337","103","226","46","47,728","1,005","42","24","3,297","529","42,513","355","7,703","99","68","824","371","228","42","240","769","1,111","18,145","18,716","187","173","869","21","98,658","1,410","322","73,499","41,919","594","11,864","7,476","151","15","4,396","1,021","16","157","157","167","298","49","191","1,581","1,302","417","490","312","915","389","493","440","368","278","3,496","228","2,547","265","2,557","555","1,275","7,049","106","23,345","9,337","105","289","0","32","2,218"
"        30 to 34 years","177,911","46,688","13,124","2,451","800","212","183","6,380","18,320","1,989","54","54","290","192","2,226","8,903","98","1,639","541","69,507","348","20,944","78","179","173","35","0","11,245","2,197","1,415","19,889","212","453","48","178","622","361","1,790","11,468","141","126","1,221","6,345","41","25","417","169","55","12,784","26,461","69","16","24","318","247","2,272","86","33","108","409","812","15","294","451","31,298","1,936","49","255","628","2,416","15,241","569","214","188","13","6","1,849","36","9,347","169","569","53","46,173","1,358","2,039","4,533","424","91","48","1,000","93,994","468","1,550","13,661","11","1,063","13,761","1,482","56","236","124","330","188","47,053","1,192","31","40","3,422","411","42,520","567","7,217","56","200","981","222","137","48","283","635","1,055","15,713","18,955","306","133","798","0","101,211","1,393","237","74,750","42,190","330","10,792","10,909","180","7","4,053","877","60","69","69","265","445","36","131","1,094","1,451","388","653","437","744","672","482","514","420","438","3,050","260","1,838","292","2,523","192","880","10,533","121","24,487","9,683","50","301","3","33","1,943"
"        35 to 39 years","166,457","42,879","13,603","2,196","870","240","329","4,783","16,627","1,519","14","27","310","277","1,951","6,862","30","1,503","358","63,920","168","19,006","71","170","99","30","7","10,657","2,231","852","17,861","293","486","99","81","523","291","2,078","10,164","222","191","1,123","4,916","32","40","207","45","148","11,587","24,663","72","8","0","260","140","2,611","50","80","129","354","693","37","341","402","29,785","1,423","69","297","876","1,786","15,029","415","194","100","29","0","2,229","64","7,812","29","427","61","45,290","1,196","2,072","3,326","268","93","103","959","86,905","399","899","12,443","40","1,262","14,246","1,261","88","336","65","402","219","45,918","891","10","179","2,289","260","42,592","285","5,501","88","36","730","319","70","54","156","860","1,145","15,644","17,487","210","129","991","74","92,406","1,146","240","67,743","42,357","235","10,171","11,347","73","2","3,861","856","29","21","21","206","268","49","78","1,109","1,237","168","592","595","690","663","406","444","431","207","2,201","238","2,124","194","2,079","247","628","10,984","47","22,985","8,668","60","194","23","7","1,795"
"        40 to 44 years","168,289","38,621","14,539","2,147","679","242","163","4,613","14,939","1,353","102","73","370","220","1,715","6,183","87","1,302","152","70,183","227","16,940","48","104","145","7","59","11,363","2,079","694","15,949","151","310","87","187","447","405","1,839","9,956","141","167","947","4,458","17","48","143","117","61","12,253","22,339","30","0","22","245","260","3,336","85","87","164","285","845","56","318","440","26,236","1,278","7","173","820","1,370","15,397","189","193","168","4","20","1,760","9","7,789","58","372","59","44,757","1,043","2,114","3,205","152","146","22","869","91,156","344","866","12,733","47","1,435","15,135","1,126","74","280","83","232","50","45,234","889","23","52","1,818","415","42,029","186","5,003","83","64","606","252","91","7","148","648","991","15,985","15,587","126","179","725","53","96,159","1,240","257","73,820","41,723","306","11,053","9,248","150","5","3,776","480","16","25","25","129","152","57","21","1,557","1,278","241","470","578","589","606","363","392","308","143","2,119","208","3,083","170","1,570","305","477","8,896","74","20,973","8,950","37","184","38","17","1,567"
"        45 to 49 years","165,930","33,677","15,451","2,437","803","182","276","3,884","13,494","1,233","101","10","239","255","1,522","5,525","23","1,599","336","76,365","169","15,044","66","129","76","14","44","12,302","1,593","499","14,376","213","277","28","106","378","435","1,397","9,726","75","390","1,009","4,039","40","33","119","56","111","13,012","18,922","23","45","16","256","105","2,902","114","28","140","301","838","14","210","403","22,774","1,108","27","304","891","1,229","16,619","356","413","109","32","37","1,968","14","5,894","52","253","114","40,437","1,091","2,251","2,675","119","116","25","958","94,026","564","858","13,531","42","1,471","15,828","1,091","44","184","0","134","72","41,012","611","5","123","1,286","400","38,337","227","4,316","56","120","801","303","72","9","65","317","668","16,975","13,811","288","153","898","25","98,342","1,467","195","79,420","38,136","201","12,025","5,556","56","44","2,763","519","43","37","37","218","119","45","38","1,314","1,479","179","301","346","431","387","569","382","300","119","1,861","222","2,786","115","1,641","201","575","5,308","141","17,661","8,768","49","137","15","16","1,457"
"        50 to 54 years","163,639","27,495","17,467","2,410","590","187","129","3,674","9,755","956","40","13","191","215","1,796","4,927","102","1,445","407","80,867","222","11,290","59","131","121","35","18","13,565","1,196","405","10,479","149","409","23","206","448","506","1,104","8,288","80","164","827","3,588","39","54","308","9","32","14,133","16,219","39","14","13","231","74","2,719","49","23","111","240","965","67","216","459","17,340","891","47","229","921","1,184","18,208","407","164","260","52","10","1,675","24","5,020","93","383","25","38,410","1,021","2,431","2,232","434","83","57","835","96,010","230","1,117","14,749","0","1,871","17,705","1,062","60","453","41","195","68","39,008","665","31","116","868","543","36,776","123","3,775","60","84","939","245","29","51","157","579","811","18,444","10,334","250","111","739","61","99,785","1,613","199","83,566","36,341","435","13,156","3,831","9","19","2,738","616","29","57","57","56","434","22","11","1,134","1,575","222","405","220","734","254","261","522","97","308","1,408","142","2,521","105","1,253","191","598","3,702","136","15,143","7,596","39","105","0","65","1,639"
"        55 to 59 years","148,089","20,786","16,452","2,298","526","184","221","3,204","7,513","946","34","7","86","179","1,276","4,416","90","1,576","245","77,014","107","8,733","8","56","84","21","9","11,717","893","243","8,301","240","278","15","95","394","425","821","8,785","185","128","658","3,188","40","0","124","20","65","12,247","12,198","56","47","33","115","158","2,457","118","15","148","122","722","18","228","297","12,197","834","21","366","799","1,005","17,544","245","128","182","49","22","1,521","8","4,112","80","282","91","35,875","851","1,916","1,905","201","90","24","711","88,240","248","908","12,722","44","1,510","16,590","863","69","219","12","283","14","36,249","533","48","63","706","416","34,344","86","3,412","95","95","713","255","22","47","86","274","432","17,682","7,787","245","148","907","32","91,652","1,347","184","79,454","34,096","248","11,439","3,047","20","21","2,164","475","15","0","0","69","201","32","23","863","1,587","113","408","138","413","138","248","543","98","124","1,277","133","2,126","74","1,212","73","374","2,760","153","11,226","8,285","56","74","20","6","1,190"
"        60 and 61 years","54,394","6,500","6,487","591","173","27","34","813","2,023","334","41","16","43","98","458","1,236","16","396","102","29,164","94","2,528","8","27","6","0","0","4,670","244","93","2,285","97","146","55","15","142","94","235","2,907","76","81","239","795","0","0","99","20","35","4,698","4,049","0","0","48","6","9","830","0","37","7","6","195","0","114","101","3,996","299","0","77","209","252","6,560","112","81","37","0","41","483","0","1,157","65","107","49","13,379","273","1,151","588","127","80","0","207","32,894","34","287","4,922","19","1,006","6,566","282","21","95","9","86","11","13,511","154","0","38","162","122","12,923","89","868","21","45","329","122","34","10","75","171","243","6,639","2,194","78","7","188","0","33,762","374","27","29,713","12,855","68","4,524","1,035","20","16","657","224","0","11","11","9","127","21","2","179","384","94","152","79","176","79","46","113","0","99","285","34","811","0","423","35","132","933","54","3,730","2,714","0","0","5","3","383"
"        62 to 64 years","73,878","7,973","9,034","1,077","285","110","71","1,494","2,559","425","73","26","89","136","822","1,995","76","688","86","40,111","140","3,113","5","53","0","0","0","6,152","605","137","2,849","31","32","10","37","228","246","605","4,080","16","195","297","1,409","21","5","129","0","12","6,557","5,021","41","0","13","45","30","768","15","10","110","52","389","15","69","143","4,877","358","0","138","234","488","9,196","86","195","118","0","5","547","7","1,270","18","161","52","18,133","564","1,213","1,060","153","59","10","253","44,782","82","313","6,640","43","1,088","9,226","564","51","258","0","45","33","18,368","204","0","97","228","208","17,308","127","1,306","51","48","388","147","0","47","71","129","264","9,388","2,688","150","110","275","5","46,088","652","110","41,067","17,241","67","6,120","1,338","0","0","615","83","10","0","0","51","153","0","24","334","824","176","50","192","258","192","88","267","16","129","486","112","701","50","501","89","235","1,236","26","4,671","3,590","21","50","23","19","751"
"        65 and 66 years","43,005","4,228","5,282","458","95","55","54","641","1,310","173","17","0","44","59","348","777","55","241","125","23,911","70","1,575","8","30","4","0","0","3,770","307","55","1,373","44","30","8","0","55","99","300","2,644","18","52","137","549","0","0","87","0","16","3,869","2,669","12","0","0","28","11","408","9","8","55","55","217","17","0","118","2,511","173","6","45","25","143","5,438","125","73","34","0","0","228","0","747","18","55","28","10,430","235","417","383","87","16","0","182","26,476","66","164","3,913","0","390","5,356","241","13","43","6","15","38","10,505","56","0","13","160","137","10,122","59","562","13","0","239","82","21","0","21","92","202","5,512","1,402","21","55","160","0","27,038","274","55","24,369","10,059","63","3,740","685","0","0","268","44","0","0","0","59","87","33","5","272","276","70","30","74","107","74","66","129","13","87","232","45","402","0","136","44","75","623","0","2,565","2,472","0","0","0","0","327"
"        67 to 69 years","52,640","5,206","5,500","690","229","12","13","963","1,479","312","0","0","67","61","451","1,254","22","353","73","31,221","31","1,873","13","19","5","0","0","3,354","257","73","1,684","60","73","0","9","139","199","257","2,839","9","128","335","811","0","9","29","0","8","3,546","3,399","0","9","23","51","0","781","17","0","12","51","337","9","37","138","2,951","304","0","111","226","312","5,701","73","135","0","4","8","357","0","740","60","131","0","12,011","270","628","622","44","29","54","173","34,363","83","393","3,666","8","583","5,559","270","15","99","0","43","34","12,123","193","41","67","89","209","11,501","77","867","25","46","456","98","43","17","23","82","189","5,755","1,561","143","12","184","0","35,230","462","12","31,831","11,418","83","3,281","1,294","0","0","365","120","0","19","19","38","44","9","6","197","517","31","149","54","181","59","83","138","0","29","307","29","708","27","291","67","112","1,150","4","3,142","2,700","0","27","0","15","428"
"        70 to 74 years","63,901","6,189","7,069","527","291","79","20","893","1,477","232","9","0","69","74","569","1,091","53","282","55","36,887","65","1,846","25","0","25","0","0","4,635","587","49","1,655","68","47","0","0","49","192","587","3,933","56","120","341","830","0","14","49","0","6","4,709","4,439","0","7","0","51","20","785","34","0","79","51","245","22","77","53","3,370","212","0","73","347","127","7,203","55","130","29","0","12","598","0","1,139","30","29","38","15,114","447","677","580","59","18","0","107","41,182","27","319","4,762","20","599","7,204","455","0","89","8","110","0","15,259","158","0","36","38","177","14,679","14","896","0","0","340","82","0","32","8","137","191","7,338","1,614","23","79","187","0","42,078","353","79","37,639","14,568","111","4,588","1,381","0","0","674","53","0","0","0","98","59","0","0","348","420","65","160","135","114","135","27","111","18","49","428","23","760","0","198","69","145","1,351","18","4,295","3,747","5","0","10","12","561"
"        75 to 79 years","46,322","4,673","6,996","319","131","78","78","794","1,247","206","7","0","0","94","408","956","15","233","130","24,948","0","1,482","6","0","32","0","0","3,210","296","18","1,335","58","106","0","0","59","75","285","2,925","4","74","140","708","0","6","50","0","25","3,263","3,207","0","0","0","25","12","536","0","0","78","25","86","6","16","11","2,830","189","0","61","126","177","7,175","130","74","22","0","0","305","0","773","10","42","0","13,007","266","568","598","50","103","0","43","28,024","13","192","3,387","0","549","7,103","266","10","94","0","32","50","13,102","70","23","50","77","70","12,504","90","633","10","23","233","137","12","12","31","29","147","7,269","1,276","83","78","96","0","28,657","204","78","25,450","12,433","71","3,104","950","0","8","380","124","0","0","0","27","50","4","51","203","276","0","41","94","142","107","13","36","0","50","366","1","520","0","162","0","95","917","23","3,076","2,720","0","0","6","3","377"
"        80 to 84 years","32,839","2,974","5,340","242","104","19","38","379","666","102","0","0","0","0","216","440","0","76","40","18,521","0","833","0","14","8","0","0","2,055","236","36","698","30","0","0","0","26","128","236","1,422","30","0","139","324","0","0","21","10","0","2,095","2,232","0","5","5","0","0","442","0","0","19","0","166","0","24","38","1,774","90","0","49","118","54","5,473","40","0","4","0","5","242","0","368","16","14","0","8,830","144","538","279","21","0","10","57","20,692","73","105","2,109","12","493","5,340","144","23","51","0","104","41","8,890","28","11","4","8","121","8,611","49","323","33","16","219","42","0","12","0","65","135","5,473","731","4","19","68","0","21,015","177","19","18,783","8,573","38","2,055","535","10","0","201","14","9","0","0","21","21","13","0","129","185","0","139","0","72","0","73","35","14","21","157","18","390","0","61","0","60","467","0","2,171","1,349","12","0","0","0","216"
"        85 years and over","30,745","2,715","4,047","82","0","7","26","268","600","110","0","0","8","24","47","402","6","27","0","19,210","34","710","0","11","0","0","0","1,947","177","25","695","9","42","0","7","45","44","177","1,374","0","0","28","247","0","0","3","0","0","1,944","1,950","0","0","0","0","0","169","0","0","0","0","55","0","17","11","1,631","110","0","39","113","59","4,109","0","0","7","0","0","204","11","433","0","45","0","6,840","3","626","301","3","23","0","11","21,068","0","51","2,006","0","585","4,083","3","9","17","0","0","20","6,971","60","0","4","86","34","6,670","50","319","9","6","154","24","20","18","7","0","15","4,145","600","9","0","0","0","21,387","41","7","19,437","6,600","70","1,905","355","0","0","165","62","0","0","0","10","3","0","0","159","71","34","28","36","44","36","0","12","0","3","196","11","162","0","134","8","131","329","7","1,858","1,247","0","0","4","0","40"
"    Female:","2,294,792","486,599","240,150","32,900","10,548","3,016","2,914","90,290","167,656","25,591","777","696","5,675","3,172","30,482","126,311","969","22,304","4,641","928,947","3,651","201,348","1,179","1,256","2,914","526","371","185,350","29,500","14,522","188,540","3,297","5,779","637","956","11,289","5,498","23,975","164,426","1,844","4,143","17,830","92,380","473","443","3,412","1,401","3,081","204,774","293,386","314","281","235","3,538","3,809","39,487","995","549","1,714","5,262","10,596","351","4,471","5,098","323,257","22,642","1,165","4,247","11,216","33,004","270,321","5,494","5,083","2,674","305","601","25,624","336","90,328","1,491","8,340","967","639,136","16,343","40,003","70,169","4,371","1,730","1,545","12,503","1,195,089","4,301","13,749","218,354","890","25,794","245,812","17,048","804","5,390","705","2,339","1,728","654,810","13,310","332","1,912","19,913","6,656","584,641","4,591","100,918","899","1,343","11,615","3,985","1,634","716","3,184","8,101","12,808","276,040","175,757","3,647","1,987","11,287","355","1,296,007","21,798","3,299","1,002,621","579,443","5,198","179,571","79,889","1,584","411","43,083","13,580","313","618","667","2,420","4,406","665","674","18,470","20,397","4,678","7,417","5,230","13,434","6,233","4,871","6,894","4,777","3,438","48,805","2,282","33,232","1,771","36,021","4,423","15,674","73,638","1,723","266,142","136,457","696","1,862","373","404","27,298"
"        Under 5 years","127,376","41,853","8,558","2,402","557","303","127","11,681","12,312","3,759","68","117","306","147","2,476","17,810","62","1,971","210","37,632","142","16,878","107","40","421","104","72","9,562","2,083","2,291","15,633","198","558","33","11","1,743","165","610","8,847","92","284","1,660","12,875","0","0","127","179","479","12,312","26,779","30","8","7","207","484","1,938","79","15","130","461","431","12","237","266","29,288","3,192","289","342","766","4,847","13,897","343","579","302","51","16","1,516","32","7,252","80","1,176","67","33,745","861","2,147","10,600","205","130","305","1,301","59,849","271","1,202","14,409","203","450","8,726","927","10","188","66","10","93","36,278","1,736","10","158","2,024","243","25,678","717","14,826","10","67","997","185","244","97","567","807","1,245","14,152","13,119","317","161","813","27","74,675","1,701","341","47,896","25,373","305","9,004","7,378","205","45","3,414","2,097","0","55","55","154","205","181","127","1,246","1,101","484","687","143","1,549","291","333","366","343","127","7,981","193","961","133","6,129","36","2,533","6,264","123","22,217","4,926","3","133","33","89","1,909"
"        5 to 9 years","129,720","41,849","9,470","2,402","728","254","201","11,174","13,884","3,039","33","36","176","104","2,479","16,178","38","1,752","196","38,341","53","17,743","112","148","294","71","22","9,554","2,021","2,490","16,626","229","618","97","16","1,395","265","941","9,048","132","394","1,678","12,176","29","9","219","97","465","12,417","25,332","42","6","16","119","806","2,494","133","97","127","427","650","33","113","385","31,403","2,607","228","212","648","4,951","13,550","430","624","226","11","79","1,169","0","5,901","73","963","27","35,096","1,128","1,893","9,394","311","76","312","1,179","59,869","490","800","14,505","146","502","9,647","1,259","22","149","131","146","51","36,900","1,467","16","119","1,955","315","27,506","470","13,522","30","104","1,106","221","234","98","545","820","1,117","13,800","14,704","178","157","947","54","73,391","1,666","284","48,059","27,207","299","8,936","7,224","122","70","2,373","2,088","9","35","44","87","311","72","41","1,230","1,223","216","657","113","1,220","340","569","471","147","219","7,047","230","1,743","137","5,004","59","1,804","6,059","109","21,528","5,111","29","173","16","28","1,934"
"        10 to 14 years","124,482","38,704","9,254","1,940","845","127","170","8,855","13,450","2,723","33","88","245","120","2,150","12,677","31","1,475","187","38,561","286","17,029","105","49","328","118","4","10,874","1,474","1,708","15,855","121","351","33","34","1,076","190","1,003","9,444","49","296","1,545","9,244","8","1","212","59","206","12,963","23,473","0","0","9","361","271","2,088","87","33","17","608","465","8","214","275","28,622","2,357","45","186","545","3,048","12,708","333","354","101","9","45","1,374","70","5,822","58","710","86","31,927","1,051","2,107","7,330","308","74","137","829","58,925","353","916","13,922","134","443","9,617","1,103","83","308","52","171","157","33,462","1,676","9","134","1,255","240","26,132","361","11,074","83","154","564","133","108","46","337","856","1,174","13,038","14,306","191","17","681","30","69,999","1,240","127","46,526","25,742","390","10,523","4,656","59","74","2,598","959","8","56","56","151","308","27","10","1,266","1,111","413","628","273","1,047","420","372","507","549","212","5,667","157","1,550","89","3,822","37","1,535","4,205","73","20,364","6,338","17","89","12","25","1,813"
"        15 to 17 years","74,663","22,298","6,112","1,295","351","152","166","5,309","7,371","1,500","27","60","243","140","1,196","7,578","69","902","102","23,708","164","9,149","61","45","145","34","42","7,451","824","833","8,673","155","259","60","0","625","116","473","5,738","43","204","751","5,581","13","12","77","14","309","8,578","13,314","13","12","0","71","255","1,273","115","60","100","139","393","0","191","277","16,262","1,372","46","111","565","1,923","8,059","210","264","50","0","25","1,101","45","3,365","0","497","0","19,351","510","1,357","4,759","105","46","118","782","35,457","171","413","9,374","28","341","6,205","557","32","157","47","59","69","20,337","661","0","76","707","270","15,578","254","6,156","57","29","381","189","108","9","184","278","476","8,165","7,649","71","109","497","18","41,613","882","161","28,299","15,252","326","7,192","2,400","14","0","1,662","796","34","8","25","45","122","33","0","616","513","255","334","93","639","106","206","334","283","94","3,538","103","1,019","12","2,269","117","986","2,113","50","11,749","3,633","16","12","21","26","1,012"
"        18 and 19 years","49,909","15,396","4,101","733","348","64","66","2,593","6,238","815","33","4","85","36","1,138","3,800","0","481","105","15,518","86","7,081","45","20","87","0","0","4,992","866","529","6,898","167","217","26","8","374","126","705","3,870","140","155","615","2,746","0","9","126","29","13","5,553","8,264","10","0","0","72","129","1,032","50","26","0","93","252","0","149","126","10,649","680","44","59","276","971","4,806","124","155","40","0","0","687","0","2,622","44","239","17","12,660","576","747","2,225","182","8","52","363","22,876","114","463","5,963","35","224","4,294","576","0","257","0","99","88","13,372","451","0","80","381","206","11,147","147","2,981","6","47","379","68","112","29","110","28","183","4,997","6,266","72","7","182","23","25,857","506","71","17,593","10,897","250","4,775","1,237","29","0","1,589","410","4","14","14","13","182","19","0","467","370","132","345","180","562","204","206","62","104","126","1,403","43","831","59","1,207","62","712","1,012","32","7,358","2,985","0","59","27","17","1,028"
"        20 years","24,454","7,039","2,558","373","254","75","22","1,054","2,569","443","9","0","5","20","564","1,696","0","297","112","6,685","46","3,160","34","24","103","0","0","3,023","530","168","2,905","81","138","0","4","42","15","517","2,110","50","53","345","1,225","0","0","12","8","81","3,092","3,899","0","0","0","177","96","520","41","0","49","192","76","0","21","61","4,992","429","0","39","75","394","2,843","128","79","13","28","6","146","0","1,244","14","28","0","6,937","307","321","787","48","34","8","206","10,144","36","247","3,417","0","132","2,598","327","0","106","20","24","24","7,258","248","0","0","278","15","6,471","46","1,276","0","12","80","20","7","0","41","148","255","2,894","2,717","28","49","200","0","11,420","169","75","7,521","6,321","150","2,885","555","8","6","605","325","28","4","4","0","48","13","16","228","167","51","70","40","237","51","36","59","85","12","515","27","428","12","642","0","321","517","8","3,459","1,695","0","12","0","0","523"
"        21 years","27,966","8,929","2,459","647","118","47","36","1,762","3,293","512","9","9","92","5","560","2,486","0","461","132","7,748","78","3,878","0","26","161","0","0","2,587","539","207","3,784","121","129","9","0","65","81","475","2,149","0","92","301","1,920","0","0","69","8","186","2,761","5,125","11","0","0","18","33","650","12","9","17","83","186","0","77","105","6,829","501","0","0","33","504","2,978","132","155","12","0","0","259","0","1,283","0","54","7","7,772","234","470","1,202","78","17","0","206","12,367","54","123","3,091","0","200","2,473","241","0","125","7","8","18","7,935","287","0","0","260","114","6,733","16","2,042","0","9","128","36","30","0","68","73","94","3,000","3,366","63","32","342","0","14,409","391","62","9,284","6,681","52","2,458","779","8","11","744","330","38","0","0","73","78","0","25","173","441","84","63","14","319","31","100","189","89","69","980","26","584","24","724","46","163","672","9","4,619","1,564","23","24","0","0","492"
"        22 to 24 years","87,318","22,916","9,175","1,449","570","175","143","4,675","8,374","1,238","47","16","174","81","1,544","6,477","19","961","250","29,488","157","10,127","17","82","64","27","0","8,323","938","803","9,405","112","330","38","45","666","243","796","6,455","37","173","952","4,773","0","17","167","41","161","9,401","13,072","8","10","0","116","216","1,859","45","13","119","236","488","4","225","245","15,547","1,038","60","261","316","1,841","10,523","269","193","179","0","0","956","12","4,192","185","466","18","23,751","888","1,565","3,918","242","175","56","558","41,345","130","621","10,164","70","592","9,460","888","8","248","0","206","37","24,826","550","0","82","906","239","20,908","251","5,149","8","7","477","88","62","25","86","515","722","10,868","8,889","179","140","354","9","46,494","863","190","33,422","20,600","308","7,993","2,057","41","3","1,750","763","64","46","46","172","242","31","34","827","891","183","488","278","656","362","149","364","317","167","2,802","122","1,616","79","1,802","126","1,075","1,858","192","11,857","4,981","31","85","24","18","1,458"
"        25 to 29 years","171,545","41,076","15,520","1,891","949","472","234","8,036","14,987","1,791","35","44","695","141","2,931","10,229","16","1,206","607","63,097","725","17,625","0","62","223","6","13","12,978","2,237","1,584","16,397","231","572","28","51","715","352","1,755","12,312","146","409","1,460","7,867","114","0","379","259","268","14,754","24,013","12","30","3","336","269","3,298","72","28","198","552","685","15","584","333","27,339","1,647","199","617","694","2,828","17,738","655","444","174","54","42","1,885","17","8,104","97","571","42","49,518","1,516","2,533","5,918","437","98","139","674","85,557","363","1,246","15,806","39","1,161","16,162","1,681","31","533","165","183","78","50,499","900","36","78","2,535","514","44,581","376","8,215","31","50","603","163","145","23","374","847","1,228","18,343","15,834","164","263","610","0","93,772","1,353","543","69,759","44,215","366","12,406","8,220","297","35","3,225","1,052","6","113","113","131","437","31","27","1,689","1,217","788","480","580","1,250","678","426","452","420","379","4,247","101","2,773","394","2,193","642","981","7,718","31","22,460","10,154","129","417","0","5","2,557"
"        30 to 34 years","176,008","41,412","16,302","2,576","666","238","211","6,575","15,574","1,691","36","90","907","181","2,140","8,877","40","1,905","601","64,494","423","17,732","72","151","178","47","6","12,644","2,813","1,066","16,718","272","514","42","131","871","240","2,572","12,374","171","265","1,072","6,431","44","21","316","227","147","13,965","24,070","0","0","34","300","274","3,001","45","28","114","371","671","18","476","431","28,020","1,575","16","375","685","2,290","18,030","649","294","293","0","48","2,080","58","7,907","60","755","159","53,682","1,235","2,893","4,769","367","181","68","1,157","86,775","618","1,032","14,934","25","1,808","17,104","1,267","105","351","32","78","188","54,502","908","27","112","2,125","379","49,733","409","7,219","145","173","1,008","193","179","82","172","467","1,014","18,819","16,041","294","168","1,004","43","93,994","1,532","292","69,924","49,455","278","12,130","10,782","227","17","3,725","969","0","124","139","114","367","66","99","1,303","1,419","458","407","778","873","828","710","512","461","316","3,212","245","2,631","220","2,302","783","820","10,376","199","22,281","10,452","69","229","5","35","1,968"
"        35 to 39 years","165,665","38,923","16,613","2,037","938","230","126","4,931","15,388","1,318","18","39","690","331","2,032","6,745","105","1,107","436","59,030","152","17,541","53","133","83","6","24","12,027","3,132","797","16,410","427","339","90","57","546","316","2,862","11,366","290","284","1,285","4,977","113","32","173","161","113","12,958","21,965","18","11","23","360","257","3,544","22","76","179","432","930","12","174","614","26,027","1,222","35","419","1,075","1,651","18,472","472","328","196","0","69","1,883","10","7,706","153","450","47","51,991","1,313","3,021","3,847","263","118","74","1,014","79,437","362","1,013","13,678","36","2,039","17,410","1,330","47","460","17","265","153","52,820","852","14","117","1,805","484","48,973","230","5,442","47","117","890","425","88","35","52","835","1,131","19,214","16,223","87","189","669","54","84,879","1,171","240","62,914","48,629","344","11,688","9,776","176","0","3,668","720","20","15","15","207","263","5","67","1,434","1,023","177","511","742","702","797","362","284","348","173","2,571","238","2,967","151","1,814","587","829","9,497","85","20,407","10,001","149","151","68","3","1,980"
"        40 to 44 years","165,455","34,492","19,448","2,465","773","205","298","4,668","13,050","1,393","50","6","453","293","2,046","6,366","84","1,589","304","63,370","161","15,068","129","116","121","5","43","12,623","2,903","600","14,104","327","376","51","139","577","520","2,663","12,156","107","292","1,120","4,549","22","83","294","173","159","13,588","20,057","15","6","37","269","198","3,549","52","51","99","306","876","52","377","356","23,440","1,240","21","162","801","1,676","21,003","304","327","143","0","118","2,098","44","6,332","115","424","37","51,186","1,204","2,981","3,232","388","138","87","822","82,169","431","787","14,299","12","2,305","19,867","1,253","56","458","49","161","196","51,725","706","21","110","1,335","520","48,493","296","4,696","56","21","692","310","120","4","168","625","964","21,434","13,675","323","99","894","25","86,865","1,691","205","66,808","48,329","164","12,247","6,459","173","25","3,123","711","66","17","17","201","397","27","23","1,029","1,643","185","493","406","793","444","459","509","507","303","1,884","212","3,164","131","1,698","399","539","6,254","146","18,799","11,006","29","131","8","41","1,878"
"        45 to 49 years","163,308","30,750","19,863","2,260","709","128","256","4,112","11,231","1,133","56","26","371","262","1,845","5,600","68","1,532","289","69,653","243","12,754","73","72","203","40","25","13,213","2,134","420","12,140","178","277","49","127","640","374","1,966","11,313","118","278","1,217","4,055","44","38","306","82","154","14,029","18,081","13","19","0","238","148","2,971","43","49","96","332","728","35","394","354","19,479","905","67","269","875","1,480","21,300","316","278","170","38","9","2,007","0","6,175","108","412","79","46,336","1,134","2,748","2,757","326","33","63","704","86,591","284","1,013","14,693","45","2,013","20,252","1,148","97","248","14","185","49","47,164","539","54","229","1,251","465","44,407","157","4,334","97","120","642","293","86","27","89","390","614","21,659","11,621","289","113","783","33","90,925","1,499","145","72,844","43,959","448","12,936","4,469","91","43","2,927","664","16","50","50","154","326","12","38","1,494","1,556","257","599","359","697","389","302","537","356","306","1,841","127","2,583","161","1,488","354","828","4,213","107","16,938","10,296","48","161","32","36","1,756"
"        50 to 54 years","165,197","26,711","19,889","2,506","824","185","221","4,233","8,833","1,099","55","109","441","281","2,263","5,629","41","1,674","496","75,460","272","10,334","101","39","73","22","39","14,058","1,742","314","9,663","217","156","0","82","573","561","1,563","11,897","145","260","1,133","4,063","21","78","247","20","65","14,866","16,629","38","59","36","271","83","2,907","97","0","133","351","832","17","351","271","15,774","993","48","246","990","1,126","20,964","506","260","176","36","80","2,123","22","5,633","135","467","117","45,285","1,293","2,884","2,940","324","124","49","700","91,002","155","976","15,184","26","2,187","20,106","1,351","34","643","58","272","185","46,030","653","21","162","1,020","630","43,090","154","4,134","34","95","514","359","42","86","174","402","671","21,171","9,235","326","133","796","11","95,136","1,772","185","78,507","42,635","455","13,902","3,324","20","38","2,820","318","0","67","67","144","333","24","61","1,188","1,806","286","501","207","912","217","164","466","237","247","1,725","123","2,651","86","1,396","396","745","3,074","139","15,542","10,558","58","103","25","23","2,089"
"        55 to 59 years","153,111","20,815","19,788","2,253","434","114","159","3,110","6,804","1,037","111","30","329","392","1,490","4,305","102","1,437","209","73,636","245","8,282","80","65","111","27","23","13,098","1,473","172","7,636","125","248","47","96","439","489","1,406","11,302","93","91","720","2,936","38","45","356","44","102","13,741","12,822","21","37","32","252","169","2,402","54","47","101","284","816","41","280","327","11,996","930","46","202","724","1,093","20,745","209","110","151","24","5","1,612","10","4,343","122","332","94","42,641","941","2,646","2,054","380","109","28","621","85,589","166","845","14,191","7","2,250","20,061","941","73","258","0","85","64","43,171","581","73","85","737","585","41,117","152","3,018","73","180","612","474","19","65","56","441","646","21,021","7,245","291","101","642","0","88,607","1,568","114","75,785","40,829","288","12,850","2,634","44","33","2,194","450","10","14","14","148","380","41","61","1,132","1,632","268","335","264","549","285","166","516","38","356","1,136","111","2,219","59","1,195","322","530","2,412","147","11,953","10,389","47","59","13","19","1,434"
"        60 and 61 years","57,832","6,881","6,644","830","260","9","24","1,051","2,094","236","10","8","129","133","557","1,353","85","510","49","29,808","116","2,413","0","25","38","0","0","4,652","404","56","2,173","67","87","17","48","146","193","383","4,359","62","107","343","1,005","7","0","27","0","48","4,875","4,425","10","8","5","25","14","1,135","0","0","9","25","320","15","44","127","4,078","202","11","65","332","361","6,919","49","115","82","0","0","633","0","1,307","25","112","40","15,459","335","1,202","639","27","67","0","267","33,984","19","269","5,013","34","1,073","6,781","335","26","138","0","71","0","15,650","56","0","54","142","199","15,011","85","897","26","15","228","147","9","18","38","83","240","7,041","2,177","137","9","273","15","34,881","499","9","30,456","14,916","95","4,565","828","49","0","747","138","0","0","8","76","27","13","0","326","563","116","154","122","222","137","19","240","0","27","328","25","995","0","302","123","191","791","53","4,176","4,176","7","0","25","0","519"
"        62 to 64 years","82,375","9,752","11,395","1,029","246","27","25","1,528","3,233","425","0","0","158","105","783","1,953","47","686","69","41,678","161","3,772","37","0","56","0","0","7,043","694","129","3,531","38","96","0","9","197","285","642","5,462","19","109","301","1,342","12","9","113","0","58","7,430","6,032","51","9","29","93","33","1,189","0","0","19","93","343","4","90","58","5,364","414","0","157","316","563","11,793","69","109","104","12","17","780","9","2,216","24","186","46","22,419","421","1,458","845","134","61","7","164","47,409","39","400","7,606","0","1,312","11,522","421","82","249","0","44","93","22,704","197","9","52","296","247","21,859","122","1,236","82","17","363","105","0","0","14","114","241","11,920","3,347","165","19","343","0","48,645","585","27","42,613","21,650","209","6,947","1,334","17","11","1,199","176","3","0","0","119","134","37","0","579","865","170","84","127","362","127","39","163","40","113","367","0","1,099","17","425","158","285","1,209","99","5,731","5,065","12","17","28","9","769"
"        65 and 66 years","48,297","5,306","6,178","550","142","27","74","704","1,320","218","15","0","50","70","325","901","72","266","37","25,237","9","1,629","0","15","18","0","0","4,256","403","42","1,435","7","91","0","0","75","168","403","3,739","7","52","166","630","0","0","26","0","26","4,355","3,674","0","7","0","12","38","683","0","0","27","12","284","0","23","116","3,110","196","0","49","116","208","6,308","37","70","23","0","0","309","0","1,099","9","53","0","12,872","195","594","486","52","31","13","168","28,747","48","216","4,464","14","563","6,270","201","0","92","6","42","37","12,983","89","22","41","145","215","12,497","73","591","6","45","267","102","6","6","20","91","194","6,400","1,411","47","27","162","0","29,338","418","27","25,664","12,431","66","4,165","815","4","0","676","109","7","0","0","19","52","8","0","195","382","9","48","92","124","92","48","174","38","26","216","22","638","0","197","50","111","747","43","3,510","3,546","0","0","0","0","305"
"        67 to 69 years","59,326","6,263","5,954","701","319","44","74","1,074","1,856","279","67","0","37","37","565","1,405","4","523","19","33,044","13","2,188","0","26","48","0","46","4,230","610","82","2,051","84","80","9","44","98","110","585","4,558","58","114","420","1,044","0","0","27","0","6","4,354","4,140","0","20","0","76","12","537","16","9","44","85","178","23","66","68","3,105","263","0","74","155","215","6,091","28","114","35","8","4","456","7","1,428","17","82","12","14,791","393","1,091","643","36","26","5","175","36,909","77","354","4,445","16","1,016","6,123","418","41","51","25","109","20","14,920","164","0","86","153","118","14,277","64","1,108","41","8","390","45","35","29","29","53","137","6,256","1,909","68","58","330","0","38,017","554","58","33,877","14,239","38","4,150","1,313","0","0","708","91","0","0","0","69","36","13","14","435","526","13","201","165","147","169","77","135","51","27","386","26","503","7","331","37","129","1,253","0","3,865","4,344","10","7","18","0","536"
"        70 to 74 years","77,166","8,362","8,857","940","261","54","82","1,091","1,988","318","0","14","32","80","689","1,440","43","485","18","41,847","77","2,467","110","41","36","13","0","6,291","472","51","2,231","98","197","0","39","148","316","462","5,640","61","134","323","990","8","83","92","0","19","6,371","5,890","0","24","0","79","0","1,011","20","0","54","79","455","16","73","139","4,008","302","0","62","327","306","9,008","18","134","99","22","13","833","0","2,202","64","132","53","19,481","427","1,152","657","92","120","10","233","47,443","113","246","6,597","3","1,091","8,998","427","16","209","0","48","69","19,618","194","7","44","234","326","18,961","61","1,018","16","19","430","148","0","0","8","161","236","9,138","2,149","105","54","238","13","48,461","663","54","42,571","18,868","93","6,094","1,578","0","0","1,226","226","0","0","0","178","92","8","0","393","707","77","110","130","262","141","113","128","90","92","351","57","985","0","349","32","137","1,505","51","5,596","5,368","8","0","0","7","681"
"        75 to 79 years","57,885","6,453","7,868","651","112","36","48","915","1,274","222","45","0","35","109","391","1,204","34","408","96","30,048","16","1,527","43","57","64","0","12","4,365","529","53","1,440","14","53","8","7","63","162","529","4,448","14","54","229","938","0","6","30","0","11","4,559","4,811","14","2","4","46","24","759","0","8","32","46","243","24","134","81","3,112","203","10","101","331","256","8,113","96","54","44","0","0","653","0","1,609","32","44","19","16,293","186","1,231","599","38","0","0","184","34,640","0","136","4,621","9","1,193","7,923","186","18","127","0","12","21","16,541","110","0","34","150","132","15,942","78","781","28","3","311","158","0","6","16","31","87","8,168","1,305","114","32","195","0","35,421","378","36","30,610","15,778","164","4,312","975","0","0","853","62","0","0","0","52","38","4","0","480","467","16","129","55","205","55","8","107","74","30","306","74","688","0","289","35","248","888","12","4,592","4,228","11","0","0","18","375"
"        80 to 84 years","46,072","4,908","6,967","456","66","37","81","653","1,211","167","20","0","11","104","176","834","9","316","16","24,530","18","1,382","0","0","28","6","0","3,141","315","65","1,319","4","17","0","8","77","129","300","3,211","4","17","88","618","0","0","13","0","5","3,333","3,608","0","3","0","24","0","388","0","0","37","31","140","8","56","11","2,465","139","0","104","171","226","7,083","16","17","35","12","0","444","0","1,229","59","49","0","12,918","116","1,146","330","24","10","14","66","27,977","0","184","3,367","8","1,107","7,012","116","0","27","0","25","10","12,979","104","8","30","155","109","12,649","30","655","0","24","291","117","0","31","12","4","63","7,128","1,215","92","37","160","0","28,632","322","40","25,024","12,608","41","3,124","564","0","0","481","34","0","0","0","113","24","0","19","391","390","32","37","45","60","45","0","156","133","13","226","0","360","0","181","11","61","496","15","3,447","3,095","0","0","18","0","164"
"        85 years and over","59,662","5,511","7,177","514","78","13","70","506","1,322","235","0","0","11","0","142","768","0","360","101","36,334","8","1,589","0","20","31","0","0","4,365","364","62","1,513","24","76","0","0","138","82","364","2,628","6","26","106","395","0","0","4","0","0","4,519","3,911","8","10","0","16","0","259","12","0","13","24","154","14","122","72","2,348","235","0","135","400","246","7,390","101","26","26","0","25","620","0","1,357","17","138","0","13,025","79","1,816","238","4","54","0","130","40,028","7","247","4,611","0","1,792","7,201","95","23","8","16","36","28","13,136","181","5","29","64","91","12,898","42","548","23","27","262","6","0","0","24","32","76","7,414","1,354","46","13","172","0","40,576","375","13","36,665","12,829","69","4,289","532","0","0","776","92","0","0","0","0","4","0","12","349","384","8","56","24","47","24","7","163","67","4","76","20","244","0","262","11","111","505","0","3,694","2,546","0","0","0","5","118"