"Label (Grouping)","Los Angeles-Long Beach-Anaheim, CA Metro Area!!Total population!!Estimate","Los Angeles-Long Beach-Anaheim, CA Metro Area!!Hispanic or Latino (of any race) (200-299)!!Estimate","Los Angeles-Long Beach-Anaheim, CA Metro Area!!Bangladeshi alone (402)!!Estimate","Los Angeles-Long Beach-Anaheim, CA Metro Area!!Bangladeshi alone or in any combination (402) & (100-299) or (300, A01-Z99) or (400-999)!!Estimate","Los Angeles-Long Beach-Anaheim, CA Metro Area!!Mexican American Indian tribal grouping alone (V84-W66)!!Estimate","Los Angeles-Long Beach-Anaheim, CA Metro Area!!Chinese (except Taiwanese) alone (410-411)!!Estimate","Los Angeles-Long Beach-Anaheim, CA Metro Area!!Pakistani alone (445)!!Estimate","Los Angeles-Long Beach-Anaheim, CA Metro Area!!Native Hawaiian and Other Pacific Islander alone or in combination with one or more other races  (500-599) & (100-299) or (300, A01-Z99) or (400-999)!!Estimate","Los Angeles-Long Beach-Anaheim, CA Metro Area!!White; Black or African American; American Indian and Alaska Native!!Estimate","Los Angeles-Long Beach-Anaheim, CA Metro Area!!White; Black or African American; Some other race!!Estimate","Los Angeles-Long Beach-Anaheim, CA Metro Area!!Mexican American Indian tribal grouping alone or in any combination (V84-W66) & (100-299) or (300, A01-Z99) or (400-999)!!Estimate","Los Angeles-Long Beach-Anaheim, CA Metro Area!!White alone or in combination with one or more other races!!Estimate","Los Angeles-Long Beach-Anaheim, CA Metro Area!!Chinese alone or in any combination (410-419) & (100-299) or (300, A01-Z99) or (400-999)!!Estimate","Los Angeles-Long Beach-Anaheim, CA Metro Area!!Mongolian alone or in any combination (465) & (100-299) or (300, A01-Z99) or (400-999)!!Estimate","Los Angeles-Long Beach-Anaheim, CA Metro Area!!Asian alone, not Hispanic or Latino!!Estimate","Los Angeles-Long Beach-Anaheim, CA Metro Area!!Asian alone or in combination with one or more other races, not Hispanic or Latino!!Estimate","Los Angeles-Long Beach-Anaheim, CA Metro Area!!Hopi tribal grouping alone or in any combination (D74-D75) & (100-299) or (300, A01-Z99) or (400-999)!!Estimate","Los Angeles-Long Beach-Anaheim, CA Metro Area!!Native Hawaiian alone or in any combination (500-503) & (100-299) or (300, A01-Z99) or (400-999)!!Estimate","Los Angeles-Long Beach-Anaheim, CA Metro Area!!Black or African American; Native Hawaiian and Other Pacific Islander!!Estimate","Los Angeles-Long Beach-Anaheim, CA Metro Area!!American Indian and Alaska Native alone (300, A01-Z99)!!Estimate","Los Angeles-Long Beach-Anaheim, CA Metro Area!!Samoan alone or in any combination (510-511) & (100-299) or (300, A01-Z99) or (400-999)!!Estimate","Los Angeles-Long Beach-Anaheim, CA Metro Area!!White; Black or African American!!Estimate","Los Angeles-Long Beach-Anaheim, CA Metro Area!!American Indian and Alaska Native alone or in combination with one or more other races, not Hispanic or Latino!!Estimate","Los Angeles-Long Beach-Anaheim, CA Metro Area!!White alone, Hispanic or Latino!!Estimate","Los Angeles-Long Beach-Anaheim, CA Metro Area!!Three or more races without Some Other Race!!Estimate","Los Angeles-Long Beach-Anaheim, CA Metro Area!!Central American Indian tribal grouping alone (V24-V83)!!Estimate","Los Angeles-Long Beach-Anaheim, CA Metro Area!!Black or African American alone, not Hispanic or Latino!!Estimate","Los Angeles-Long Beach-Anaheim, CA Metro Area!!White alone!!Estimate","Los Angeles-Long Beach-Anaheim, CA Metro Area!!Black or African American alone, Hispanic or Latino!!Estimate","Los Angeles-Long Beach-Anaheim, CA Metro Area!!Two or More Races, Hispanic or Latino!!Estimate","Los Angeles-Long Beach-Anaheim, CA Metro Area!!American Indian alone!!Estimate","Los Angeles-Long Beach-Anaheim, CA Metro Area!!Yaqui tribal grouping alone or in any combination (L91-L99) & (100-299) or (300, A01-Z99) or (400-999)!!Estimate","Los Angeles-Long Beach-Anaheim, CA Metro Area!!American Indian and Alaska Native alone, not Hispanic or Latino!!Estimate","Los Angeles-Long Beach-Anaheim, CA Metro Area!!White; Asian; Some other race!!Estimate","Los Angeles-Long Beach-Anaheim, CA Metro Area!!Apache tribal grouping alone (A09-A23)!!Estimate","Los Angeles-Long Beach-Anaheim, CA Metro Area!!South American (231-249)!!Estimate","Los Angeles-Long Beach-Anaheim, CA Metro Area!!Native Hawaiian and Other Pacific Islander in combination with one or more other races!!Estimate","Los Angeles-Long Beach-Anaheim, CA Metro Area!!Japanese alone or in any combination (430-439) & (100-299) or (300, A01-Z99) or (400-999)!!Estimate","Los Angeles-Long Beach-Anaheim, CA Metro Area!!Mongolian alone (465)!!Estimate","Los Angeles-Long Beach-Anaheim, CA Metro Area!!Honduran (223)!!Estimate","Los Angeles-Long Beach-Anaheim, CA Metro Area!!American Indian and Alaska Native alone or in combination with one or more other races (300, A01-Z99) & (100-299) or (300, A01-Z99) or (400-999)!!Estimate","Los Angeles-Long Beach-Anaheim, CA Metro Area!!Comanche Nation, Oklahoma tribal grouping alone or in any combination (C39-C43) & (100-299) or (300, A01-Z99) or (400-999)!!Estimate","Los Angeles-Long Beach-Anaheim, CA Metro Area!!Hmong alone (422)!!Estimate","Los Angeles-Long Beach-Anaheim, CA Metro Area!!Some other race alone, not Hispanic or Latino!!Estimate","Los Angeles-Long Beach-Anaheim, CA Metro Area!!Two or more races!!Estimate","Los Angeles-Long Beach-Anaheim, CA Metro Area!!White; Asian!!Estimate","Los Angeles-Long Beach-Anaheim, CA Metro Area!!Thai alone (447-449)!!Estimate","Los Angeles-Long Beach-Anaheim, CA Metro Area!!Asian; Native Hawaiian and Other Pacific Islander!!Estimate","Los Angeles-Long Beach-Anaheim, CA Metro Area!!Salvadoran (226)!!Estimate","Los Angeles-Long Beach-Anaheim, CA Metro Area!!Colombian (234)!!Estimate","Los Angeles-Long Beach-Anaheim, CA Metro Area!!Three or more races with Some Other Race!!Estimate","Los Angeles-Long Beach-Anaheim, CA Metro Area!!Filipino alone (420-421)!!Estimate","Los Angeles-Long Beach-Anaheim, CA Metro Area!!Korean alone (440-441)!!Estimate","Los Angeles-Long Beach-Anaheim, CA Metro Area!!Costa Rican (221)!!Estimate","Los Angeles-Long Beach-Anaheim, CA Metro Area!!Asian alone (400-499)!!Estimate","Los Angeles-Long Beach-Anaheim, CA Metro Area!!Burmese alone (404)!!Estimate","Los Angeles-Long Beach-Anaheim, CA Metro Area!!Native Hawaiian and Other Pacific Islander alone or in combination with one or more other races, not Hispanic or Latino!!Estimate","Los Angeles-Long Beach-Anaheim, CA Metro Area!!Two or more races, not Hispanic or Latino!!Estimate","Los Angeles-Long Beach-Anaheim, CA Metro Area!!Black or African American alone or in combination with one or more other races!!Estimate","Los Angeles-Long Beach-Anaheim, CA Metro Area!!Cherokee tribal grouping alone (B21-B39)!!Estimate","Los Angeles-Long Beach-Anaheim, CA Metro Area!!Spanish American Indian tribal grouping alone or in any combination (X25-Z99) & (100-299) or (300, A01-Z99) or (400-999)!!Estimate","Los Angeles-Long Beach-Anaheim, CA Metro Area!!Malaysian alone (443)!!Estimate","Los Angeles-Long Beach-Anaheim, CA Metro Area!!Black or African American in combination with one or more other races!!Estimate","Los Angeles-Long Beach-Anaheim, CA Metro Area!!Central American Indian tribal grouping alone or in any combination (V24-V83) & (100-299) or (300, A01-Z99) or (400-999)!!Estimate","Los Angeles-Long Beach-Anaheim, CA Metro Area!!Native Hawaiian and Other Pacific Islander alone, not Hispanic or Latino!!Estimate","Los Angeles-Long Beach-Anaheim, CA Metro Area!!Native Hawaiian and Other Pacific Islander alone, Hispanic or Latino!!Estimate","Los Angeles-Long Beach-Anaheim, CA Metro Area!!Indonesian alone or in any combination (423-429) & (100-299) or (300, A01-Z99) or (400-999)!!Estimate","Los Angeles-Long Beach-Anaheim, CA Metro Area!!White; American Indian and Alaska Native; Asian!!Estimate","Los Angeles-Long Beach-Anaheim, CA Metro Area!!Filipino alone or in any combination (420-421) & (100-299) or (300, A01-Z99) or (400-999)!!Estimate","Los Angeles-Long Beach-Anaheim, CA Metro Area!!Vietnamese alone (450-459)!!Estimate","Los Angeles-Long Beach-Anaheim, CA Metro Area!!Vietnamese alone or in any combination (450-459) & (100-299) or (300, A01-Z99) or (400-999)!!Estimate","Los Angeles-Long Beach-Anaheim, CA Metro Area!!Asian alone, Hispanic or Latino!!Estimate","Los Angeles-Long Beach-Anaheim, CA Metro Area!!Asian alone or in combination with one or more other races, Hispanic or Latino!!Estimate","Los Angeles-Long Beach-Anaheim, CA Metro Area!!Native Hawaiian and Other Pacific Islander alone or in combination with one or more other races, Hispanic or Latino!!Estimate","Los Angeles-Long Beach-Anaheim, CA Metro Area!!Native Hawaiian and Other Pacific Islander; Some other race!!Estimate","Los Angeles-Long Beach-Anaheim, CA Metro Area!!Chippewa tribal grouping alone or in any combination (B67-B99) & (100-299) or (300, A01-Z99) or (400-999)!!Estimate","Los Angeles-Long Beach-Anaheim, CA Metro Area!!White alone or in combination with one or more other races, Hispanic or Latino!!Estimate","Los Angeles-Long Beach-Anaheim, CA Metro Area!!Samoan alone (510-511)!!Estimate","Los Angeles-Long Beach-Anaheim, CA Metro Area!!Apache tribal grouping alone or in any combination (A09-A23) & (100-299) or (300, A01-Z99) or (400-999)!!Estimate","Los Angeles-Long Beach-Anaheim, CA Metro Area!!White alone or in combination with one or more other races, not Hispanic or Latino!!Estimate","Los Angeles-Long Beach-Anaheim, CA Metro Area!!Choctaw tribal grouping alone or in any combination (C08-C16) & (100-299) or (300, A01-Z99) or (400-999)!!Estimate","Los Angeles-Long Beach-Anaheim, CA Metro Area!!Chickasaw tribal grouping alone or in any combination (B53-B56) & (100-299) or (300, A01-Z99) or (400-999)!!Estimate","Los Angeles-Long Beach-Anaheim, CA Metro Area!!Fijian alone (542)!!Estimate","Los Angeles-Long Beach-Anaheim, CA Metro Area!!Fijian alone or in any combination (542) & (100-299) or (300, A01-Z99) or (400-999)!!Estimate","Los Angeles-Long Beach-Anaheim, CA Metro Area!!Seminole tribal grouping alone or in any combination (J47-J57) & (100-299) or (300, A01-Z99) or (400-999)!!Estimate","Los Angeles-Long Beach-Anaheim, CA Metro Area!!Thai alone or in any combination (447-449) & (100-299) or (300, A01-Z99) or (400-999)!!Estimate","Los Angeles-Long Beach-Anaheim, CA Metro Area!!Malaysian alone or in any combination (443) & (100-299) or (300, A01-Z99) or (400-999)!!Estimate","Los Angeles-Long Beach-Anaheim, CA Metro Area!!American Indian and Alaska Native; Asian!!Estimate","Los Angeles-Long Beach-Anaheim, CA Metro Area!!White; Asian; Native Hawaiian and Other Pacific Islander!!Estimate","Los Angeles-Long Beach-Anaheim, CA Metro Area!!Ecuadorian (235)!!Estimate","Los Angeles-Long Beach-Anaheim, CA Metro Area!!Creek tribal grouping alone or in any combination (C64-C80) & (100-299) or (300, A01-Z99) or (400-999)!!Estimate","Los Angeles-Long Beach-Anaheim, CA Metro Area!!Pueblo tribal grouping alone (H38, H40, H42-H65)!!Estimate","Los Angeles-Long Beach-Anaheim, CA Metro Area!!Laotian alone or in any combination (442) & (100-299) or (300, A01-Z99) or (400-999)!!Estimate","Los Angeles-Long Beach-Anaheim, CA Metro Area!!Micronesian alone or in any combination (520-529, 531-541) & (100-299) or (300, A01-Z99) or (400-999)!!Estimate","Los Angeles-Long Beach-Anaheim, CA Metro Area!!Venezuelan (239)!!Estimate","Los Angeles-Long Beach-Anaheim, CA Metro Area!!Some Other Race alone or in combination with one or more other races, Hispanic or Latino!!Estimate","Los Angeles-Long Beach-Anaheim, CA Metro Area!!Luiseno tribal grouping alone or in any combination (E66-E77) & (100-299) or (300, A01-Z99) or (400-999)!!Estimate","Los Angeles-Long Beach-Anaheim, CA Metro Area!!Taiwanese alone (412-419)!!Estimate","Los Angeles-Long Beach-Anaheim, CA Metro Area!!White; Some other race!!Estimate","Los Angeles-Long Beach-Anaheim, CA Metro Area!!Tongan alone (513)!!Estimate","Los Angeles-Long Beach-Anaheim, CA Metro Area!!Uruguayan (238)!!Estimate","Los Angeles-Long Beach-Anaheim, CA Metro Area!!Blackfeet Tribe of the Blackfeet Indian Reservation of Montana alone or in any combination (A45-A50) & (100-299) or (300, A01-Z99) or (400-999)!!Estimate","Los Angeles-Long Beach-Anaheim, CA Metro Area!!Sioux tribal grouping alone or in any combination (K16-K21, K23-K53) & (100-299) or (300, A01-Z99) or (400-999)!!Estimate","Los Angeles-Long Beach-Anaheim, CA Metro Area!!Black or African American alone!!Estimate","Los Angeles-Long Beach-Anaheim, CA Metro Area!!Black or African American; Asian!!Estimate","Los Angeles-Long Beach-Anaheim, CA Metro Area!!White alone, not Hispanic or Latino!!Estimate","Los Angeles-Long Beach-Anaheim, CA Metro Area!!South American Indian tribal grouping alone or in any combination (W67-X24) & (100-299) or (300, A01-Z99) or (400-999)!!Estimate","Los Angeles-Long Beach-Anaheim, CA Metro Area!!White; Black or African American; American Indian and Alaska Native; Some other race!!Estimate","Los Angeles-Long Beach-Anaheim, CA Metro Area!!American Indian and Alaska Native alone, Hispanic or Latino!!Estimate","Los Angeles-Long Beach-Anaheim, CA Metro Area!!Some Other Race alone, Hispanic or Latino!!Estimate","Los Angeles-Long Beach-Anaheim, CA Metro Area!!Polynesian alone (500-519)!!Estimate","Los Angeles-Long Beach-Anaheim, CA Metro Area!!Pueblo tribal grouping alone or in any combination (H38, H40, H42-H65) & (100-299) or (300, A01-Z99) or (400-999)!!Estimate","Los Angeles-Long Beach-Anaheim, CA Metro Area!!Cuban (270-274)!!Estimate","Los Angeles-Long Beach-Anaheim, CA Metro Area!!Puerto Rican (260-269)!!Estimate","Los Angeles-Long Beach-Anaheim, CA Metro Area!!Some other race in combination with one or more other races!!Estimate","Los Angeles-Long Beach-Anaheim, CA Metro Area!!Pakistani alone or in any combination (445) & (100-299) or (300, A01-Z99) or (400-999)!!Estimate","Los Angeles-Long Beach-Anaheim, CA Metro Area!!Japanese alone (430-439)!!Estimate","Los Angeles-Long Beach-Anaheim, CA Metro Area!!Navajo Nation tribal grouping alone or in any combination (F62-F70) & (100-299) or (300, A01-Z99) or (400-999)!!Estimate","Los Angeles-Long Beach-Anaheim, CA Metro Area!!Yaqui tribal grouping alone (L91-L99)!!Estimate","Los Angeles-Long Beach-Anaheim, CA Metro Area!!American Indian and Alaska Native in combination with one or more other races!!Estimate","Los Angeles-Long Beach-Anaheim, CA Metro Area!!Sri Lankan alone (446)!!Estimate","Los Angeles-Long Beach-Anaheim, CA Metro Area!!Nepalese alone (472)!!Estimate","Los Angeles-Long Beach-Anaheim, CA Metro Area!!American Indian and Alaska Native; Some other race!!Estimate","Los Angeles-Long Beach-Anaheim, CA Metro Area!!Guatemalan (222)!!Estimate","Los Angeles-Long Beach-Anaheim, CA Metro Area!!White; American Indian and Alaska Native!!Estimate","Los Angeles-Long Beach-Anaheim, CA Metro Area!!Hmong alone or in any combination (422) & (100-299) or (300, A01-Z99) or (400-999)!!Estimate","Los Angeles-Long Beach-Anaheim, CA Metro Area!!Black or African American; Some other race!!Estimate","Los Angeles-Long Beach-Anaheim, CA Metro Area!!White; Black or African American; Asian!!Estimate","Los Angeles-Long Beach-Anaheim, CA Metro Area!!Sioux tribal grouping alone (K16-K21, K23-K53)!!Estimate","Los Angeles-Long Beach-Anaheim, CA Metro Area!!American Indian alone or in any combination!!Estimate","Los Angeles-Long Beach-Anaheim, CA Metro Area!!Native Hawaiian and Other Pacific Islander alone (500-599)!!Estimate","Los Angeles-Long Beach-Anaheim, CA Metro Area!!Two races with Some Other Race!!Estimate","Los Angeles-Long Beach-Anaheim, CA Metro Area!!Black or African American alone or in combination with one or more other races, Hispanic or Latino!!Estimate","Los Angeles-Long Beach-Anaheim, CA Metro Area!!Nicaraguan (224)!!Estimate","Los Angeles-Long Beach-Anaheim, CA Metro Area!!Some other race alone!!Estimate","Los Angeles-Long Beach-Anaheim, CA Metro Area!!Two races without Some Other Race!!Estimate","Los Angeles-Long Beach-Anaheim, CA Metro Area!!Laotian alone (442)!!Estimate","Los Angeles-Long Beach-Anaheim, CA Metro Area!!Taiwanese alone or in any combination (412-419) & (100-299) or (300, A01-Z99) or (400-999)!!Estimate","Los Angeles-Long Beach-Anaheim, CA Metro Area!!Chinese (except Taiwanese) alone or in any combination (410-411) & (100-299) or (300, A01-Z99) or (400-999)!!Estimate","Los Angeles-Long Beach-Anaheim, CA Metro Area!!American Indian and Alaska Native alone or in combination with one or more other races, Hispanic or Latino!!Estimate","Los Angeles-Long Beach-Anaheim, CA Metro Area!!Central American (excludes Mexican) (221-230)!!Estimate","Los Angeles-Long Beach-Anaheim, CA Metro Area!!Some other race alone or in combination with one or more other races!!Estimate","Los Angeles-Long Beach-Anaheim, CA Metro Area!!White in combination with one or more other races!!Estimate","Los Angeles-Long Beach-Anaheim, CA Metro Area!!Korean alone or in any combination (440-441) & (100-299) or (300, A01-Z99) or (400-999)!!Estimate","Los Angeles-Long Beach-Anaheim, CA Metro Area!!Melanesian alone (542-546)!!Estimate","Los Angeles-Long Beach-Anaheim, CA Metro Area!!White; Black or African American; American Indian and Alaska Native; Asian!!Estimate","Los Angeles-Long Beach-Anaheim, CA Metro Area!!Chippewa tribal grouping alone (B67-B99)!!Estimate","Los Angeles-Long Beach-Anaheim, CA Metro Area!!Mexican (210-220)!!Estimate","Los Angeles-Long Beach-Anaheim, CA Metro Area!!Peruvian (237)!!Estimate","Los Angeles-Long Beach-Anaheim, CA Metro Area!!Asian alone or in combination with one or more other races  (400-499) & (100-299) or (300, A01-Z99) or (400-999)!!Estimate","Los Angeles-Long Beach-Anaheim, CA Metro Area!!White; American Indian and Alaska Native; Some other race!!Estimate","Los Angeles-Long Beach-Anaheim, CA Metro Area!!Cherokee tribal grouping alone or in any combination (B21-B39) & (100-299) or (300, A01-Z99) or (400-999)!!Estimate","Los Angeles-Long Beach-Anaheim, CA Metro Area!!Bolivian (232)!!Estimate","Los Angeles-Long Beach-Anaheim, CA Metro Area!!Black or African American alone or in combination with one or more other races, not Hispanic or Latino!!Estimate","Los Angeles-Long Beach-Anaheim, CA Metro Area!!Asian Indian alone (400-401)!!Estimate","Los Angeles-Long Beach-Anaheim, CA Metro Area!!Chumash tribal grouping alone or in any combination (C20-C24) & (100-299) or (300, A01-Z99) or (400-999)!!Estimate","Los Angeles-Long Beach-Anaheim, CA Metro Area!!Navajo Nation tribal grouping alone (F62-F70)!!Estimate","Los Angeles-Long Beach-Anaheim, CA Metro Area!!Native Hawaiian alone (500-503)!!Estimate","Los Angeles-Long Beach-Anaheim, CA Metro Area!!Tongan alone or in any combination (513) & (100-299) or (300, A01-Z99) or (400-999)!!Estimate","Los Angeles-Long Beach-Anaheim, CA Metro Area!!Melanesian alone or in any combination (542-546) & (100-299) or (300, A01-Z99) or (400-999)!!Estimate","Los Angeles-Long Beach-Anaheim, CA Metro Area!!Dominican (Dominican Republic) (275-279)!!Estimate","Los Angeles-Long Beach-Anaheim, CA Metro Area!!Spaniard (200-209)!!Estimate","Los Angeles-Long Beach-Anaheim, CA Metro Area!!Nepalese alone or in any combination (472) & (100-299) or (300, A01-Z99) or (400-999)!!Estimate","Los Angeles-Long Beach-Anaheim, CA Metro Area!!Some other race alone or in combination with one or more other races, not Hispanic or Latino!!Estimate","Los Angeles-Long Beach-Anaheim, CA Metro Area!!Iroquois tribal grouping alone or in any combination (D93-E09) & (100-299) or (300, A01-Z99) or (400-999)!!Estimate","Los Angeles-Long Beach-Anaheim, CA Metro Area!!Panamanian (225)!!Estimate","Los Angeles-Long Beach-Anaheim, CA Metro Area!!Paraguayan (236)!!Estimate","Los Angeles-Long Beach-Anaheim, CA Metro Area!!Chinese alone (410-419)!!Estimate","Los Angeles-Long Beach-Anaheim, CA Metro Area!!Black or African American; American Indian and Alaska Native!!Estimate","Los Angeles-Long Beach-Anaheim, CA Metro Area!!Cambodian alone (405-409)!!Estimate","Los Angeles-Long Beach-Anaheim, CA Metro Area!!Asian in combination with one or more other races!!Estimate","Los Angeles-Long Beach-Anaheim, CA Metro Area!!Cambodian alone or in any combination (405-409) & (100-299) or (300, A01-Z99) or (400-999)!!Estimate","Los Angeles-Long Beach-Anaheim, CA Metro Area!!Indonesian alone (423-429)!!Estimate","Los Angeles-Long Beach-Anaheim, CA Metro Area!!Micronesian alone (520-529, 531-541)!!Estimate","Los Angeles-Long Beach-Anaheim, CA Metro Area!!Guamanian or Chamorro alone (520-522)!!Estimate","Los Angeles-Long Beach-Anaheim, CA Metro Area!!Chilean (233)!!Estimate","Los Angeles-Long Beach-Anaheim, CA Metro Area!!Polynesian alone or in any combination (500-519) & (100-299) or (300, A01-Z99) or (400-999)!!Estimate","Los Angeles-Long Beach-Anaheim, CA Metro Area!!Potawatomi tribal grouping alone or in any combination (H21-H33) & (100-299) or (300, A01-Z99) or (400-999)!!Estimate","Los Angeles-Long Beach-Anaheim, CA Metro Area!!Burmese alone or in any combination (404) & (100-299) or (300, A01-Z99) or (400-999)!!Estimate","Los Angeles-Long Beach-Anaheim, CA Metro Area!!Argentinean (231)!!Estimate","Los Angeles-Long Beach-Anaheim, CA Metro Area!!Alaska Native alone or in any combination!!Estimate","Los Angeles-Long Beach-Anaheim, CA Metro Area!!Choctaw tribal grouping alone (C08-C16)!!Estimate","Los Angeles-Long Beach-Anaheim, CA Metro Area!!Asian; Some other race!!Estimate","Los Angeles-Long Beach-Anaheim, CA Metro Area!!Sri Lankan alone or in any combination (446) & (100-299) or (300, A01-Z99) or (400-999)!!Estimate","Los Angeles-Long Beach-Anaheim, CA Metro Area!!Guamanian or Chamorro alone or in any combination (520-522) & (100-299) or (300, A01-Z99) or (400-999)!!Estimate","Los Angeles-Long Beach-Anaheim, CA Metro Area!!Asian Indian alone or in any combination (400-401) & (100-299) or (300, A01-Z99) or (400-999)!!Estimate","Los Angeles-Long Beach-Anaheim, CA Metro Area!!Paiute tribal grouping alone or in any combination (G23-G49) & (100-299) or (300, A01-Z99) or (400-999)!!Estimate","Los Angeles-Long Beach-Anaheim, CA Metro Area!!White; Native Hawaiian and Other Pacific Islander!!Estimate"
"Total:","13,154,457","5,906,818","5,498","6,014","17,904","494,848","15,924","72,623","15,443","1,965","32,820","7,728,073","609,070","2,684","1,987,339","2,158,290","920","18,337","1,720","71,816","21,222","60,468","90,096","3,292,719","33,183","934","849,935","7,316,316","32,672","207,749","29,735","3,025","25,094","3,304","2,586","167,551","36,018","192,885","2,249","54,273","188,853","696","2,897","32,305","503,516","144,426","29,160","12,991","447,788","36,007","45,193","413,926","310,861","11,805","2,008,704","5,108","62,080","295,767","1,010,237","3,714","1,190","1,663","127,630","2,747","33,602","3,003","18,500","3,745","494,622","287,410","315,959","21,365","67,604","10,543","1,920","2,092","3,460,222","15,558","8,108","4,267,851","6,212","1,809","2,228","2,868","664","36,278","2,502","2,526","5,089","26,106","1,681","686","8,431","9,952","5,327","2,428,163","778","30,953","88,538","3,601","1,830","5,831","3,043","882,607","10,918","4,023,597","1,538","711","46,722","2,302,588","26,767","1,909","48,243","62,695","146,981","17,636","135,387","4,543","905","117,037","7,560","2,428","6,534","280,418","66,196","3,167","13,146","4,301","801","94,529","36,605","134,971","68,796","46,692","2,334,893","323,352","6,528","36,069","575,662","98,757","858,485","2,481,874","411,757","335,865","2,228","1,654","703","4,607,626","48,218","2,225,894","3,167","29,972","7,095","941,441","132,645","1,281","2,359","6,571","4,566","2,903","7,281","45,132","2,590","53,711","1,626","6,091","765","528,248","13,916","42,070","217,190","49,778","12,683","5,880","5,239","12,174","44,256","599","6,394","26,537","970","1,241","24,833","8,079","8,954","148,197","731","9,703"
"    Male:","6,484,951","2,949,708","2,975","3,252","9,675","230,915","8,396","35,728","7,045","1,065","17,483","3,850,810","285,821","1,227","932,173","1,017,754","418","8,596","839","36,431","11,134","29,958","43,474","1,633,755","15,738","438","401,113","3,645,747","16,005","104,061","14,278","1,452","11,876","1,778","1,209","79,773","18,084","89,352","1,069","25,797","93,752","380","1,204","14,660","251,171","72,068","12,312","6,248","217,648","15,917","21,922","187,702","145,721","5,441","942,610","2,541","30,663","147,110","480,074","1,767","630","765","62,956","1,234","16,319","1,325","8,410","1,830","228,097","138,081","151,742","10,437","33,348","5,065","1,049","1,039","1,717,288","8,163","3,962","2,133,522","2,262","606","1,013","1,367","400","15,718","1,099","1,371","2,453","12,257","897","275","3,940","4,842","2,763","1,223,368","330","15,286","44,436","1,501","824","2,883","1,493","417,118","5,361","2,011,992","825","305","24,555","1,159,570","13,113","722","23,887","31,238","74,474","9,220","61,559","2,233","457","57,321","3,534","1,400","3,222","145,746","32,769","1,318","6,853","2,071","452","45,253","17,644","68,290","34,485","21,118","1,174,230","160,959","2,929","17,642","269,420","50,278","424,242","1,248,704","205,063","158,256","1,013","913","425","2,311,770","22,746","1,051,102","1,570","14,832","3,379","445,589","67,890","583","1,180","2,899","1,994","1,393","3,981","21,982","1,465","25,336","732","2,852","343","247,276","6,781","20,007","108,492","23,513","5,667","2,709","2,371","5,944","21,748","272","3,225","13,920","416","530","12,730","3,835","4,361","76,215","404","5,354"
"        Under 5 years","426,073","252,381","267","281","620","9,572","555","3,337","662","203","1,187","245,299","17,356","151","45,615","58,890","117","625","63","2,335","1,587","5,107","2,541","133,990","2,321","40","23,651","215,720","1,817","16,111","840","128","595","587","0","5,217","2,047","6,097","103","2,260","6,721","22","144","1,313","35,757","12,638","493","253","17,245","1,219","3,666","8,712","7,094","339","46,670","50","2,195","19,646","35,607","58","50","37","10,139","127","1,142","148","610","223","16,330","6,181","8,823","1,055","5,888","1,142","241","0","145,996","850","242","99,303","218","140","46","67","16","1,319","121","91","411","563","58","0","319","479","215","107,628","33","731","5,632","113","28","210","20","25,468","685","81,730","37","101","1,740","97,520","1,110","15","1,693","2,436","11,442","666","1,903","225","26","4,386","158","129","237","10,945","2,114","166","1,852","540","11","3,274","1,290","10,097","5,960","1,807","98,833","21,994","104","1,029","16,441","4,180","33,158","110,275","29,579","10,136","46","275","0","203,348","1,629","64,778","127","947","267","29,647","4,670","49","23","43","291","67","469","1,585","129","2,647","46","115","0","10,392","336","830","18,108","1,391","290","113","102","404","2,462","0","94","826","8","0","2,135","174","436","6,069","0","697"
"        5 to 9 years","421,565","248,278","186","220","768","9,006","552","2,676","556","100","1,174","245,503","14,258","66","46,533","57,493","8","593","52","2,321","1,256","3,930","2,173","137,465","1,770","0","23,710","221,660","1,640","11,933","642","158","414","149","44","3,876","1,534","5,182","66","2,010","6,099","48","105","1,306","27,994","10,173","399","292","15,247","692","2,390","9,367","7,278","302","47,652","135","2,103","16,061","32,809","79","83","9","7,459","89","1,068","74","422","361","15,279","9,063","10,758","1,119","4,367","573","85","41","146,936","823","257","98,567","114","42","27","59","4","882","9","111","192","634","151","15","269","420","187","101,354","50","484","4,854","45","54","282","49","25,350","963","84,195","17","0","1,907","94,140","1,019","15","1,174","2,056","7,864","676","2,076","181","53","3,778","157","154","110","10,206","1,928","120","930","325","0","2,692","1,142","7,244","4,356","1,347","95,446","18,360","100","827","13,512","3,926","29,819","103,310","23,843","9,411","27","176","23","204,396","1,134","61,860","205","805","190","28,453","4,077","0","60","32","61","59","409","1,647","154","1,956","31","285","0","9,528","171","1,031","14,208","1,413","222","96","81","203","1,818","0","226","703","17","65","1,265","208","405","5,084","0","740"
"        10 to 14 years","432,317","250,182","229","251","544","10,932","543","2,659","852","175","1,360","251,964","15,483","108","48,561","57,643","51","721","112","2,259","950","4,118","3,236","140,641","1,959","29","26,056","230,110","1,631","11,039","874","81","676","326","38","4,207","1,386","5,668","102","2,342","7,137","13","54","1,177","26,117","8,243","376","306","15,688","894","2,811","9,892","7,871","326","49,537","101","2,147","15,078","35,603","69","41","14","7,916","105","1,118","155","486","330","14,795","8,553","9,724","976","3,995","512","68","103","149,224","673","263","102,740","129","25","31","53","4","693","69","103","271","588","98","7","322","474","193","100,651","25","532","3,940","73","24","189","156","27,687","731","89,469","21","76","1,583","94,157","941","82","1,228","2,622","7,194","623","2,323","125","36","4,878","235","122","167","9,780","2,608","62","904","237","79","3,651","1,273","6,342","4,319","1,481","95,334","16,964","177","730","14,804","3,901","30,083","102,528","21,854","9,554","31","87","27","205,729","1,256","61,638","76","1,333","109","31,284","2,814","0","39","136","73","53","274","1,028","130","1,877","65","138","0","11,491","403","1,258","12,101","1,637","256","246","190","399","1,742","0","191","644","78","23","1,263","239","410","3,419","48","340"
"        15 to 17 years","277,639","157,122","66","66","430","8,135","325","1,835","485","112","980","160,664","10,833","23","33,281","38,261","8","385","108","1,314","634","2,457","1,894","88,194","1,038","21","17,420","147,463","764","6,886","487","36","298","177","21","3,486","1,021","3,103","23","1,445","4,556","0","86","659","15,702","4,759","294","84","10,926","662","1,527","7,399","5,765","282","33,717","33","1,412","8,816","22,733","86","7","16","4,549","25","774","40","228","135","10,079","5,485","6,201","436","2,204","423","71","12","93,776","511","104","66,888","88","16","66","70","8","416","16","91","145","588","52","15","215","230","97","63,636","3","430","2,334","31","28","97","86","18,184","341","59,269","35","0","1,016","59,786","567","52","758","1,432","4,238","379","1,066","112","36","3,242","84","10","145","5,746","1,731","86","451","137","6","2,273","814","3,749","2,066","1,002","60,445","10,426","101","512","10,353","2,662","19,755","64,683","13,201","6,557","66","53","0","127,557","1,065","40,465","149","974","124","20,667","1,715","42","49","25","189","82","75","749","10","1,047","31","95","9","8,589","367","971","6,748","1,298","117","74","63","265","1,218","12","71","430","42","25","748","120","175","1,993","0","465"
"        18 and 19 years","188,818","105,920","91","106","245","6,614","451","1,238","409","80","431","105,802","8,653","14","23,570","26,496","0","264","12","1,113","307","1,371","1,335","57,103","806","0","11,930","97,854","738","4,266","426","49","327","61","26","2,046","574","1,892","14","1,077","3,243","16","44","467","9,535","2,676","240","204","7,332","421","1,033","4,663","3,347","134","23,927","22","1,044","5,269","15,468","35","0","8","2,800","26","584","80","324","70","6,108","3,573","4,235","357","1,315","194","25","42","60,431","245","146","45,371","61","6","0","41","8","331","22","43","74","239","39","0","103","181","59","45,038","33","389","1,685","53","0","66","71","12,668","203","40,751","26","31","786","42,590","451","0","401","995","2,839","520","734","144","42","2,130","123","86","227","4,653","1,082","52","260","112","0","1,586","664","2,612","1,765","762","43,057","5,890","47","467","8,247","1,908","14,227","45,896","7,948","3,695","0","25","22","85,099","679","27,811","35","595","102","13,703","1,420","39","130","138","88","41","70","774","92","858","12","122","14","7,050","175","565","3,884","644","252","133","102","275","682","3","64","257","9","0","415","137","150","1,659","12","120"
"        20 years","105,915","58,308","17","24","259","3,552","197","710","89","41","506","59,308","4,373","0","12,774","14,241","0","197","53","819","220","472","735","31,025","283","0","7,066","55,503","225","2,325","281","104","243","15","34","1,278","383","1,290","0","536","1,972","22","7","283","4,807","1,104","118","121","3,970","238","424","2,446","1,670","56","12,898","45","570","2,482","8,547","42","3","26","1,256","6","281","46","314","0","3,290","1,809","2,002","124","606","140","0","0","32,885","204","152","26,423","67","0","0","33","0","144","26","17","83","163","0","0","20","26","27","25,336","0","276","968","64","0","53","0","7,291","232","24,478","0","0","576","23,987","283","62","304","539","1,561","216","719","81","0","1,153","122","0","70","2,798","762","23","149","62","0","829","327","1,420","677","280","24,270","2,963","4","300","4,084","1,237","7,719","25,831","3,805","1,827","0","31","0","46,967","413","14,847","52","215","61","7,870","734","25","81","15","64","33","45","300","0","495","0","30","0","3,839","114","380","1,949","452","187","24","13","120","481","0","45","246","0","0","233","128","14","926","0","88"
"        21 years","104,910","57,180","93","93","328","3,644","106","705","307","10","475","59,337","4,451","0","13,535","14,784","5","194","34","679","299","479","924","31,866","504","0","6,964","55,802","308","1,793","119","0","190","36","0","1,453","346","930","0","595","1,837","0","18","198","4,368","1,125","109","28","3,847","333","627","2,830","1,806","139","13,799","69","560","2,575","8,692","17","0","6","1,420","12","332","27","198","24","3,630","2,106","2,292","264","613","145","21","29","33,212","186","33","26,125","20","42","12","12","0","159","12","31","64","285","0","0","45","102","34","23,592","0","246","790","56","21","59","54","7,272","68","23,936","0","0","489","22,433","322","0","230","304","1,337","127","581","17","0","1,158","36","45","25","2,264","469","18","214","12","0","600","359","1,214","690","312","22,631","2,527","45","266","4,205","913","7,302","23,968","3,535","1,912","12","18","0","45,997","462","15,397","28","266","48","8,002","1,026","10","17","72","56","12","97","476","45","376","0","45","0","3,910","201","427","1,598","432","116","6","6","93","524","2","75","110","18","0","164","44","102","1,158","8","68"
"        22 to 24 years","300,167","154,570","63","63","518","11,364","292","1,721","380","52","857","167,440","14,112","130","42,099","46,180","37","521","48","1,785","572","1,619","1,827","83,108","695","34","20,250","157,206","992","5,434","631","17","436","61","57","3,633","854","3,456","130","1,402","4,490","38","81","879","12,523","3,424","520","325","11,369","948","986","8,384","6,576","249","42,626","123","1,501","7,089","24,496","98","15","205","3,254","72","746","121","357","72","10,455","5,748","6,423","527","1,696","220","0","70","87,526","337","201","79,914","84","7","25","63","35","663","215","31","49","536","8","0","155","228","94","66,440","0","774","2,453","34","11","179","74","21,242","366","74,098","64","0","1,349","63,039","621","40","947","1,347","3,816","333","1,988","58","17","2,705","114","68","109","8,719","1,622","90","281","63","35","1,999","867","3,525","1,911","909","63,918","8,012","116","887","13,281","2,663","23,149","67,734","10,234","7,138","25","17","30","120,883","1,028","47,876","64","739","155","22,585","2,883","28","6","228","55","63","103","1,018","74","1,294","32","128","0","12,194","303","1,339","5,250","1,447","302","195","167","225","1,107","23","157","476","24","49","682","132","200","3,202","0","274"
"        25 to 29 years","523,702","251,101","211","233","806","19,382","900","3,242","625","52","1,800","297,187","24,035","149","75,452","82,440","23","848","85","3,083","936","2,480","3,407","131,230","1,315","46","31,310","281,246","1,270","7,381","1,092","118","916","70","102","6,180","1,648","5,930","128","2,793","7,999","0","157","1,129","19,677","5,270","1,237","780","19,287","1,510","1,718","16,676","10,742","425","76,526","307","2,901","12,296","37,614","163","42","30","5,034","96","1,482","112","751","188","19,611","9,390","10,165","1,074","2,453","341","74","149","137,298","774","228","159,889","162","27","118","142","42","1,497","39","112","263","953","119","46","307","414","259","112,107","53","1,414","3,309","117","0","281","131","32,580","502","150,016","66","8","2,167","107,867","1,223","97","1,845","3,163","5,265","924","3,287","235","16","4,916","298","122","260","17,232","2,888","161","330","144","27","3,584","1,594","4,862","2,425","1,896","108,996","13,097","257","1,591","22,529","4,592","42,415","114,261","15,941","11,449","118","43","30","191,675","1,998","84,893","152","1,229","277","35,189","6,858","87","82","280","119","142","345","1,695","135","2,154","58","213","30","20,874","631","2,055","8,367","2,344","535","209","194","248","1,912","10","316","838","36","49","889","345","363","7,695","21","349"
"        30 to 34 years","485,321","234,425","297","311","944","16,599","595","2,597","303","30","1,552","278,543","20,522","150","70,570","76,411","65","519","66","2,742","714","1,943","2,788","124,900","918","32","27,329","265,023","1,101","6,736","977","138","831","34","133","5,986","1,268","5,467","111","2,948","6,496","37","129","1,047","16,493","4,879","1,048","417","19,478","1,301","1,112","15,525","10,923","294","71,474","156","2,385","9,757","31,936","101","9","180","3,506","153","1,239","90","581","171","18,049","8,305","8,986","904","2,415","212","74","80","130,449","536","466","148,094","150","25","159","169","9","1,377","180","131","182","711","35","0","330","324","374","102,763","9","1,439","2,918","145","113","139","128","28,430","172","140,123","84","10","1,911","98,783","980","10","1,671","2,545","4,822","635","3,349","80","30","3,754","153","129","279","14,927","2,293","152","287","162","46","3,004","1,329","4,628","2,014","1,510","99,830","10,753","282","1,494","19,051","3,708","39,841","104,652","13,520","11,760","159","19","19","179,174","1,421","78,826","54","895","104","29,922","7,832","6","68","274","153","169","407","1,411","134","1,889","22","181","85","18,050","411","1,850","7,352","2,083","467","106","76","578","1,388","13","164","1,203","25","14","1,070","153","294","8,505","63","410"
"        35 to 39 years","449,196","223,991","221","235","708","14,625","448","2,467","222","14","1,085","255,479","17,760","83","66,090","71,037","29","688","80","2,434","679","1,514","2,337","120,467","612","22","23,497","244,889","935","4,725","884","158","611","97","90","5,809","1,246","5,371","83","1,930","5,542","33","134","1,171","13,041","3,633","969","562","18,052","1,274","937","13,775","10,926","497","66,695","175","2,192","8,316","27,228","57","29","24","2,796","79","1,098","123","546","55","16,063","8,811","9,483","605","1,324","275","36","8","124,552","542","270","130,927","186","42","52","55","7","1,351","84","18","222","792","85","38","283","344","251","98,266","0","1,322","2,311","56","90","209","124","24,432","296","124,422","13","9","1,823","95,313","899","46","1,690","2,143","3,637","494","4,055","170","50","3,108","294","104","121","13,382","2,044","134","157","14","47","2,684","1,221","3,312","1,402","1,679","96,484","8,792","272","1,393","16,433","3,205","36,464","100,121","10,590","11,342","52","6","0","173,123","1,687","72,361","142","604","250","25,826","6,798","0","73","291","82","55","408","1,434","109","1,855","21","169","38","15,988","387","1,310","5,666","1,416","404","218","214","353","1,470","25","190","974","15","36","687","314","340","7,229","24","258"
"        40 to 44 years","467,035","216,315","370","400","775","16,531","479","2,715","352","19","1,436","268,440","19,596","55","73,266","77,391","8","767","7","2,710","633","1,554","3,154","117,933","685","37","26,896","257,365","995","6,000","1,082","101","924","35","54","5,901","1,535","6,163","55","1,862","7,008","15","61","892","14,224","2,926","808","751","16,220","1,025","906","14,633","12,429","277","73,946","176","2,425","8,224","31,095","98","83","35","3,204","94","1,086","94","581","50","16,375","12,237","12,989","680","1,566","290","111","97","122,789","490","172","145,651","200","47","4","12","45","945","43","116","140","924","14","17","276","273","287","92,581","52","1,181","2,743","216","58","184","256","27,891","232","139,432","84","9","1,786","88,827","924","50","1,466","2,281","4,322","485","4,559","96","26","4,298","204","146","361","11,432","2,533","61","294","40","61","3,189","1,180","4,101","1,541","1,377","89,719","9,217","259","1,338","18,387","3,854","31,586","94,041","11,075","13,031","4","19","22","170,317","1,486","78,957","106","983","184","29,554","5,864","42","51","196","244","12","216","1,443","146","1,460","68","145","37","17,832","623","1,676","5,011","1,776","494","177","118","567","1,643","31","246","1,114","21","69","592","212","214","6,180","61","469"
"        45 to 49 years","461,030","197,904","279","319","716","16,865","691","2,206","436","66","1,150","274,065","19,451","80","68,552","71,776","0","430","54","3,056","712","1,003","3,156","109,908","638","0","29,742","264,826","991","5,001","1,281","28","980","23","83","6,001","976","6,376","80","1,397","6,656","25","0","1,078","11,689","2,507","813","475","17,268","1,145","860","13,350","10,782","554","69,145","221","2,066","6,688","33,365","122","50","44","2,632","72","1,168","62","563","34","14,696","11,636","12,347","593","1,345","140","25","116","114,041","596","241","160,024","124","44","84","100","27","848","69","66","107","1,033","98","70","167","335","98","82,541","12","894","2,575","64","113","193","39","30,733","129","154,918","70","14","2,076","79,273","872","83","1,848","2,525","3,859","709","5,229","196","19","3,600","305","71","249","10,414","2,035","0","221","45","17","2,965","1,230","3,637","1,650","1,404","80,351","7,192","167","978","18,539","3,500","31,702","84,210","9,239","11,003","84","8","42","150,207","1,626","73,121","96","752","287","31,715","4,183","70","155","179","64","100","315","1,541","93","1,669","64","260","0","17,825","632","1,395","3,976","1,553","376","233","214","322","1,277","10","257","1,305","29","29","567","323","294","4,501","11","268"
"        50 to 54 years","448,496","164,142","246","252","577","17,919","759","2,304","452","0","1,057","276,032","20,020","137","68,644","71,977","0","531","39","2,624","538","750","3,592","93,315","714","55","31,768","267,399","835","4,270","1,178","101","1,099","36","160","6,222","1,020","7,091","137","1,085","6,745","27","44","613","11,201","2,420","911","533","14,235","1,140","832","13,548","10,794","356","69,237","257","2,162","6,931","34,945","126","43","43","2,342","101","1,215","69","636","16","14,501","10,754","11,428","593","1,183","142","75","164","96,863","448","413","179,169","114","41","75","116","23","949","53","65","102","1,266","15","4","269","407","163","66,111","34","578","2,089","59","70","181","84","32,603","148","174,084","92","0","1,525","63,535","815","47","2,089","1,708","3,221","811","5,934","133","31","4,121","362","100","339","8,562","2,431","44","162","67","5","3,446","1,284","3,103","1,136","1,519","64,148","7,266","262","664","19,429","3,153","26,410","67,369","8,633","11,137","75","17","141","122,252","1,769","73,160","44","1,014","205","33,809","3,193","109","87","259","59","123","249","2,379","100","1,258","57","295","16","18,570","663","1,309","3,923","1,513","407","345","337","486","1,145","36","311","1,041","20","0","438","378","399","3,471","77","193"
"        55 to 59 years","392,431","126,347","129","166","584","17,285","434","1,536","291","47","934","245,544","19,539","21","64,070","66,868","44","412","0","2,395","416","388","3,207","72,929","422","28","28,046","238,314","719","3,334","1,057","102","889","20","138","4,996","590","5,982","0","903","5,890","12","94","1,126","8,990","2,075","1,017","244","11,103","877","623","12,113","10,708","281","64,421","234","1,430","5,656","30,322","176","48","5","1,557","42","912","34","514","16","12,713","9,253","9,787","351","641","106","20","43","75,829","369","311","169,715","193","13","43","43","111","1,057","23","69","23","784","44","19","300","178","178","49,679","12","1,047","1,864","131","39","242","51","28,765","131","165,385","88","0","1,506","47,474","734","69","1,397","1,777","2,744","486","5,351","155","43","3,495","316","74","202","5,792","2,185","94","67","26","8","3,239","946","2,543","893","1,228","48,600","5,824","274","1,143","18,477","2,683","19,646","51,344","7,230","10,884","43","26","29","94,681","1,620","67,509","59","1,256","231","29,429","3,286","6","99","227","138","43","123","1,436","74","1,665","35","73","68","18,413","502","1,022","3,088","1,199","337","169","135","303","978","12","280","816","24","85","390","335","144","3,664","38","174"
"        60 and 61 years","136,988","41,855","62","62","268","6,501","196","417","87","4","461","86,843","7,398","54","23,825","24,566","0","121","10","808","62","87","1,077","24,730","163","4","9,020","84,617","145","1,233","414","41","363","22","84","1,706","165","2,319","31","236","1,951","5","0","253","2,766","542","503","60","3,730","262","266","5,183","2,718","56","23,960","88","385","1,533","9,629","57","0","0","464","9","252","0","155","28","5,439","3,493","3,672","135","284","32","21","34","25,776","62","123","61,067","67","0","12","17","0","541","19","30","22","176","9","9","26","54","62","16,042","0","386","608","10","8","57","10","9,165","38","59,887","15","11","445","15,167","155","9","308","418","948","233","2,100","38","11","1,143","83","7","70","2,009","671","0","36","11","10","938","252","845","251","389","15,420","1,655","13","445","7,000","874","6,630","16,368","2,226","2,729","12","15","14","31,393","586","24,850","54","320","111","9,378","1,352","13","30","83","10","17","133","450","7","326","10","135","0","6,934","165","606","890","686","113","54","54","115","193","13","111","328","0","22","110","83","54","1,395","0","52"
"        62 to 64 years","177,914","48,699","62","69","115","8,577","205","879","129","31","317","115,127","9,872","0","31,073","32,305","5","140","12","1,054","143","170","1,301","30,038","238","30","12,493","112,254","169","1,602","611","6","566","8","51","2,057","407","2,945","0","318","2,294","0","0","232","3,776","769","763","233","3,984","412","362","6,423","4,389","151","31,217","25","834","2,174","13,365","45","38","0","703","49","461","11","199","4","6,615","4,234","4,389","144","363","45","38","17","31,366","119","127","83,761","52","34","78","95","16","778","0","18","13","357","28","8","68","132","78","17,292","6","717","736","74","41","84","35","12,662","49","82,216","45","0","488","16,247","275","8","621","655","1,283","205","2,705","95","6","1,240","79","9","56","2,223","791","0","89","35","0","1,282","472","1,159","393","529","16,479","2,255","68","862","9,079","993","7,402","17,762","2,873","4,437","78","41","9","36,823","390","32,668","58","333","209","12,972","1,887","11","85","82","74","95","15","430","9","470","24","97","23","9,363","127","558","1,451","619","156","99","99","224","368","25","29","313","0","16","240","79","132","2,002","0","86"
"        65 and 66 years","105,641","26,897","14","29","65","4,890","121","446","103","0","120","68,183","5,462","0","19,391","20,064","0","135","4","469","114","75","828","16,791","141","8","7,439","66,579","148","598","255","5","212","0","15","1,496","167","1,687","0","98","1,230","0","17","123","2,127","392","494","107","1,742","206","160","4,084","2,943","190","19,461","55","419","1,529","7,948","45","7","0","361","8","262","17","87","14","4,274","2,796","2,887","70","136","27","27","17","17,266","88","25","50,917","32","0","37","65","23","526","0","16","15","160","19","0","109","23","15","9,486","0","330","501","31","0","1","46","7,587","15","49,788","28","15","257","9,016","206","0","255","274","797","145","1,636","33","0","761","84","11","43","1,045","462","17","36","9","46","689","279","778","216","294","9,139","1,189","72","366","5,125","402","3,415","9,936","1,604","2,943","37","0","0","20,659","554","20,200","4","298","145","7,732","1,283","0","27","81","31","65","17","329","11","450","41","29","11","5,249","104","232","739","253","87","23","23","103","280","10","66","286","7","8","171","96","23","1,402","0","14"
"        67 to 69 years","128,893","32,618","19","19","90","5,363","139","537","41","13","111","84,898","6,017","0","22,800","23,655","10","95","0","624","141","76","1,131","20,233","119","13","8,014","83,127","142","826","316","25","378","9","46","1,755","214","2,104","0","229","1,601","32","19","242","2,465","488","460","132","1,988","303","179","4,831","3,388","189","22,889","69","493","1,639","8,517","77","9","31","361","18","308","15","195","22","5,061","3,411","3,558","89","229","44","20","8","20,883","130","96","64,015","23","33","60","71","13","464","42","64","11","250","0","0","58","33","19","11,666","7","432","466","40","21","27","0","8,156","0","62,894","19","8","246","11,067","209","0","594","434","832","139","2,013","10","0","977","97","0","55","1,178","572","19","16","0","0","965","323","772","236","331","11,309","1,514","52","455","5,585","470","3,930","12,141","1,771","3,469","60","26","8","25,106","477","23,884","13","383","73","8,281","1,736","0","10","39","49","78","18","296","0","475","28","15","12","5,818","154","343","995","352","132","33","27","154","285","19","69","428","24","0","215","105","27","1,889","20","19"
"        70 to 74 years","166,509","40,798","43","43","167","7,564","119","632","172","16","230","109,394","8,984","6","31,009","31,997","8","148","0","724","114","146","1,178","26,269","205","21","10,970","106,972","222","1,023","327","41","382","8","17","2,872","262","2,866","6","126","1,802","7","0","250","3,050","672","533","128","2,291","479","293","5,844","5,680","150","31,087","48","617","2,027","11,762","79","31","28","570","33","370","0","202","0","6,069","4,508","4,643","78","187","15","5","9","27,178","101","43","82,216","98","0","50","50","0","557","33","59","30","578","15","15","135","81","0","13,618","0","784","667","64","73","103","2","11,192","33","80,703","0","5","342","12,864","240","15","972","667","983","125","2,757","15","8","1,078","145","0","52","1,265","557","0","20","0","0","896","370","895","265","352","13,114","1,862","135","922","8,129","624","4,348","14,097","2,422","5,772","50","0","9","30,493","551","32,184","46","350","135","11,497","1,823","14","8","75","64","50","28","412","0","479","29","92","0","8,415","171","379","1,097","429","131","72","72","240","326","0","81","702","11","28","151","145","81","2,002","21","96"
"        75 to 79 years","118,309","26,927","10","10","55","6,603","145","542","42","0","109","77,842","7,371","0","22,929","23,859","0","167","0","498","73","115","857","18,134","85","0","8,400","75,844","103","828","247","8","275","0","16","1,640","277","2,295","0","92","1,220","25","0","94","2,544","735","158","111","1,315","310","99","3,951","3,907","56","23,040","96","495","1,716","8,868","50","16","0","365","0","258","7","146","4","4,400","3,170","3,255","111","302","47","12","0","18,876","65","27","58,966","27","15","34","34","0","172","0","54","20","331","0","0","85","29","19","8,039","1","462","456","14","23","39","24","8,503","15","57,710","21","8","223","7,521","179","0","910","482","731","145","2,208","6","0","722","42","13","25","513","467","0","61","0","12","740","265","717","182","230","7,615","1,728","72","511","6,893","363","2,422","8,346","1,998","4,057","34","11","0","20,428","379","24,161","6","271","12","8,686","1,502","32","0","81","14","34","37","475","13","307","52","129","0","7,098","105","231","1,121","257","96","9","9","128","304","0","113","374","8","12","163","42","29","1,654","0","126"
"        80 to 84 years","87,423","18,943","0","0","65","4,758","43","243","46","0","90","60,715","5,243","0","15,516","16,006","0","74","0","373","34","57","604","13,232","96","0","5,192","59,636","50","328","220","0","213","4","0","1,126","100","2,412","0","76","844","3","10","45","1,295","331","43","52","567","127","100","2,381","2,376","81","15,598","24","243","967","5,428","80","26","24","186","0","143","0","164","6","2,454","2,187","2,262","82","132","0","0","0","13,500","14","17","47,215","22","0","0","0","0","43","24","17","14","184","10","12","40","67","20","5,333","0","219","198","11","9","8","53","5,242","12","46,404","0","0","160","5,091","76","22","664","256","314","43","2,329","14","0","471","6","0","20","327","359","19","18","30","42","548","143","310","72","301","5,136","885","40","243","5,024","240","1,423","5,450","1,079","2,395","0","0","0","14,766","253","16,138","0","221","56","5,356","583","0","0","51","16","0","23","263","0","117","6","36","0","5,001","23","177","540","245","111","67","67","127","124","21","24","350","0","0","74","6","67","716","0","34"
"        85 years and over","78,659","14,805","0","0","28","4,634","101","84","4","0","61","57,201","5,032","0","13,018","13,414","0","21","0","212","0","47","192","10,254","11","18","3,950","56,338","65","389","37","7","58","0","0","830","64","2,726","0","37","419","0","0","83","1,030","287","6","50","764","139","11","1,692","1,609","57","13,088","32","84","641","4,097","7","0","0","82","18","20","0","151","7","1,811","1,378","1,433","70","104","0","0","0","10,636","0","5","46,565","31","7","0","0","9","6","0","18","0","162","0","0","39","8","34","4,169","0","219","339","0","0","0","0","4,015","0","46,084","0","0","154","3,873","12","0","822","179","425","101","2,657","14","7","207","37","0","0","334","165","0","18","0","0","180","20","425","65","179","3,956","594","10","219","4,813","227","1,396","4,381","863","1,618","0","0","0","10,697","283","13,518","0","49","44","4,032","371","0","0","12","0","0","105","411","0","212","0","25","0","4,853","13","63","430","74","79","8","8","12","21","7","45","156","0","0","68","37","8","400","0","14"
"    Female:","6,669,506","2,957,110","2,523","2,762","8,229","263,933","7,528","36,895","8,398","900","15,337","3,877,263","323,249","1,457","1,055,166","1,140,536","502","9,741","881","35,385","10,088","30,510","46,622","1,658,964","17,445","496","448,822","3,670,569","16,667","103,688","15,457","1,573","13,218","1,526","1,377","87,778","17,934","103,533","1,180","28,476","95,101","316","1,693","17,645","252,345","72,358","16,848","6,743","230,140","20,090","23,271","226,224","165,140","6,364","1,066,094","2,567","31,417","148,657","530,163","1,947","560","898","64,674","1,513","17,283","1,678","10,090","1,915","266,525","149,329","164,217","10,928","34,256","5,478","871","1,053","1,742,934","7,395","4,146","2,134,329","3,950","1,203","1,215","1,501","264","20,560","1,403","1,155","2,636","13,849","784","411","4,491","5,110","2,564","1,204,795","448","15,667","44,102","2,100","1,006","2,948","1,550","465,489","5,557","2,011,605","713","406","22,167","1,143,018","13,654","1,187","24,356","31,457","72,507","8,416","73,828","2,310","448","59,716","4,026","1,028","3,312","134,672","33,427","1,849","6,293","2,230","349","49,276","18,961","66,681","34,311","25,574","1,160,663","162,393","3,599","18,427","306,242","48,479","434,243","1,233,170","206,694","177,609","1,215","741","278","2,295,856","25,472","1,174,792","1,597","15,140","3,716","495,852","64,755","698","1,179","3,672","2,572","1,510","3,300","23,150","1,125","28,375","894","3,239","422","280,972","7,135","22,063","108,698","26,265","7,016","3,171","2,868","6,230","22,508","327","3,169","12,617","554","711","12,103","4,244","4,593","71,982","327","4,349"
"        Under 5 years","406,662","242,401","176","188","574","9,214","606","2,950","838","305","1,077","233,164","15,528","180","43,052","54,941","64","653","83","2,077","1,163","4,935","2,774","128,100","2,274","0","22,600","205,245","1,613","14,685","715","195","648","281","33","4,545","1,629","5,516","119","1,907","6,851","27","166","1,589","32,836","11,884","426","266","15,309","986","3,314","8,043","6,524","325","44,175","120","2,167","18,151","33,522","25","8","27","9,309","83","1,076","245","642","295","13,992","6,231","8,699","1,123","5,640","783","81","144","139,743","632","376","93,421","242","108","39","76","32","1,039","93","52","266","543","30","7","254","363","184","103,428","0","437","5,114","177","37","250","202","24,213","837","77,145","65","10","1,429","95,206","1,075","21","1,370","2,198","9,150","725","1,532","190","48","4,774","112","61","181","10,812","2,462","194","984","503","51","3,438","1,321","8,110","5,003","1,554","96,795","21,412","126","768","14,798","4,077","30,262","105,945","27,919","9,385","39","60","9","197,752","1,309","60,581","186","901","251","28,519","4,515","130","64","125","307","76","185","1,248","108","2,517","13","113","0","9,689","416","1,216","16,406","1,955","359","160","139","452","2,122","37","185","605","18","0","1,750","178","342","6,026","24","460"
"        5 to 9 years","399,901","238,015","214","286","547","9,323","339","2,477","605","129","1,234","230,085","14,873","95","43,568","53,244","25","831","120","2,120","747","3,535","2,263","130,443","1,725","54","22,897","208,628","1,686","11,567","817","169","624","173","53","4,949","1,364","5,544","61","2,436","6,397","24","130","1,212","25,926","9,071","447","293","14,465","1,055","2,343","8,393","5,891","199","44,623","71","1,906","14,359","31,848","65","37","33","7,265","115","1,041","72","731","354","13,725","7,730","9,296","1,055","4,123","571","62","82","139,457","409","276","90,628","262","54","62","96","21","917","54","71","192","739","60","20","352","224","104","98,106","34","474","3,975","180","67","167","160","24,583","685","78,185","54","18","1,496","91,696","907","131","1,239","2,015","7,296","457","1,894","173","46","4,277","190","50","200","9,707","2,189","175","1,152","349","14","3,362","1,113","6,678","4,414","1,132","92,908","16,905","179","808","14,127","4,134","28,428","100,204","21,457","8,037","62","81","14","194,992","1,724","57,367","146","1,093","235","27,434","4,146","21","51","311","203","96","320","1,311","50","2,098","33","138","0","9,859","446","942","12,744","1,307","380","82","69","253","1,787","18","117","580","34","26","1,289","236","211","4,931","65","467"
"        10 to 14 years","417,719","242,086","192","203","678","10,750","641","2,638","584","103","1,480","239,842","15,335","76","47,682","56,372","0","787","104","2,212","920","3,860","2,753","134,084","1,574","30","25,255","219,331","1,366","10,328","757","40","584","172","49","4,051","1,398","5,204","42","2,004","6,784","0","129","1,393","24,666","8,247","381","365","14,027","1,116","2,186","9,902","6,746","411","48,468","70","2,085","14,338","33,702","104","17","49","7,081","110","1,134","106","465","241","14,817","8,668","10,055","786","3,771","553","45","6","141,992","650","371","97,850","306","72","57","84","4","683","89","97","269","491","132","20","287","303","94","99,585","21","568","3,487","189","61","200","140","26,621","520","85,247","22","28","1,628","93,788","1,096","122","1,171","2,035","6,445","801","1,953","116","0","4,572","170","100","296","8,708","2,485","137","764","290","14","3,386","1,240","5,833","3,596","1,419","95,181","16,647","165","713","14,665","4,031","27,125","101,626","20,511","8,313","57","45","0","200,999","1,269","60,143","140","1,024","92","30,106","3,573","14","65","245","233","84","267","1,502","108","2,041","53","131","0","11,352","566","1,141","11,675","1,453","243","66","66","283","1,916","21","98","592","35","24","1,241","174","270","3,975","13","389"
"        15 to 17 years","265,548","151,454","89","121","461","6,889","323","1,986","562","33","819","153,461","9,340","0","30,416","35,835","22","519","30","1,343","686","2,267","2,186","84,272","1,295","0","16,878","140,058","976","7,020","522","138","407","157","22","2,555","1,040","3,301","0","1,319","4,707","37","115","885","15,942","4,810","199","201","9,899","426","1,758","6,568","4,592","129","30,960","130","1,432","8,922","22,374","26","34","33","4,520","25","800","146","440","136","9,509","5,290","6,212","544","2,260","554","18","27","89,989","538","237","63,472","251","128","30","30","15","450","115","73","259","406","0","20","196","286","48","61,649","46","402","2,750","77","23","187","82","17,854","419","55,786","16","22","936","57,560","798","41","696","1,637","4,391","340","1,078","90","0","3,364","151","28","158","5,509","1,604","115","332","161","0","2,629","946","3,928","2,271","878","58,445","10,256","125","438","8,909","2,521","17,964","62,836","13,403","5,417","30","90","9","124,434","811","38,095","100","834","83","20,103","1,713","36","42","159","172","30","46","1,056","35","1,187","69","73","0","7,291","504","1,142","7,135","1,343","204","76","59","343","1,352","11","184","328","37","31","670","167","256","2,086","6","330"
"        18 and 19 years","181,917","101,696","38","38","403","6,041","487","1,181","552","34","758","101,447","8,227","33","22,543","25,403","0","321","47","1,194","326","1,405","1,538","54,292","853","0","11,835","93,356","452","4,188","429","47","303","77","29","2,327","665","2,186","33","700","3,390","0","96","489","9,712","2,490","241","217","6,361","566","1,103","4,282","3,198","82","22,934","34","946","5,524","15,099","48","0","22","2,812","42","463","53","330","87","5,712","3,737","4,295","391","1,482","235","42","9","57,698","214","84","43,749","90","78","17","17","21","391","104","21","62","561","0","0","187","162","63","43,929","79","415","1,826","17","40","78","22","12,287","243","39,064","56","13","891","41,429","373","16","426","888","2,880","522","981","80","0","2,196","169","0","59","3,959","1,150","145","148","107","0","1,582","516","2,630","1,084","756","41,918","5,979","115","476","7,801","1,852","12,173","44,798","8,091","3,609","17","0","0","83,108","529","26,885","47","521","66","14,015","961","15","45","116","28","17","174","586","0","869","63","60","35","6,506","215","542","3,951","741","198","69","67","132","680","6","47","320","30","9","555","169","125","1,187","46","191"
"        20 years","100,886","53,702","0","0","104","3,770","170","584","102","8","256","57,186","4,608","30","13,035","14,589","0","147","0","634","180","626","559","29,649","245","10","7,191","53,385","310","2,009","258","0","198","16","12","1,189","264","1,335","30","365","1,538","3","22","284","4,453","1,546","177","56","3,889","352","316","2,683","2,154","105","13,217","31","482","2,444","8,534","0","7","0","1,033","10","296","24","48","25","3,520","1,944","2,114","182","704","102","0","41","31,337","163","12","25,849","51","0","0","7","0","228","0","38","84","242","17","0","146","161","37","22,121","0","182","751","31","0","65","24","7,501","78","23,736","0","0","436","21,092","224","14","378","444","1,174","170","512","48","0","904","49","63","53","2,288","499","22","106","6","0","788","320","1,103","637","276","21,376","3,034","117","202","4,415","979","6,998","22,550","3,801","2,294","0","0","30","43,231","238","15,293","27","212","40","7,897","457","0","26","30","42","7","45","243","63","429","8","44","31","3,953","97","413","2,076","472","33","88","88","43","369","6","31","167","62","11","193","49","161","533","11","73"
"        21 years","98,709","52,452","53","60","184","3,640","196","921","97","0","270","55,859","4,636","51","12,812","14,410","0","130","31","611","209","616","425","28,990","296","9","6,498","52,244","342","1,653","238","0","123","110","42","1,261","318","1,288","51","428","1,295","4","32","433","4,220","1,392","108","79","3,934","437","414","2,753","1,766","181","13,009","28","810","2,567","7,919","0","0","0","1,079","18","570","33","63","42","3,383","1,893","2,128","197","612","111","14","9","30,332","166","73","25,527","38","0","22","39","5","223","0","13","54","224","0","0","48","234","48","21,844","22","236","735","48","36","51","34","6,840","73","23,254","8","0","488","20,749","261","0","284","633","1,213","220","627","21","0","684","33","0","50","2,316","397","32","110","40","29","632","603","1,095","596","361","21,182","2,711","48","260","4,400","870","7,287","22,395","3,615","1,897","22","0","0","41,606","154","15,022","0","175","47","7,323","691","16","21","47","59","39","0","168","13","551","0","16","29","3,900","41","299","2,013","393","55","207","170","51","398","0","45","229","0","7","186","33","197","773","7","69"
"        22 to 24 years","294,754","150,831","127","127","251","11,508","241","1,724","391","74","643","163,858","14,232","58","40,766","44,691","61","497","27","1,519","505","1,782","2,309","80,155","993","15","20,805","152,426","1,193","5,927","743","108","585","55","70","3,735","923","3,604","50","1,616","4,782","3","144","1,108","13,629","3,268","582","261","11,354","664","1,290","8,660","5,833","281","41,322","95","1,428","7,702","25,573","150","0","24","3,575","114","686","115","497","122","10,601","5,784","6,561","556","1,639","296","34","74","85,108","318","216","78,750","214","5","38","48","0","695","44","5","213","827","11","16","179","198","129","65,695","0","381","2,974","93","27","146","58","21,998","217","72,271","81","14","934","61,951","579","29","1,130","2,166","4,497","284","1,861","130","33","3,263","156","48","136","6,665","1,953","144","416","92","0","2,459","801","4,200","2,036","1,024","63,059","8,139","172","484","13,825","2,473","21,447","67,556","11,432","6,288","38","51","0","117,980","1,236","46,330","111","792","219","23,537","2,469","75","55","148","113","48","213","1,039","65","1,861","23","123","52","11,954","388","984","5,008","1,198","338","172","172","249","1,106","19","107","249","13","26","640","168","198","2,831","11","208"
"        25 to 29 years","498,970","231,814","255","259","615","19,607","652","3,142","581","31","1,253","280,611","24,400","197","78,025","85,823","63","867","90","2,606","971","2,135","3,087","125,347","1,356","55","33,625","264,566","1,244","7,221","1,097","129","866","81","144","6,305","1,495","6,115","163","2,218","6,741","39","220","1,576","19,532","6,187","1,406","621","17,654","1,479","1,679","15,479","11,886","359","78,879","165","2,785","12,311","39,253","102","68","54","4,384","175","1,534","113","596","157","18,717","10,725","11,761","854","2,396","357","94","41","131,167","707","347","149,444","318","10","99","99","9","1,791","81","91","288","1,097","64","0","302","464","358","99,674","0","1,393","3,341","168","28","189","66","34,869","360","139,219","42","0","1,740","95,295","1,302","177","1,488","2,970","5,474","796","3,434","206","23","4,135","286","120","170","10,622","2,473","223","340","202","6","3,207","1,647","5,151","2,386","1,929","96,871","12,702","273","1,629","22,871","3,654","33,472","102,345","16,045","12,769","99","38","0","181,635","1,738","88,219","137","710","296","36,867","7,223","72","89","360","196","99","339","1,598","125","2,671","38","215","28","21,100","457","2,222","9,340","2,581","511","240","203","377","2,050","18","233","804","23","101","1,206","299","427","7,834","25","288"
"        30 to 34 years","473,420","222,621","368","368","549","18,553","434","2,875","451","11","965","263,108","23,297","192","80,061","85,976","68","686","59","2,786","715","2,049","3,151","122,635","1,205","65","29,600","249,854","1,298","6,333","1,189","152","857","57","81","6,251","1,450","6,664","178","2,692","6,725","14","273","1,564","16,504","4,500","1,802","561","18,145","1,869","1,390","16,865","12,315","492","80,731","347","2,524","10,171","35,002","96","32","120","4,104","102","1,327","98","727","125","19,545","9,768","10,596","670","2,006","351","101","105","127,770","485","383","135,338","290","81","84","100","38","2,152","186","43","199","749","102","7","280","475","187","93,524","16","1,580","2,963","258","55","212","171","30,898","523","127,219","47","53","1,929","89,658","979","19","1,866","2,559","4,653","483","4,689","194","84","3,939","224","123","336","11,525","2,144","273","189","130","65","3,652","1,425","4,468","2,014","1,869","91,222","10,646","250","1,748","21,652","3,574","35,483","95,875","13,254","13,030","84","65","18","171,069","1,588","87,982","19","983","216","32,988","7,719","36","86","200","312","100","358","1,262","123","2,351","76","311","19","20,236","433","1,991","7,251","2,360","518","342","293","488","1,725","28","373","924","13","0","879","232","414","8,029","0","297"
"        35 to 39 years","450,356","217,150","187","201","616","17,937","544","2,514","475","24","940","244,053","21,853","174","79,428","84,188","22","693","92","2,281","578","1,720","2,872","118,613","806","16","28,316","232,561","1,131","5,477","1,007","15","811","89","62","6,386","1,137","6,251","162","2,162","5,749","3","75","938","14,057","3,787","1,703","389","17,495","1,404","1,198","17,107","13,014","352","80,061","114","2,079","8,580","33,078","175","57","174","3,631","145","1,185","192","922","15","18,977","11,569","12,400","633","1,571","435","100","164","123,160","458","214","120,893","203","78","143","177","16","1,888","189","72","198","1,019","33","0","443","549","219","93,091","56","1,129","2,595","102","111","214","75","29,447","431","113,948","54","54","1,470","89,634","921","29","1,184","2,316","4,031","553","4,788","87","0","3,468","344","110","109","11,322","2,035","75","273","29","11","3,059","1,377","3,639","2,024","1,701","90,572","9,220","443","1,245","20,667","2,877","33,824","94,603","11,492","13,580","143","46","46","168,591","1,705","85,759","139","1,027","427","31,054","6,559","66","83","350","102","177","233","1,411","110","1,512","54","226","9","19,125","426","1,226","5,698","1,334","686","267","262","295","1,389","0","155","1,099","30","37","562","355","480","6,975","16","244"
"        40 to 44 years","478,152","218,312","258","284","673","20,756","601","2,474","583","43","1,151","264,309","24,436","133","87,788","91,972","20","782","16","2,882","654","1,467","3,129","122,040","986","73","29,371","253,185","1,184","5,936","1,240","57","1,130","76","35","7,079","1,060","7,167","125","2,415","6,483","35","77","1,261","13,770","3,449","1,542","421","17,488","1,558","1,380","18,070","15,830","657","88,661","179","2,155","7,834","34,172","261","6","42","3,617","113","1,311","103","990","102","19,909","13,963","14,778","873","2,061","319","28","39","126,904","599","152","137,405","221","176","56","65","7","1,736","87","31","107","860","65","58","421","410","166","90,220","20","1,196","2,801","57","72","162","47","30,555","366","131,145","32","22","1,752","86,424","965","85","1,219","2,038","4,285","601","5,877","182","14","3,601","288","88","226","10,571","1,765","85","314","99","0","3,079","1,414","3,891","2,017","1,768","87,685","8,499","368","1,317","23,203","3,354","33,526","91,970","11,124","16,314","56","74","26","168,741","2,130","94,033","149","998","268","32,155","4,522","25","106","302","66","65","235","1,990","88","1,750","31","176","33","22,029","612","1,849","5,372","2,042","779","268","213","622","1,503","11","236","1,298","51","106","522","288","339","4,935","45","349"
"        45 to 49 years","468,435","194,965","218","234","506","21,661","758","2,537","673","9","1,079","267,903","24,950","58","81,641","85,453","6","530","67","2,264","700","1,231","3,457","110,819","1,022","8","33,979","257,725","935","4,879","1,006","113","792","59","49","6,737","1,126","8,260","24","2,376","6,572","7","57","951","12,808","2,711","986","595","18,087","1,784","1,223","17,377","12,982","404","82,215","156","2,320","7,929","38,046","174","37","145","3,132","84","1,272","139","592","90","19,082","11,202","12,187","574","1,284","217","63","90","114,877","524","143","153,026","286","44","29","73","0","1,124","162","91","120","854","64","34","345","308","209","79,140","28","1,005","2,363","230","86","207","63","34,914","268","146,906","57","19","1,472","76,147","1,082","43","1,338","1,863","3,636","778","6,884","184","65","4,308","495","140","268","10,031","2,482","57","265","47","20","3,161","1,411","3,435","1,533","2,087","77,098","8,150","266","1,123","23,934","3,115","33,747","80,734","10,178","13,427","29","35","36","146,008","1,878","86,737","89","1,232","353","36,513","3,662","5","94","276","249","73","212","1,716","140","1,594","29","204","53","22,773","484","1,397","4,522","1,653","451","245","234","436","1,548","22","169","871","41","112","476","495","256","3,934","14","194"
"        50 to 54 years","462,332","168,991","92","114","708","22,137","398","2,285","425","13","1,166","269,249","25,133","77","82,742","86,311","8","724","8","2,611","528","774","3,656","95,960","715","23","36,093","260,141","840","4,274","1,210","94","956","32","175","7,129","950","7,685","77","1,844","6,748","51","57","973","11,396","2,562","1,342","642","17,189","1,516","891","18,032","13,512","404","83,397","243","2,155","7,122","39,148","141","104","44","2,215","93","1,274","61","828","64","19,518","11,331","11,822","655","1,314","130","16","60","99,630","477","290","169,619","302","44","107","117","55","1,370","44","90","60","963","28","20","248","122","301","68,206","7","1,148","2,165","155","88","196","95","36,933","181","164,181","71","28","1,655","65,546","1,033","89","1,610","1,661","3,153","477","6,464","142","36","4,137","249","92","217","9,042","2,625","57","165","62","29","3,353","1,335","2,977","1,178","2,118","66,519","7,528","232","1,365","23,922","3,092","31,294","69,672","9,108","13,836","107","26","30","122,379","2,338","87,625","77","1,098","253","37,970","3,603","123","36","375","155","117","193","1,756","92","1,466","79","253","66","23,439","486","1,719","4,228","1,893","644","107","102","618","1,384","0","338","846","68","64","414","258","117","3,926","11","160"
"        55 to 59 years","417,427","138,640","97","97","520","21,221","272","1,684","389","8","861","248,875","24,174","8","79,321","81,923","43","374","13","2,616","301","450","3,569","82,455","591","48","31,684","241,896","673","3,826","1,236","157","1,315","18","126","5,734","869","6,285","0","1,705","6,288","7","40","830","9,258","1,685","1,857","547","14,954","1,203","741","18,331","13,070","517","79,791","198","1,562","5,432","34,196","92","58","82","1,839","68","764","51","544","46","19,240","10,636","11,221","470","924","122","69","60","85,559","221","324","163,316","274","122","156","178","16","1,930","82","93","92","813","35","85","215","203","179","52,220","43","1,351","1,778","23","35","244","75","32,357","89","159,441","54","33","1,301","49,864","361","155","1,453","2,030","2,923","324","5,349","76","34","3,672","307","0","239","7,816","2,240","40","266","16","9","3,541","815","2,773","1,108","1,574","50,694","5,744","200","1,543","22,785","2,719","27,093","53,617","6,979","13,242","156","15","36","98,279","1,956","82,847","67","934","206","33,088","3,287","0","65","112","23","187","117","1,511","0","1,397","139","334","9","22,721","518","1,540","3,056","1,651","425","203","199","360","717","15","206","860","25","52","421","316","199","3,491","12","109"
"        60 and 61 years","150,002","45,592","48","48","132","7,807","180","779","178","0","200","91,139","8,989","11","28,709","29,778","48","210","43","751","160","126","1,149","27,058","270","5","11,075","88,519","236","1,349","422","21","380","0","42","1,928","377","2,435","0","308","1,960","27","0","272","3,464","642","574","192","5,325","454","356","6,536","3,733","199","28,869","143","757","2,115","11,915","23","21","0","604","33","398","4","169","0","6,765","4,378","4,607","160","305","22","34","0","28,210","145","102","62,929","54","19","40","40","0","594","0","31","51","399","29","8","66","102","25","17,334","11","609","807","0","7","53","51","11,311","37","61,461","19","0","371","16,414","269","21","663","600","1,277","186","2,184","55","10","1,209","94","0","108","2,377","669","0","34","24","17","1,127","402","1,191","375","618","16,686","1,917","66","743","8,320","811","9,030","17,963","2,620","3,799","40","17","0","31,897","559","30,083","62","354","102","11,540","1,357","0","10","116","0","40","82","429","0","629","24","67","10","8,490","133","516","1,214","580","130","93","93","103","401","0","143","262","0","10","208","94","102","1,461","0","44"
"        62 to 64 years","202,334","59,813","47","47","151","10,647","200","1,081","167","11","234","122,337","11,981","22","39,790","40,981","17","137","39","1,187","197","375","1,475","36,304","232","6","15,585","119,378","221","1,526","778","63","675","6","110","2,316","461","3,498","22","513","2,608","19","10","351","3,984","754","986","234","6,162","389","326","9,601","5,530","232","39,956","81","964","2,458","16,847","171","31","0","1,041","42","588","32","429","7","10,012","5,287","5,492","166","283","117","11","12","37,487","191","194","84,850","79","44","78","78","25","1,013","19","48","18","349","31","48","107","115","41","22,008","0","794","673","120","14","46","47","15,806","59","83,074","0","14","512","21,052","358","66","830","706","1,146","200","3,200","48","8","1,421","213","0","175","2,938","727","10","88","31","26","1,599","620","1,052","459","744","21,403","2,606","107","882","11,154","1,133","10,903","22,549","2,959","5,578","78","9","12","43,032","761","41,264","26","479","44","16,388","1,786","5","7","47","120","78","25","647","0","541","49","121","5","11,496","237","560","1,308","622","275","92","92","226","454","25","96","454","22","35","105","213","115","1,890","0","133"
"        65 and 66 years","122,792","34,705","10","20","209","5,896","69","609","142","6","290","76,695","6,741","0","23,187","24,050","8","153","0","752","104","159","1,066","21,319","160","18","8,669","74,882","119","747","299","15","405","14","31","2,001","282","2,173","0","191","1,587","0","0","170","2,521","535","537","183","2,998","426","199","5,482","3,499","113","23,303","41","595","1,774","9,392","44","9","22","604","24","319","8","120","0","5,827","3,219","3,363","116","244","14","17","37","21,961","100","31","54,734","76","6","42","61","0","565","22","12","18","293","0","0","45","92","42","12,553","27","418","405","26","51","95","9","8,788","67","53,563","10","0","347","12,049","199","6","660","261","716","69","2,013","38","15","835","17","5","37","1,594","451","10","56","0","0","803","327","677","189","482","12,219","1,645","19","512","6,294","521","5,484","12,935","1,813","3,505","42","0","12","25,220","626","24,294","19","186","103","9,203","1,211","0","23","61","26","61","6","347","5","382","28","37","7","6,379","174","319","991","345","78","86","86","126","295","11","51","273","0","18","162","23","92","1,329","0","64"
"        67 to 69 years","152,285","40,012","10","19","111","6,819","62","654","121","21","143","97,817","7,871","0","27,959","28,929","0","109","12","749","120","190","1,296","26,157","201","19","11,874","95,352","132","959","443","0","376","0","82","2,273","262","2,821","0","332","1,943","0","19","329","3,107","640","493","115","3,158","469","262","6,911","4,155","137","28,103","149","647","2,148","12,659","70","0","0","653","41","392","0","190","0","7,332","3,404","3,574","144","212","7","0","9","27,035","120","89","70,782","56","27","29","29","0","559","5","37","26","528","0","53","94","108","15","12,910","20","600","576","87","34","0","27","12,006","19","69,195","0","0","373","12,247","262","66","510","437","905","69","2,746","107","0","1,194","82","0","63","1,709","724","19","58","0","9","1,081","392","844","221","580","12,576","2,001","94","670","7,240","647","6,126","13,481","2,465","4,188","29","34","0","29,020","653","29,141","24","379","113","12,438","1,484","10","81","55","87","29","23","495","0","571","11","109","3","7,458","162","376","1,038","441","136","101","54","160","327","21","169","260","23","0","147","93","61","1,611","0","102"
"        70 to 74 years","201,906","54,230","0","4","96","9,778","101","545","111","5","207","129,112","10,852","15","38,366","39,386","22","205","0","804","67","292","1,361","35,673","183","6","15,294","126,378","225","1,204","422","0","479","30","55","3,375","304","3,466","5","378","2,087","13","0","341","3,476","760","537","148","4,440","707","289","9,638","6,795","250","38,701","77","477","2,272","16,294","41","5","27","775","34","219","22","248","0","10,040","4,763","4,875","335","579","68","0","24","36,669","52","69","92,443","117","27","82","82","0","653","27","48","44","805","30","0","169","15","20","17,111","0","484","519","26","88","68","59","15,519","31","90,705","4","25","325","16,446","139","17","1,154","594","944","101","3,404","53","0","1,283","100","0","53","2,137","810","5","113","0","49","1,210","241","838","340","878","16,787","2,349","136","563","10,343","726","8,187","17,731","2,734","6,856","82","28","0","38,378","767","39,965","24","445","150","15,954","1,468","0","47","61","26","82","91","924","0","620","0","104","0","10,316","162","646","1,264","717","202","9","9","218","298","0","82","507","14","0","153","107","15","1,607","13","76"
"        75 to 79 years","154,863","40,012","44","44","70","7,160","140","653","124","19","81","99,403","7,841","9","29,096","29,972","0","239","0","554","111","198","1,063","26,090","160","20","11,701","97,300","221","982","260","0","306","12","32","2,441","226","3,887","0","261","1,463","3","0","315","2,815","607","227","145","3,212","563","216","6,878","5,259","191","29,221","44","592","1,833","12,459","49","5","0","537","26","390","37","171","7","7,246","3,244","3,374","125","358","61","19","8","26,895","102","101","72,508","127","24","0","0","0","227","0","56","16","548","48","15","34","151","41","12,998","0","299","534","36","0","34","15","11,922","49","71,210","0","17","248","12,309","261","30","1,242","566","983","146","3,704","62","0","909","171","0","130","1,430","510","0","48","9","0","874","427","927","336","666","12,624","1,672","29","332","7,542","400","6,008","13,607","2,103","5,352","0","4","0","28,056","501","30,330","0","281","70","12,123","1,124","8","55","102","36","0","57","681","0","609","32","133","24","7,492","61","384","1,109","455","107","145","145","206","389","58","44","466","7","21","196","171","151","1,221","8","46"
"        80 to 84 years","124,252","29,457","0","0","35","5,835","58","269","178","13","148","83,213","6,411","38","22,232","22,816","5","51","0","433","81","138","713","19,189","229","0","8,544","81,444","120","855","199","45","164","0","36","1,614","157","3,847","38","158","1,277","0","13","220","2,123","382","156","104","2,652","323","274","4,606","3,533","136","22,472","37","240","1,268","9,159","42","15","0","495","0","112","0","182","0","4,812","2,541","2,684","240","311","29","12","12","19,956","81","43","63,257","48","15","5","5","0","188","0","34","0","211","0","0","38","28","50","9,278","18","289","449","0","19","61","0","8,664","0","62,255","14","12","269","8,784","91","0","1,045","414","635","58","3,720","0","17","844","123","0","0","891","514","13","45","28","0","652","112","590","271","741","9,004","1,259","38","308","6,122","564","4,855","9,639","1,769","3,562","5","23","0","20,028","512","23,127","8","235","52","8,888","677","12","0","10","17","5","70","468","0","361","17","192","9","6,143","58","340","655","387","125","16","16","122","149","0","46","316","0","21","84","123","28","774","0","12"
"        85 years and over","145,884","28,159","0","0","36","6,984","56","333","69","0","82","104,537","7,541","0","22,947","23,493","0","96","0","399","65","180","771","19,320","74","16","9,453","102,715","150","743","170","15","234","11","7","1,597","177","5,001","0","148","1,126","0","18","161","2,146","449","139","108","1,943","344","123","4,027","3,323","208","23,026","14","309","1,403","9,972","48","9","0","369","16","132","24","166","0","4,244","2,022","2,123","79","177","24","11","0","19,998","43","19","84,539","45","41","0","0","0","144","0","8","0","328","5","0","35","37","4","8,171","0","277","521","0","27","23","28","9,603","5","83,395","7","24","165","7,678","119","10","1,400","426","700","56","4,934","28","15","727","3","0","48","703","519","18","27","5","0","602","156","651","223","419","7,839","1,372","31","298","7,253","355","3,527","8,539","1,822","3,331","0","0","0","19,421","490","23,670","0","247","30","9,749","548","29","28","64","0","0","9","762","0","368","25","59","0","7,271","59","299","644","342","139","37","37","67","149","0","14","307","8","0","44","3","37","623","0","44"