"Label (Grouping)","Dallas-Fort Worth-Arlington, TX Metro Area!!Total population!!Estimate","Dallas-Fort Worth-Arlington, TX Metro Area!!Hispanic or Latino (of any race) (200-299)!!Estimate","Dallas-Fort Worth-Arlington, TX Metro Area!!American Indian alone or in any combination!!Estimate","Dallas-Fort Worth-Arlington, TX Metro Area!!Cambodian alone or in any combination (405-409) & (100-299) or (300, A01-Z99) or (400-999)!!Estimate","Dallas-Fort Worth-Arlington, TX Metro Area!!American Indian and Alaska Native; Asian!!Estimate","Dallas-Fort Worth-Arlington, TX Metro Area!!White; Black or African American; American Indian and Alaska Native!!Estimate","Dallas-Fort Worth-Arlington, TX Metro Area!!Cuban (270-274)!!Estimate","Dallas-Fort Worth-Arlington, TX Metro Area!!Burmese alone (404)!!Estimate","Dallas-Fort Worth-Arlington, TX Metro Area!!White; American Indian and Alaska Native; Some other race!!Estimate","Dallas-Fort Worth-Arlington, TX Metro Area!!Mexican American Indian tribal grouping alone (V84-W66)!!Estimate","Dallas-Fort Worth-Arlington, TX Metro Area!!Filipino alone (420-421)!!Estimate","Dallas-Fort Worth-Arlington, TX Metro Area!!Bangladeshi alone or in any combination (402) & (100-299) or (300, A01-Z99) or (400-999)!!Estimate","Dallas-Fort Worth-Arlington, TX Metro Area!!Asian alone or in combination with one or more other races  (400-499) & (100-299) or (300, A01-Z99) or (400-999)!!Estimate","Dallas-Fort Worth-Arlington, TX Metro Area!!Polynesian alone (500-519)!!Estimate","Dallas-Fort Worth-Arlington, TX Metro Area!!Black or African American alone or in combination with one or more other races!!Estimate","Dallas-Fort Worth-Arlington, TX Metro Area!!White; Black or African American; Asian!!Estimate","Dallas-Fort Worth-Arlington, TX Metro Area!!Black or African American alone!!Estimate","Dallas-Fort Worth-Arlington, TX Metro Area!!Sri Lankan alone or in any combination (446) & (100-299) or (300, A01-Z99) or (400-999)!!Estimate","Dallas-Fort Worth-Arlington, TX Metro Area!!Asian alone or in combination with one or more other races, Hispanic or Latino!!Estimate","Dallas-Fort Worth-Arlington, TX Metro Area!!Cherokee tribal grouping alone (B21-B39)!!Estimate","Dallas-Fort Worth-Arlington, TX Metro Area!!Panamanian (225)!!Estimate","Dallas-Fort Worth-Arlington, TX Metro Area!!Salvadoran (226)!!Estimate","Dallas-Fort Worth-Arlington, TX Metro Area!!Spaniard (200-209)!!Estimate","Dallas-Fort Worth-Arlington, TX Metro Area!!American Indian and Alaska Native alone, not Hispanic or Latino!!Estimate","Dallas-Fort Worth-Arlington, TX Metro Area!!Filipino alone or in any combination (420-421) & (100-299) or (300, A01-Z99) or (400-999)!!Estimate","Dallas-Fort Worth-Arlington, TX Metro Area!!Korean alone (440-441)!!Estimate","Dallas-Fort Worth-Arlington, TX Metro Area!!American Indian and Alaska Native; Some other race!!Estimate","Dallas-Fort Worth-Arlington, TX Metro Area!!Two or More Races, Hispanic or Latino!!Estimate","Dallas-Fort Worth-Arlington, TX Metro Area!!Tongan alone (513)!!Estimate","Dallas-Fort Worth-Arlington, TX Metro Area!!Chippewa tribal grouping alone or in any combination (B67-B99) & (100-299) or (300, A01-Z99) or (400-999)!!Estimate","Dallas-Fort Worth-Arlington, TX Metro Area!!Potawatomi tribal grouping alone or in any combination (H21-H33) & (100-299) or (300, A01-Z99) or (400-999)!!Estimate","Dallas-Fort Worth-Arlington, TX Metro Area!!Taiwanese alone (412-419)!!Estimate","Dallas-Fort Worth-Arlington, TX Metro Area!!White in combination with one or more other races!!Estimate","Dallas-Fort Worth-Arlington, TX Metro Area!!Native Hawaiian and Other Pacific Islander alone (500-599)!!Estimate","Dallas-Fort Worth-Arlington, TX Metro Area!!Navajo Nation tribal grouping alone or in any combination (F62-F70) & (100-299) or (300, A01-Z99) or (400-999)!!Estimate","Dallas-Fort Worth-Arlington, TX Metro Area!!Asian Indian alone or in any combination (400-401) & (100-299) or (300, A01-Z99) or (400-999)!!Estimate","Dallas-Fort Worth-Arlington, TX Metro Area!!Asian alone or in combination with one or more other races, not Hispanic or Latino!!Estimate","Dallas-Fort Worth-Arlington, TX Metro Area!!White; Native Hawaiian and Other Pacific Islander!!Estimate","Dallas-Fort Worth-Arlington, TX Metro Area!!Central American (excludes Mexican) (221-230)!!Estimate","Dallas-Fort Worth-Arlington, TX Metro Area!!South American (231-249)!!Estimate","Dallas-Fort Worth-Arlington, TX Metro Area!!Three or more races with Some Other Race!!Estimate","Dallas-Fort Worth-Arlington, TX Metro Area!!White alone or in combination with one or more other races, Hispanic or Latino!!Estimate","Dallas-Fort Worth-Arlington, TX Metro Area!!Asian in combination with one or more other races!!Estimate","Dallas-Fort Worth-Arlington, TX Metro Area!!Two races with Some Other Race!!Estimate","Dallas-Fort Worth-Arlington, TX Metro Area!!Colombian (234)!!Estimate","Dallas-Fort Worth-Arlington, TX Metro Area!!Chinese (except Taiwanese) alone (410-411)!!Estimate","Dallas-Fort Worth-Arlington, TX Metro Area!!Vietnamese alone (450-459)!!Estimate","Dallas-Fort Worth-Arlington, TX Metro Area!!Chinese (except Taiwanese) alone or in any combination (410-411) & (100-299) or (300, A01-Z99) or (400-999)!!Estimate","Dallas-Fort Worth-Arlington, TX Metro Area!!Sioux tribal grouping alone or in any combination (K16-K21, K23-K53) & (100-299) or (300, A01-Z99) or (400-999)!!Estimate","Dallas-Fort Worth-Arlington, TX Metro Area!!Some other race alone or in combination with one or more other races, not Hispanic or Latino!!Estimate","Dallas-Fort Worth-Arlington, TX Metro Area!!Samoan alone (510-511)!!Estimate","Dallas-Fort Worth-Arlington, TX Metro Area!!Two or more races!!Estimate","Dallas-Fort Worth-Arlington, TX Metro Area!!White; American Indian and Alaska Native; Asian!!Estimate","Dallas-Fort Worth-Arlington, TX Metro Area!!Chickasaw tribal grouping alone or in any combination (B53-B56) & (100-299) or (300, A01-Z99) or (400-999)!!Estimate","Dallas-Fort Worth-Arlington, TX Metro Area!!Some Other Race alone, Hispanic or Latino!!Estimate","Dallas-Fort Worth-Arlington, TX Metro Area!!Malaysian alone or in any combination (443) & (100-299) or (300, A01-Z99) or (400-999)!!Estimate","Dallas-Fort Worth-Arlington, TX Metro Area!!Guamanian or Chamorro alone (520-522)!!Estimate","Dallas-Fort Worth-Arlington, TX Metro Area!!White alone or in combination with one or more other races!!Estimate","Dallas-Fort Worth-Arlington, TX Metro Area!!Some other race alone or in combination with one or more other races!!Estimate","Dallas-Fort Worth-Arlington, TX Metro Area!!Bhutanese alone (403)!!Estimate","Dallas-Fort Worth-Arlington, TX Metro Area!!Burmese alone or in any combination (404) & (100-299) or (300, A01-Z99) or (400-999)!!Estimate","Dallas-Fort Worth-Arlington, TX Metro Area!!Two races without Some Other Race!!Estimate","Dallas-Fort Worth-Arlington, TX Metro Area!!Indonesian alone or in any combination (423-429) & (100-299) or (300, A01-Z99) or (400-999)!!Estimate","Dallas-Fort Worth-Arlington, TX Metro Area!!Apache tribal grouping alone (A09-A23)!!Estimate","Dallas-Fort Worth-Arlington, TX Metro Area!!Chinese alone (410-419)!!Estimate","Dallas-Fort Worth-Arlington, TX Metro Area!!Japanese alone (430-439)!!Estimate","Dallas-Fort Worth-Arlington, TX Metro Area!!White; Some other race!!Estimate","Dallas-Fort Worth-Arlington, TX Metro Area!!Black or African American; American Indian and Alaska Native!!Estimate","Dallas-Fort Worth-Arlington, TX Metro Area!!Dominican (Dominican Republic) (275-279)!!Estimate","Dallas-Fort Worth-Arlington, TX Metro Area!!Guatemalan (222)!!Estimate","Dallas-Fort Worth-Arlington, TX Metro Area!!White alone, not Hispanic or Latino!!Estimate","Dallas-Fort Worth-Arlington, TX Metro Area!!Laotian alone (442)!!Estimate","Dallas-Fort Worth-Arlington, TX Metro Area!!Japanese alone or in any combination (430-439) & (100-299) or (300, A01-Z99) or (400-999)!!Estimate","Dallas-Fort Worth-Arlington, TX Metro Area!!Three or more races without Some Other Race!!Estimate","Dallas-Fort Worth-Arlington, TX Metro Area!!White; American Indian and Alaska Native!!Estimate","Dallas-Fort Worth-Arlington, TX Metro Area!!Choctaw tribal grouping alone (C08-C16)!!Estimate","Dallas-Fort Worth-Arlington, TX Metro Area!!Creek tribal grouping alone or in any combination (C64-C80) & (100-299) or (300, A01-Z99) or (400-999)!!Estimate","Dallas-Fort Worth-Arlington, TX Metro Area!!White alone or in combination with one or more other races, not Hispanic or Latino!!Estimate","Dallas-Fort Worth-Arlington, TX Metro Area!!Black or African American alone or in combination with one or more other races, not Hispanic or Latino!!Estimate","Dallas-Fort Worth-Arlington, TX Metro Area!!Some other race alone, not Hispanic or Latino!!Estimate","Dallas-Fort Worth-Arlington, TX Metro Area!!Asian Indian alone (400-401)!!Estimate","Dallas-Fort Worth-Arlington, TX Metro Area!!Cambodian alone (405-409)!!Estimate","Dallas-Fort Worth-Arlington, TX Metro Area!!Native Hawaiian and Other Pacific Islander alone or in combination with one or more other races  (500-599) & (100-299) or (300, A01-Z99) or (400-999)!!Estimate","Dallas-Fort Worth-Arlington, TX Metro Area!!Korean alone or in any combination (440-441) & (100-299) or (300, A01-Z99) or (400-999)!!Estimate","Dallas-Fort Worth-Arlington, TX Metro Area!!Samoan alone or in any combination (510-511) & (100-299) or (300, A01-Z99) or (400-999)!!Estimate","Dallas-Fort Worth-Arlington, TX Metro Area!!American Indian and Alaska Native alone or in combination with one or more other races, Hispanic or Latino!!Estimate","Dallas-Fort Worth-Arlington, TX Metro Area!!Mexican American Indian tribal grouping alone or in any combination (V84-W66) & (100-299) or (300, A01-Z99) or (400-999)!!Estimate","Dallas-Fort Worth-Arlington, TX Metro Area!!Native Hawaiian and Other Pacific Islander in combination with one or more other races!!Estimate","Dallas-Fort Worth-Arlington, TX Metro Area!!Vietnamese alone or in any combination (450-459) & (100-299) or (300, A01-Z99) or (400-999)!!Estimate","Dallas-Fort Worth-Arlington, TX Metro Area!!Guamanian or Chamorro alone or in any combination (520-522) & (100-299) or (300, A01-Z99) or (400-999)!!Estimate","Dallas-Fort Worth-Arlington, TX Metro Area!!Blackfeet Tribe of the Blackfeet Indian Reservation of Montana alone or in any combination (A45-A50) & (100-299) or (300, A01-Z99) or (400-999)!!Estimate","Dallas-Fort Worth-Arlington, TX Metro Area!!Black or African American alone, Hispanic or Latino!!Estimate","Dallas-Fort Worth-Arlington, TX Metro Area!!Tongan alone or in any combination (513) & (100-299) or (300, A01-Z99) or (400-999)!!Estimate","Dallas-Fort Worth-Arlington, TX Metro Area!!Some other race alone!!Estimate","Dallas-Fort Worth-Arlington, TX Metro Area!!Puerto Rican (260-269)!!Estimate","Dallas-Fort Worth-Arlington, TX Metro Area!!Creek tribal grouping alone (C64-C80)!!Estimate","Dallas-Fort Worth-Arlington, TX Metro Area!!Venezuelan (239)!!Estimate","Dallas-Fort Worth-Arlington, TX Metro Area!!Black or African American in combination with one or more other races!!Estimate","Dallas-Fort Worth-Arlington, TX Metro Area!!White alone, Hispanic or Latino!!Estimate","Dallas-Fort Worth-Arlington, TX Metro Area!!Asian; Some other race!!Estimate","Dallas-Fort Worth-Arlington, TX Metro Area!!Two or more races, not Hispanic or Latino!!Estimate","Dallas-Fort Worth-Arlington, TX Metro Area!!American Indian and Alaska Native alone, Hispanic or Latino!!Estimate","Dallas-Fort Worth-Arlington, TX Metro Area!!Native Hawaiian and Other Pacific Islander alone or in combination with one or more other races, Hispanic or Latino!!Estimate","Dallas-Fort Worth-Arlington, TX Metro Area!!White; Asian!!Estimate","Dallas-Fort Worth-Arlington, TX Metro Area!!Argentinean (231)!!Estimate","Dallas-Fort Worth-Arlington, TX Metro Area!!Asian alone (400-499)!!Estimate","Dallas-Fort Worth-Arlington, TX Metro Area!!Asian; Native Hawaiian and Other Pacific Islander!!Estimate","Dallas-Fort Worth-Arlington, TX Metro Area!!Costa Rican (221)!!Estimate","Dallas-Fort Worth-Arlington, TX Metro Area!!Bolivian (232)!!Estimate","Dallas-Fort Worth-Arlington, TX Metro Area!!Native Hawaiian alone or in any combination (500-503) & (100-299) or (300, A01-Z99) or (400-999)!!Estimate","Dallas-Fort Worth-Arlington, TX Metro Area!!Chickasaw tribal grouping alone (B53-B56)!!Estimate","Dallas-Fort Worth-Arlington, TX Metro Area!!American Indian and Alaska Native alone (300, A01-Z99)!!Estimate","Dallas-Fort Worth-Arlington, TX Metro Area!!Micronesian alone or in any combination (520-529, 531-541) & (100-299) or (300, A01-Z99) or (400-999)!!Estimate","Dallas-Fort Worth-Arlington, TX Metro Area!!Comanche Nation, Oklahoma tribal grouping alone or in any combination (C39-C43) & (100-299) or (300, A01-Z99) or (400-999)!!Estimate","Dallas-Fort Worth-Arlington, TX Metro Area!!Laotian alone or in any combination (442) & (100-299) or (300, A01-Z99) or (400-999)!!Estimate","Dallas-Fort Worth-Arlington, TX Metro Area!!Black or African American alone, not Hispanic or Latino!!Estimate","Dallas-Fort Worth-Arlington, TX Metro Area!!Black or African American; Asian!!Estimate","Dallas-Fort Worth-Arlington, TX Metro Area!!Indonesian alone (423-429)!!Estimate","Dallas-Fort Worth-Arlington, TX Metro Area!!Polynesian alone or in any combination (500-519) & (100-299) or (300, A01-Z99) or (400-999)!!Estimate","Dallas-Fort Worth-Arlington, TX Metro Area!!White; Black or African American; Some other race!!Estimate","Dallas-Fort Worth-Arlington, TX Metro Area!!Asian alone, not Hispanic or Latino!!Estimate","Dallas-Fort Worth-Arlington, TX Metro Area!!Nepalese alone (472)!!Estimate","Dallas-Fort Worth-Arlington, TX Metro Area!!Nepalese alone or in any combination (472) & (100-299) or (300, A01-Z99) or (400-999)!!Estimate","Dallas-Fort Worth-Arlington, TX Metro Area!!Cherokee tribal grouping alone or in any combination (B21-B39) & (100-299) or (300, A01-Z99) or (400-999)!!Estimate","Dallas-Fort Worth-Arlington, TX Metro Area!!Honduran (223)!!Estimate","Dallas-Fort Worth-Arlington, TX Metro Area!!Nicaraguan (224)!!Estimate","Dallas-Fort Worth-Arlington, TX Metro Area!!Chilean (233)!!Estimate","Dallas-Fort Worth-Arlington, TX Metro Area!!Peruvian (237)!!Estimate","Dallas-Fort Worth-Arlington, TX Metro Area!!White; Asian; Native Hawaiian and Other Pacific Islander!!Estimate","Dallas-Fort Worth-Arlington, TX Metro Area!!White alone!!Estimate","Dallas-Fort Worth-Arlington, TX Metro Area!!American Indian alone!!Estimate","Dallas-Fort Worth-Arlington, TX Metro Area!!Sri Lankan alone (446)!!Estimate","Dallas-Fort Worth-Arlington, TX Metro Area!!Some Other Race alone or in combination with one or more other races, Hispanic or Latino!!Estimate","Dallas-Fort Worth-Arlington, TX Metro Area!!Some other race in combination with one or more other races!!Estimate","Dallas-Fort Worth-Arlington, TX Metro Area!!Chinese alone or in any combination (410-419) & (100-299) or (300, A01-Z99) or (400-999)!!Estimate","Dallas-Fort Worth-Arlington, TX Metro Area!!White; Black or African American!!Estimate","Dallas-Fort Worth-Arlington, TX Metro Area!!Ecuadorian (235)!!Estimate","Dallas-Fort Worth-Arlington, TX Metro Area!!Mexican (210-220)!!Estimate","Dallas-Fort Worth-Arlington, TX Metro Area!!Pakistani alone (445)!!Estimate","Dallas-Fort Worth-Arlington, TX Metro Area!!White; Asian; Some other race!!Estimate","Dallas-Fort Worth-Arlington, TX Metro Area!!Apache tribal grouping alone or in any combination (A09-A23) & (100-299) or (300, A01-Z99) or (400-999)!!Estimate","Dallas-Fort Worth-Arlington, TX Metro Area!!Choctaw tribal grouping alone or in any combination (C08-C16) & (100-299) or (300, A01-Z99) or (400-999)!!Estimate","Dallas-Fort Worth-Arlington, TX Metro Area!!Navajo Nation tribal grouping alone (F62-F70)!!Estimate","Dallas-Fort Worth-Arlington, TX Metro Area!!Native Hawaiian and Other Pacific Islander alone or in combination with one or more other races, not Hispanic or Latino!!Estimate","Dallas-Fort Worth-Arlington, TX Metro Area!!Bhutanese alone or in any combination (403) & (100-299) or (300, A01-Z99) or (400-999)!!Estimate","Dallas-Fort Worth-Arlington, TX Metro Area!!Native Hawaiian and Other Pacific Islander alone, not Hispanic or Latino!!Estimate","Dallas-Fort Worth-Arlington, TX Metro Area!!Taiwanese alone or in any combination (412-419) & (100-299) or (300, A01-Z99) or (400-999)!!Estimate","Dallas-Fort Worth-Arlington, TX Metro Area!!Pakistani alone or in any combination (445) & (100-299) or (300, A01-Z99) or (400-999)!!Estimate","Dallas-Fort Worth-Arlington, TX Metro Area!!Micronesian alone (520-529, 531-541)!!Estimate","Dallas-Fort Worth-Arlington, TX Metro Area!!American Indian and Alaska Native in combination with one or more other races!!Estimate","Dallas-Fort Worth-Arlington, TX Metro Area!!American Indian and Alaska Native alone or in combination with one or more other races (300, A01-Z99) & (100-299) or (300, A01-Z99) or (400-999)!!Estimate","Dallas-Fort Worth-Arlington, TX Metro Area!!Bangladeshi alone (402)!!Estimate","Dallas-Fort Worth-Arlington, TX Metro Area!!Thai alone or in any combination (447-449) & (100-299) or (300, A01-Z99) or (400-999)!!Estimate","Dallas-Fort Worth-Arlington, TX Metro Area!!Black or African American; Some other race!!Estimate","Dallas-Fort Worth-Arlington, TX Metro Area!!American Indian and Alaska Native alone or in combination with one or more other races, not Hispanic or Latino!!Estimate","Dallas-Fort Worth-Arlington, TX Metro Area!!Asian alone, Hispanic or Latino!!Estimate","Dallas-Fort Worth-Arlington, TX Metro Area!!Black or African American alone or in combination with one or more other races, Hispanic or Latino!!Estimate","Dallas-Fort Worth-Arlington, TX Metro Area!!Thai alone (447-449)!!Estimate","Dallas-Fort Worth-Arlington, TX Metro Area!!Native Hawaiian alone (500-503)!!Estimate"
"Total:","6,833,420","1,915,142","60,815","6,278","965","5,588","13,573","4,870","1,278","3,173","28,452","5,200","457,955","4,073","1,105,817","1,359","1,032,978","1,420","11,712","4,528","2,388","75,536","18,440","18,607","40,438","32,146","1,921","57,678","1,291","804","571","3,943","159,467","6,980","2,121","135,183","446,243","1,846","130,437","43,331","14,376","1,476,958","53,633","39,333","13,890","53,288","85,266","62,368","1,498","17,814","814","190,434","826","3,585","392,904","713","1,472","4,924,770","446,256","1,033","5,033","136,725","1,878","1,577","57,325","6,213","25,893","9,455","4,135","19,585","3,336,093","8,084","13,479","10,184","38,284","3,790","2,133","3,447,812","1,071,959","9,827","129,047","4,966","13,936","37,177","1,161","25,319","4,687","6,956","93,134","2,555","1,829","19,193","1,446","402,731","43,146","647","5,182","72,839","1,429,210","5,422","132,756","12,065","1,602","36,417","5,937","404,322","1,945","2,971","1,960","4,366","1,368","30,672","3,739","2,030","9,700","1,013,785","3,036","1,138","7,090","873","400,798","6,816","7,244","24,474","25,420","3,851","1,710","9,880","1,225","4,765,303","19,753","1,269","428,442","43,525","67,100","43,870","3,980","1,623,185","17,459","878","3,863","11,411","962","12,334","1,187","6,412","4,876","18,847","2,539","59,845","90,517","4,729","6,832","5,808","65,198","3,524","33,858","4,755","1,753"
"    Male:","3,362,410","977,296","29,323","3,061","447","2,449","6,620","2,501","628","1,688","12,064","2,655","223,850","2,022","518,063","691","483,170","777","5,457","2,362","1,146","40,211","8,845","9,272","18,447","14,930","936","29,167","514","433","237","1,965","78,923","3,470","934","69,452","218,393","918","68,475","20,174","6,797","751,499","27,066","20,736","5,979","24,753","41,560","29,190","805","8,532","468","93,970","308","1,537","202,687","437","725","2,441,310","229,934","526","2,590","66,437","801","751","26,746","2,294","13,802","4,251","2,124","10,580","1,635,103","3,757","5,944","4,764","18,431","1,856","999","1,689,811","500,891","4,478","66,234","2,399","6,868","17,427","633","12,495","2,386","3,398","45,389","1,235","803","9,946","541","207,165","21,333","375","2,199","34,893","727,284","2,899","64,803","6,192","871","18,328","3,210","196,784","861","1,260","1,062","2,281","597","15,464","1,832","1,098","4,636","473,224","1,671","477","3,508","440","195,030","3,670","3,996","11,783","13,236","1,658","776","4,560","614","2,362,387","9,892","730","221,402","22,769","31,414","21,196","1,924","830,223","8,995","479","2,149","5,645","443","5,997","613","3,204","2,252","9,768","1,294","28,266","43,730","2,463","2,981","2,919","31,235","1,754","17,172","1,842","949"
"        Under 5 years","254,450","101,537","2,296","246","16","223","522","382","49","183","568","235","18,322","187","45,622","35","38,755","22","994","91","99","3,931","713","564","1,599","830","162","5,088","32","58","14","87","12,150","257","193","6,387","17,328","113","6,253","1,287","957","79,901","4,219","2,875","487","1,387","2,372","2,314","13","800","51","14,122","121","110","18,498","69","13","179,477","22,255","54","382","10,290","52","45","1,474","42","1,690","298","212","874","91,411","172","530","473","1,350","92","69","99,576","42,319","398","5,872","114","641","1,161","68","1,298","215","384","3,126","110","25","1,416","32","18,896","1,886","12","140","6,867","75,916","345","9,034","426","110","3,042","224","14,103","125","92","44","270","34","990","134","105","465","37,339","256","0","370","168","13,910","298","333","690","1,144","34","68","152","52","167,327","560","9","21,455","3,359","2,490","5,063","138","88,622","753","161","231","556","40","531","66","257","176","903","22","2,313","3,303","224","215","664","2,005","193","3,303","156","104"
"        5 to 9 years","268,371","104,700","2,217","224","21","291","769","304","180","76","1,064","245","18,857","211","48,322","218","42,177","83","977","117","69","3,153","1,091","455","2,030","872","119","5,101","61","64","0","83","11,598","310","56","6,255","17,880","36","5,773","1,887","1,214","80,498","3,830","2,946","620","1,351","3,017","1,910","29","1,000","35","13,191","24","139","20,741","18","23","186,805","24,800","0","307","9,031","145","31","1,434","144","1,905","268","82","881","98,843","407","547","713","1,396","114","115","106,307","44,819","612","5,833","69","552","1,366","66","1,604","190","242","3,769","56","0","1,587","72","21,353","1,920","35","144","6,145","76,364","287","8,090","651","51","2,765","336","15,027","13","184","175","169","34","1,106","132","48","530","40,590","170","0","296","109","14,786","212","212","932","1,311","137","8","405","121","175,207","559","83","23,800","3,447","2,022","4,362","151","91,036","615","132","272","342","36","501","0","295","112","717","99","2,362","3,468","225","395","622","1,864","241","3,503","149","104"
"        10 to 14 years","264,859","96,967","2,815","298","47","360","553","199","99","79","1,061","171","18,132","171","47,645","175","41,951","116","959","148","101","3,500","536","724","1,997","1,167","12","3,457","56","0","27","128","10,758","336","127","4,382","17,173","228","5,584","1,452","981","76,470","3,619","2,132","522","1,989","3,472","2,539","103","642","36","12,321","76","238","17,768","8","56","186,900","20,407","38","217","9,208","40","60","2,117","217","1,422","468","247","652","102,606","192","683","811","1,572","228","71","110,430","45,552","337","4,058","179","900","1,495","62","1,299","208","564","4,103","249","31","1,152","72","18,105","2,066","10","296","5,694","73,536","242","8,864","767","143","2,704","253","14,513","0","88","56","332","76","1,491","352","196","277","40,799","153","29","458","23","14,243","326","326","1,109","1,168","41","45","147","149","176,142","975","99","19,765","2,302","2,698","3,892","118","84,967","727","26","222","521","35","757","38","319","159","791","159","2,714","4,205","171","396","426","2,906","270","2,093","188","71"
"        15 to 17 years","153,193","53,175","1,743","154","5","218","299","98","64","81","438","82","9,434","90","27,428","96","25,115","19","409","107","112","1,671","463","505","828","607","41","1,951","37","16","0","43","5,327","247","37","2,017","9,025","93","3,034","1,016","486","41,383","1,821","1,368","144","1,065","2,189","1,379","104","417","53","6,053","14","52","10,420","26","110","107,992","12,122","0","112","4,199","28","50","1,108","53","986","134","71","442","62,910","176","356","364","978","175","50","66,609","26,499","212","1,888","109","411","848","69","776","96","164","2,490","125","74","596","37","10,632","1,016","19","126","2,313","39,755","117","4,102","363","53","1,342","264","7,613","28","0","33","129","19","868","180","13","259","24,519","147","28","235","4","7,538","157","275","704","714","95","99","249","10","102,665","537","19","11,705","1,490","1,436","1,472","79","45,992","242","20","80","481","0","358","0","232","57","316","152","1,507","2,375","78","220","214","1,599","75","929","68","0"
"        18 and 19 years","91,341","32,951","978","43","0","78","286","57","0","110","381","61","5,012","72","17,001","56","15,720","0","154","130","56","1,391","253","359","562","260","2","845","8","18","0","0","2,708","166","32","673","4,858","26","1,968","565","235","25,254","946","622","184","702","1,112","792","68","156","5","3,104","32","90","6,708","0","58","63,541","7,468","0","57","2,247","0","0","707","116","489","153","33","182","36,320","118","282","189","479","126","113","38,287","16,333","92","618","30","252","375","5","389","146","86","1,246","77","70","525","8","6,800","643","47","82","1,281","24,513","46","2,259","293","96","665","87","4,066","10","17","8","94","17","652","101","5","153","15,195","82","0","107","4","4,046","124","124","344","281","41","41","147","23","60,833","386","0","7,312","668","792","824","10","28,491","397","32","27","201","8","156","0","119","5","397","82","754","1,406","48","46","66","1,017","20","668","37","59"
"        20 years","47,398","17,938","519","27","0","63","189","19","109","39","140","54","3,249","12","9,459","13","8,727","0","107","57","18","625","166","146","310","323","24","470","3","11","0","0","1,675","64","0","645","3,142","0","1,169","263","211","12,962","569","361","103","431","699","431","9","206","9","1,948","0","50","4,482","0","0","30,751","5,011","0","19","1,376","14","0","431","0","256","97","3","176","16,495","78","98","77","301","12","23","17,789","9,231","34","540","27","117","406","9","369","90","53","730","1","73","125","3","4,516","345","0","17","732","12,581","50","1,478","241","14","423","11","2,680","38","0","45","0","45","387","53","18","115","8,602","33","14","12","0","2,641","97","97","198","350","0","26","46","1","29,076","174","0","4,805","495","438","484","15","15,417","134","0","0","58","0","103","0","64","7","169","52","608","995","23","101","31","626","39","228","52","0"
"        21 years","46,836","16,326","396","82","0","3","61","0","0","34","179","43","2,733","36","8,762","0","8,239","12","97","57","23","583","77","150","258","101","9","364","4","0","0","22","1,159","52","0","801","2,636","0","1,054","425","37","12,152","305","254","245","199","795","263","0","86","8","1,237","0","12","3,734","0","0","31,981","4,074","0","0","946","0","0","221","51","221","10","31","160","19,001","0","116","37","239","54","0","19,829","8,420","86","743","70","61","101","8","111","34","9","840","0","10","308","4","3,820","513","0","45","523","11,821","8","873","88","0","228","46","2,428","0","59","0","33","12","238","5","0","0","7,931","35","0","45","0","2,417","29","29","254","207","22","0","27","9","30,822","178","12","3,988","254","291","434","62","13,965","74","0","3","104","0","61","0","52","28","151","5","286","524","43","23","16","413","11","342","13","24"
"        22 to 24 years","136,537","46,768","966","175","16","69","274","158","21","161","426","73","9,298","132","22,606","0","20,820","48","173","77","13","2,092","419","311","722","615","23","1,466","36","0","24","63","3,216","237","30","2,190","9,125","23","3,384","769","313","35,656","1,011","1,106","369","1,430","1,965","1,540","0","352","15","4,149","4","67","9,919","0","6","95,518","11,280","44","158","2,730","31","75","1,493","56","764","177","36","439","57,889","129","213","232","816","46","48","59,862","21,801","174","2,067","163","472","645","19","731","202","235","2,130","36","3","543","36","10,093","859","32","2","1,786","34,413","107","2,683","338","64","489","86","8,287","58","12","15","217","10","649","135","0","129","20,277","185","31","272","20","8,208","260","273","370","763","65","30","128","4","92,302","339","48","10,928","1,187","1,603","966","121","39,896","482","0","91","205","30","408","57","227","63","547","105","1,216","1,865","73","68","183","1,134","79","805","58","81"
"        25 to 29 years","246,895","80,992","2,170","332","22","309","445","251","8","45","819","139","18,329","120","38,579","0","36,682","36","200","167","116","3,618","606","616","1,304","1,230","113","1,691","53","16","3","140","5,387","224","49","6,445","18,129","31","6,761","1,221","448","61,613","1,959","1,568","365","2,123","2,768","2,563","43","719","3","6,323","0","103","17,579","130","86","173,818","19,617","154","251","4,307","69","32","2,280","100","1,138","280","196","1,192","108,288","283","332","356","1,321","185","81","112,205","37,120","378","6,308","268","368","1,378","8","611","53","144","2,920","128","75","1,185","53","17,957","1,719","21","104","1,897","60,143","252","4,632","292","18","1,475","202","16,370","61","97","145","101","28","908","138","85","317","35,497","97","45","192","63","16,276","510","570","880","1,594","67","41","189","0","168,431","633","36","18,898","1,660","2,703","979","121","68,468","592","0","143","695","36","350","166","216","157","647","96","2,110","3,018","139","142","65","2,407","94","1,459","82","34"
"        30 to 34 years","249,280","82,633","1,906","295","40","124","421","198","13","51","797","173","19,042","174","36,619","43","34,778","32","162","142","57","3,837","705","526","1,288","1,287","130","1,611","10","70","45","242","4,422","238","99","8,443","18,880","85","7,262","1,811","374","62,191","1,635","1,211","752","1,642","2,380","2,014","36","656","48","5,569","0","110","19,386","38","64","175,016","21,105","17","198","3,984","46","9","1,884","197","810","396","218","1,355","109,745","358","381","315","1,286","91","73","112,825","35,917","449","8,179","283","598","1,526","67","810","92","360","2,617","108","69","391","10","19,835","1,991","11","148","1,841","60,849","152","3,958","333","60","1,007","266","17,407","127","119","145","251","41","859","108","75","444","34,387","105","37","328","0","17,344","292","338","693","1,608","223","11","242","23","170,594","570","32","20,449","1,270","2,279","878","189","69,088","543","13","94","291","59","538","17","238","265","581","64","2,143","3,002","173","272","94","2,192","63","702","151","116"
"        35 to 39 years","239,729","80,410","1,656","113","80","86","531","369","16","100","864","214","19,918","142","34,012","0","32,768","41","170","187","120","5,257","460","649","1,469","1,581","43","1,087","25","0","34","131","3,605","413","36","8,544","19,748","30","8,266","1,864","269","61,426","1,827","1,112","404","1,420","3,262","1,571","111","635","62","4,674","7","163","17,997","29","198","168,214","19,386","6","386","3,293","24","18","1,551","220","599","210","264","890","104,096","177","403","240","1,046","67","67","106,788","33,392","248","8,318","77","685","1,776","62","459","114","272","3,390","219","38","398","25","18,245","1,736","0","288","1,244","60,513","291","3,587","280","110","1,076","253","18,091","144","100","60","110","80","929","292","22","252","32,370","82","5","197","13","18,047","349","360","784","1,728","135","76","451","79","164,609","617","41","18,751","1,141","1,713","625","252","66,076","597","0","50","257","20","575","17","322","142","597","271","1,556","2,485","214","201","170","2,026","44","620","86","55"
"        40 to 44 years","247,489","67,956","2,107","190","24","150","522","130","41","210","1,370","253","20,241","65","37,467","3","36,251","30","361","118","95","3,258","776","628","1,682","1,489","61","1,412","8","40","8","169","3,789","145","93","6,805","19,880","41","5,764","1,709","382","51,717","1,422","1,028","478","2,307","3,941","2,513","85","572","57","4,794","11","55","14,554","23","0","175,040","16,063","0","158","3,384","62","81","2,476","263","773","556","207","952","120,747","329","530","305","1,353","153","53","123,323","36,719","404","6,680","184","369","1,637","85","1,184","289","224","4,115","0","83","595","8","14,958","1,369","34","234","1,216","50,504","187","3,382","643","30","966","352","18,819","29","85","40","72","12","1,271","56","229","329","35,656","70","40","165","0","18,571","560","576","737","982","346","45","393","79","171,251","754","30","15,491","1,105","2,689","345","149","56,467","655","0","207","326","93","339","22","145","176","688","56","2,219","3,490","253","245","7","2,306","248","748","161","0"
"        45 to 49 years","238,320","60,917","2,247","247","15","65","615","109","12","320","978","346","16,082","213","34,986","34","34,226","168","210","145","54","2,532","640","919","1,049","1,114","49","1,154","5","52","14","311","3,006","267","79","4,075","15,872","54","4,083","1,546","211","45,496","1,007","811","453","2,192","3,597","2,380","60","355","43","3,640","8","82","14,046","29","12","172,226","15,149","8","118","2,618","143","118","2,503","207","668","311","168","875","124,785","219","381","143","1,235","80","87","126,730","34,520","224","3,934","214","411","1,225","43","1,137","361","144","3,633","12","120","369","5","14,270","1,572","50","93","760","44,435","36","2,486","703","54","709","270","15,075","34","79","50","213","43","1,622","20","47","219","33,857","123","143","303","36","14,899","279","289","734","405","127","75","494","36","169,220","976","151","14,794","879","2,691","137","75","51,162","752","12","232","258","63","357","8","233","311","767","20","1,695","3,317","346","123","46","2,180","176","466","123","123"
"        50 to 54 years","233,911","47,154","2,084","179","34","218","398","153","0","131","714","206","12,921","102","33,671","0","32,695","30","111","181","56","1,840","714","637","867","1,045","65","1,081","24","28","24","129","3,119","131","54","2,572","12,810","38","3,444","1,396","286","35,811","854","1,125","207","2,264","2,877","2,392","96","669","0","4,024","0","9","10,450","34","16","176,387","11,908","50","153","2,613","55","65","2,399","245","707","344","66","578","138,306","436","459","261","1,400","134","65","140,576","33,206","308","2,434","167","294","1,068","11","619","175","163","2,950","16","72","252","24","10,758","1,178","65","242","976","34,962","216","2,943","331","0","489","224","12,067","45","238","63","115","9","968","23","19","451","32,443","32","44","150","0","11,989","67","67","1,014","544","188","20","342","8","173,268","679","30","11,239","1,150","2,530","199","298","38,685","781","0","148","354","23","294","50","131","144","809","23","2,107","3,075","127","103","137","2,456","78","465","100","78"
"        55 to 59 years","194,453","32,116","1,776","181","22","92","144","16","9","25","645","218","9,799","228","26,700","0","26,079","61","136","289","129","1,098","487","768","706","848","71","924","125","34","0","119","2,198","286","22","2,280","9,663","40","2,036","1,002","174","25,125","730","766","174","1,329","2,073","1,448","16","385","43","2,901","11","82","6,365","0","53","150,796","7,393","69","16","1,961","31","74","1,448","155","440","207","182","486","124,177","243","277","121","1,047","116","8","125,671","26,386","209","2,159","170","424","859","43","475","50","138","2,127","53","32","176","125","6,574","890","8","62","621","24,421","151","1,977","178","58","386","171","9,069","41","34","52","106","63","946","58","102","243","25,903","74","31","274","0","9,040","31","48","757","196","93","104","362","11","148,598","782","61","7,008","819","1,573","137","36","26,619","520","12","95","325","0","366","86","263","125","520","58","1,477","2,423","184","129","89","1,948","29","314","129","60"
"        60 and 61 years","67,019","9,952","525","18","0","11","14","0","0","0","267","24","3,395","14","9,113","0","8,872","9","29","50","4","400","151","226","267","138","0","228","14","0","7","82","777","14","0","987","3,366","8","455","381","56","7,853","252","253","78","436","754","495","0","157","0","953","0","0","1,887","22","0","52,560","2,224","0","0","644","19","87","518","23","144","47","0","27","44,112","68","47","11","304","12","17","44,707","9,026","39","941","18","46","138","8","140","5","32","791","0","13","58","14","1,926","105","11","47","241","7,671","86","725","102","4","101","8","3,143","20","0","0","0","0","328","0","23","68","8,814","0","19","22","0","3,137","25","25","206","24","0","0","200","0","51,783","250","9","2,067","298","597","164","35","8,529","195","45","87","92","0","42","0","14","102","195","0","362","690","24","62","19","550","6","87","62","0"
"        62 to 64 years","88,212","12,701","791","125","40","34","82","39","0","16","479","55","5,260","24","10,782","18","10,443","8","72","90","12","490","158","295","580","289","0","404","0","0","10","62","1,250","24","0","1,579","5,188","17","829","206","61","9,942","353","234","43","513","1,090","585","0","117","0","1,515","0","28","2,555","0","0","69,614","2,853","0","39","1,220","35","0","575","80","186","117","79","119","58,742","47","184","61","631","25","4","59,672","10,612","64","1,521","125","110","289","0","185","16","86","1,104","12","0","75","0","2,619","388","0","52","339","9,622","48","1,111","45","0","193","60","4,907","45","18","0","36","0","340","12","55","60","10,368","0","11","36","0","4,907","16","16","447","169","21","0","51","9","68,364","233","8","2,736","234","647","162","0","10,600","457","0","77","165","0","110","0","24","62","457","0","829","1,169","55","56","0","984","0","170","43","24"
"        65 and 66 years","52,820","7,347","453","23","0","34","74","0","0","0","141","0","2,685","0","5,636","0","5,474","41","23","20","0","405","146","142","141","223","0","329","0","0","0","18","699","11","0","849","2,662","0","498","391","48","5,895","43","273","90","353","506","384","14","112","0","819","0","22","1,429","0","11","42,942","1,776","56","0","498","0","0","371","28","235","82","0","73","36,677","208","28","34","379","13","7","37,047","5,606","60","849","23","11","223","0","83","0","0","537","11","0","0","0","1,489","283","7","0","162","5,566","23","490","0","0","20","0","2,642","0","15","92","0","10","142","11","8","208","5,474","0","0","0","0","2,619","24","24","207","5","0","37","168","0","42,243","105","41","1,664","287","402","17","0","5,704","85","0","6","102","0","11","56","11","18","85","11","509","651","0","56","15","568","23","30","56","0"
"        67 to 69 years","62,223","6,889","551","19","0","0","128","13","0","0","330","0","2,940","0","6,574","0","6,474","0","10","48","12","156","128","287","340","117","8","121","0","8","0","0","559","7","0","933","2,930","3","256","219","0","5,634","105","164","98","494","698","501","9","116","0","645","0","68","1,153","5","7","51,298","1,371","10","13","481","7","0","494","16","89","11","19","51","45,197","34","16","0","340","41","13","45,664","6,515","54","905","19","10","117","0","52","0","3","717","10","0","34","0","1,207","276","13","7","100","5,542","26","524","29","0","79","6","2,835","0","10","0","0","41","316","10","12","34","6,440","0","0","0","0","2,825","0","0","234","20","7","0","96","0","50,739","256","0","1,255","164","501","48","12","5,699","127","0","10","102","0","10","10","7","0","136","7","359","675","0","32","41","623","10","59","32","0"
"        70 to 74 years","74,085","7,763","520","5","50","0","205","6","0","0","282","46","3,874","12","7,886","0","7,796","0","40","49","0","234","50","138","314","286","4","191","0","9","7","48","686","24","17","1,299","3,834","0","423","359","11","6,065","248","202","70","440","1,000","473","4","157","0","953","0","38","1,557","6","12","60,607","1,821","20","6","740","0","0","488","25","93","76","0","142","54,027","55","25","0","518","31","12","54,542","7,800","51","1,247","5","56","286","0","93","0","32","1,043","12","11","66","0","1,608","134","0","44","90","5,894","91","762","19","6","64","10","3,626","32","8","24","29","12","157","12","0","55","7,730","0","0","29","0","3,596","11","11","222","23","16","31","112","0","59,921","105","0","1,664","213","528","0","63","6,295","78","11","21","82","0","50","20","18","55","90","12","648","805","46","53","14","712","30","86","53","12"
"        75 to 79 years","50,173","5,033","255","13","15","0","34","0","0","27","95","0","2,443","17","4,711","0","4,694","0","53","43","0","52","28","128","108","360","0","110","13","0","10","55","353","17","10","800","2,390","0","78","181","15","4,112","177","196","62","229","539","237","5","159","0","469","0","19","789","0","0","42,071","1,045","0","0","258","0","6","284","41","104","9","10","26","37,716","28","41","0","171","51","6","37,959","4,651","45","723","13","17","360","0","47","27","0","553","0","4","60","13","834","85","0","0","17","4,002","92","359","47","0","55","0","2,266","0","0","15","4","11","175","0","0","28","4,634","0","0","17","0","2,241","0","0","75","0","0","11","81","0","41,718","131","0","886","211","292","8","0","4,315","111","15","20","77","0","17","0","17","55","127","0","195","370","0","34","0","323","25","60","34","4"
"        80 to 84 years","30,552","2,982","252","35","0","4","0","0","0","0","17","17","1,182","0","2,579","0","2,555","21","0","39","0","0","74","80","17","82","0","32","0","9","0","25","284","0","0","278","1,182","52","5","108","4","2,574","56","32","0","221","369","230","0","0","0","315","0","0","385","0","0","26,352","417","0","0","279","0","0","246","0","32","0","0","0","23,526","0","0","4","171","10","11","23,778","2,579","0","267","35","63","82","0","23","23","63","373","0","0","0","0","385","256","0","0","24","2,542","0","283","23","0","25","69","1,126","11","5","0","0","0","103","0","36","0","2,555","20","0","0","0","1,126","3","3","134","0","0","8","31","0","26,068","74","21","417","32","255","0","0","2,485","60","0","31","33","0","63","0","0","25","60","0","175","278","17","9","0","255","0","0","9","0"
"        85 years and over","24,264","2,089","100","37","0","17","54","0","7","0","9","0","702","0","1,903","0","1,879","0","10","10","0","88","4","19","9","66","0","50","0","0","10","8","198","0","0","213","692","0","96","116","24","1,769","78","97","31","236","85","236","0","64","0","251","0","0","285","0","0","21,404","389","0","0","130","0","0","244","15","51","0","0","8","19,487","0","15","17","98","0","6","19,635","1,868","0","150","37","0","66","0","0","0","0","85","0","0","35","0","285","103","0","26","24","1,719","46","201","0","0","25","12","624","0","0","0","0","0","19","0","0","0","1,844","7","0","0","0","624","0","0","58","0","0","0","47","0","21,206","19","0","325","104","244","0","0","1,645","18","0","2","18","0","0","0","0","8","18","0","122","141","0","0","0","141","0","35","0","0"
"    Female:","3,471,010","937,846","31,492","3,217","518","3,139","6,953","2,369","650","1,485","16,388","2,545","234,105","2,051","587,754","668","549,808","643","6,255","2,166","1,242","35,325","9,595","9,335","21,991","17,216","985","28,511","777","371","334","1,978","80,544","3,510","1,187","65,731","227,850","928","61,962","23,157","7,579","725,459","26,567","18,597","7,911","28,535","43,706","33,178","693","9,282","346","96,464","518","2,048","190,217","276","747","2,483,460","216,322","507","2,443","70,288","1,077","826","30,579","3,919","12,091","5,204","2,011","9,005","1,700,990","4,327","7,535","5,420","19,853","1,934","1,134","1,758,001","571,068","5,349","62,813","2,567","7,068","19,750","528","12,824","2,301","3,558","47,745","1,320","1,026","9,247","905","195,566","21,813","272","2,983","37,946","701,926","2,523","67,953","5,873","731","18,089","2,727","207,538","1,084","1,711","898","2,085","771","15,208","1,907","932","5,064","540,561","1,365","661","3,582","433","205,768","3,146","3,248","12,691","12,184","2,193","934","5,320","611","2,402,916","9,861","539","207,040","20,756","35,686","22,674","2,056","792,962","8,464","399","1,714","5,766","519","6,337","574","3,208","2,624","9,079","1,245","31,579","46,787","2,266","3,851","2,889","33,963","1,770","16,686","2,913","804"
"        Under 5 years","244,331","98,181","1,850","312","10","234","516","431","79","80","397","97","18,072","135","44,302","222","36,859","19","1,232","199","94","3,819","542","551","1,528","711","71","4,588","33","41","4","102","12,396","207","56","6,762","16,840","114","6,658","1,620","1,371","75,422","4,892","2,457","838","1,175","1,921","1,939","8","1,010","77","14,445","125","230","19,586","0","19","170,931","23,111","9","431","10,617","188","37","1,277","261","1,272","339","84","1,050","86,566","149","908","944","1,158","59","88","95,509","40,860","641","6,274","94","777","1,130","104","1,090","263","570","2,900","131","70","1,581","80","20,227","1,548","13","148","7,443","71,969","455","9,857","327","135","3,277","266","13,180","79","149","32","157","69","878","178","32","291","35,278","174","31","314","66","13,079","188","203","739","1,376","129","43","196","201","158,535","545","0","22,101","2,884","2,113","5,407","97","85,900","648","80","90","287","15","642","9","178","197","817","72","2,237","3,115","97","260","620","2,025","101","3,442","71","25"
"        5 to 9 years","259,311","101,977","2,014","300","61","164","752","417","101","146","434","179","19,699","117","46,868","33","40,238","38","1,222","81","47","3,360","645","464","1,378","1,219","70","4,540","38","69","27","66","12,193","193","43","6,167","18,477","188","5,570","1,670","841","79,676","4,153","2,616","500","1,808","3,359","2,604","32","1,021","41","13,958","21","171","19,699","12","11","180,353","23,381","6","417","10,501","31","56","1,874","236","1,803","476","273","759","92,249","257","717","310","1,297","70","113","100,677","44,393","535","5,860","177","602","1,761","47","1,109","185","409","4,224","158","62","1,043","49","20,234","1,881","7","212","6,630","75,911","241","9,418","518","63","3,346","280","15,546","63","137","36","237","51","982","196","5","408","39,195","133","0","322","202","15,314","345","345","890","1,046","221","53","345","9","168,160","503","31","22,360","3,147","2,716","4,863","220","89,380","641","107","111","302","9","539","6","159","123","727","54","2,264","3,246","179","189","492","2,137","232","2,475","141","27"
"        10 to 14 years","253,061","92,808","2,979","198","82","297","569","155","259","128","1,036","365","16,777","138","45,189","83","39,968","90","915","105","50","2,832","462","591","1,551","799","163","4,336","42","0","58","47","9,883","318","183","4,328","15,862","111","4,824","1,638","1,091","72,717","3,056","2,364","630","2,165","3,277","2,618","157","1,110","39","11,520","65","245","17,641","0","30","177,864","21,183","3","155","8,065","90","51","2,220","99","1,511","445","101","590","98,880","200","557","563","1,495","252","103","105,147","43,083","650","3,987","136","563","1,015","111","1,727","195","245","3,814","68","119","842","42","18,291","2,211","0","186","5,221","69,101","187","7,184","671","93","2,219","267","13,721","21","237","48","99","39","1,262","226","240","373","39,126","82","59","263","26","13,538","182","195","1,044","1,009","92","58","367","61","167,981","763","74","20,073","2,892","2,946","3,573","82","81,051","551","85","171","525","34","470","16","284","336","580","152","2,917","4,179","350","193","503","2,452","183","2,106","102","57"
"        15 to 17 years","146,814","50,956","1,624","77","46","282","441","89","4","69","583","152","9,170","58","26,860","115","23,913","18","273","62","17","1,533","470","441","1,035","478","0","1,718","19","5","37","159","5,386","152","133","1,950","8,897","64","2,873","1,432","529","38,711","1,675","1,156","305","977","1,833","1,168","51","580","4","6,135","42","66","10,990","18","80","102,202","12,554","0","89","4,450","52","126","1,136","137","858","201","109","419","59,717","195","383","467","785","58","10","63,491","25,872","346","1,766","77","365","621","4","915","94","213","2,131","157","20","583","40","11,336","1,109","10","248","2,947","37,099","148","4,417","526","27","1,138","197","7,495","19","145","0","122","45","967","171","115","251","23,330","85","52","166","4","7,455","271","271","461","600","159","41","505","24","96,816","696","18","11,974","1,218","1,327","2,012","136","43,613","489","46","183","221","55","338","0","152","159","518","94","1,372","2,339","59","222","144","1,424","40","988","132","35"
"        18 and 19 years","86,486","31,043","1,063","50","0","255","130","63","12","136","230","62","5,056","111","16,403","0","14,891","0","280","31","15","1,336","300","282","459","496","31","1,248","68","40","0","33","3,072","179","18","765","4,776","34","2,061","532","333","23,736","903","748","167","608","1,132","774","4","91","15","3,541","22","84","6,229","7","50","59,943","7,060","20","76","2,460","0","20","641","78","522","69","17","294","34,167","40","172","308","671","56","6","36,207","15,694","58","706","41","274","597","15","616","229","95","1,266","50","35","465","82","6,287","735","6","84","1,512","22,704","44","2,293","282","23","633","19","4,153","14","45","24","38","73","564","68","5","57","14,426","150","0","135","4","4,055","98","112","463","250","121","34","154","31","56,871","323","0","6,969","773","807","879","50","26,722","333","9","39","235","18","251","34","162","33","399","68","1,060","1,624","48","129","145","1,008","98","709","81","28"
"        20 years","44,601","15,920","304","94","0","33","115","78","0","4","146","24","2,800","0","8,469","0","8,009","15","136","50","12","406","26","124","390","227","0","381","0","43","13","0","1,121","37","16","507","2,664","0","616","224","66","12,216","509","338","49","291","472","433","14","249","0","1,344","0","0","3,351","0","30","30,346","3,827","16","78","940","9","0","291","36","204","5","53","59","17,300","41","65","63","218","13","0","18,130","8,199","135","504","71","98","284","0","103","16","61","598","30","13","178","0","3,486","381","0","15","460","11,925","77","963","85","4","321","0","2,291","37","0","0","0","0","209","37","0","41","7,831","41","0","0","0","2,291","37","37","106","116","23","7","78","24","29,225","141","15","3,578","341","433","318","53","14,266","191","3","0","35","0","94","16","37","16","191","37","262","471","24","55","57","368","0","270","31","0"
"        21 years","42,972","15,553","422","88","0","60","126","29","0","30","136","48","2,882","0","7,232","29","6,654","0","86","0","18","479","122","42","180","477","23","399","0","0","19","8","1,169","0","0","670","2,796","7","920","252","122","11,869","327","262","60","249","509","277","0","78","0","1,397","0","15","3,286","0","0","29,975","3,587","11","29","1,013","55","48","257","17","187","68","53","175","17,261","28","91","99","349","0","0","18,106","7,092","16","664","88","34","477","7","374","35","34","525","10","0","47","0","3,302","247","0","94","578","11,545","23","998","216","10","220","15","2,555","0","0","0","17","0","258","10","0","28","6,607","45","55","24","0","2,495","29","29","203","232","16","47","17","10","28,806","67","0","3,509","285","295","307","9","13,493","182","0","80","17","0","24","11","0","18","197","0","523","781","42","0","29","407","60","140","0","0"
"        22 to 24 years","140,771","44,323","1,083","114","15","66","61","129","0","21","481","122","9,023","55","27,493","0","26,055","40","217","40","53","1,879","634","354","674","666","92","1,423","0","0","9","75","3,551","89","56","2,547","8,806","30","3,433","775","158","33,826","975","1,005","389","1,236","1,704","1,418","18","360","0","4,196","0","87","9,519","0","14","95,697","10,795","60","129","3,033","0","0","1,323","53","717","157","64","440","59,451","210","152","123","1,063","131","41","61,871","26,757","236","2,448","75","240","799","21","520","119","151","1,773","23","28","481","0","9,755","1,278","0","41","1,438","32,695","65","2,773","128","41","724","14","8,048","13","108","87","163","48","482","43","21","266","25,574","101","0","163","33","7,985","167","167","369","789","97","19","113","23","92,146","327","40","10,435","1,040","1,517","879","112","37,126","396","0","30","256","52","199","60","75","111","396","34","1,411","1,893","122","91","117","1,373","63","736","11","55"
"        25 to 29 years","251,984","74,062","2,450","327","62","413","628","299","6","125","1,027","263","19,602","296","44,971","27","42,560","33","262","61","111","2,868","1,044","636","1,353","1,174","121","1,793","127","60","6","180","5,247","381","129","7,069","19,340","128","5,362","1,300","547","57,280","1,615","1,233","480","2,542","2,737","2,982","41","580","13","6,406","17","44","15,146","23","62","173,384","16,879","90","350","4,626","49","62","2,722","200","863","472","222","809","112,263","550","327","466","1,381","171","92","116,104","43,699","419","6,756","264","656","1,359","13","855","125","275","2,843","92","101","784","141","15,565","1,842","15","176","2,411","55,874","70","4,613","312","11","1,212","154","17,987","126","58","24","171","14","948","115","104","592","41,776","76","49","387","34","17,845","525","534","986","1,229","216","18","321","9","168,137","648","23","16,299","1,314","3,162","1,157","127","62,148","609","0","115","588","61","645","90","370","180","673","85","2,497","3,445","250","210","179","2,590","142","1,272","143","108"
"        30 to 34 years","257,376","76,454","2,147","251","0","321","601","279","32","35","1,328","219","21,681","186","46,142","98","43,890","19","336","158","107","3,633","799","602","1,599","1,157","130","1,482","93","7","13","299","4,722","405","142","8,559","21,345","26","6,288","1,644","623","59,402","1,651","1,208","554","2,142","3,441","2,563","29","608","60","5,884","115","106","15,714","17","122","175,088","17,231","67","279","4,053","174","30","2,463","173","701","353","264","1,009","112,214","454","428","555","1,307","115","131","115,686","45,120","241","8,433","224","607","1,342","73","673","108","202","3,672","196","113","688","106","15,955","1,267","35","250","2,252","58,152","239","4,402","244","37","961","243","20,030","74","156","119","84","73","846","272","22","485","43,202","137","57","250","0","19,877","364","370","959","1,232","102","65","255","17","170,366","570","19","16,623","1,276","2,884","1,130","120","64,226","698","10","132","291","25","570","67","384","343","712","156","2,288","3,134","219","345","122","2,461","153","1,022","254","20"
"        35 to 39 years","251,171","74,213","2,437","204","70","209","556","134","9","40","1,548","281","21,714","157","45,232","4","43,570","48","306","100","73","3,060","828","508","1,991","1,543","0","1,304","5","0","0","128","3,961","373","48","7,286","21,408","88","5,327","2,118","307","57,235","1,401","709","697","2,542","3,855","2,790","99","541","65","5,031","27","94","15,460","74","137","168,861","16,612","0","134","4,015","50","85","2,682","315","503","479","111","563","108,779","577","569","282","1,540","172","29","111,626","44,307","418","7,072","171","650","1,621","65","1,050","117","277","4,023","137","94","537","5","15,878","1,567","5","253","1,662","56,121","79","3,727","598","31","880","358","20,313","129","138","75","195","35","1,106","216","130","598","43,033","162","43","265","0","20,136","488","515","983","1,280","197","74","467","27","164,900","744","9","16,071","734","2,918","651","127","62,593","855","0","154","566","9","619","11","357","140","875","216","2,357","3,463","281","371","127","2,413","177","925","239","87"
"        40 to 44 years","254,667","69,850","2,236","294","30","141","547","101","40","181","2,002","134","20,980","100","43,382","11","42,083","104","195","148","157","2,640","690","781","2,226","1,978","79","1,541","0","20","14","77","3,680","155","111","4,912","20,785","8","5,085","2,265","329","53,512","1,260","1,368","686","3,191","4,827","3,311","39","769","10","4,848","31","222","14,992","22","21","174,852","16,864","20","101","3,151","77","93","3,272","484","897","460","139","735","118,969","388","742","246","1,331","137","38","121,340","42,698","421","4,820","278","365","2,086","10","1,025","223","210","5,013","21","58","515","8","15,413","1,962","19","501","1,299","52,203","236","3,307","495","7","713","264","19,720","126","123","110","206","75","1,276","49","18","388","41,568","48","60","224","9","19,616","162","162","833","1,186","244","42","433","37","171,172","818","91","16,095","1,451","3,418","418","214","57,737","509","8","103","348","79","358","20","155","111","566","36","2,148","3,424","134","339","156","2,399","104","684","303","90"
"        45 to 49 years","241,075","55,928","2,145","300","21","115","490","66","39","301","1,265","262","15,852","231","41,764","26","40,760","28","158","156","101","2,746","508","682","1,363","1,293","24","941","62","25","44","226","3,366","384","73","3,074","15,694","30","4,519","2,210","232","42,465","1,085","773","778","2,614","3,433","2,791","97","602","0","4,184","11","111","12,177","62","65","170,561","13,299","28","66","3,179","67","91","2,841","424","443","392","131","804","125,561","372","581","183","1,600","164","87","128,096","41,247","300","3,002","294","496","1,485","7","1,010","322","112","3,523","99","40","385","62","12,477","1,351","0","234","1,004","41,634","220","3,243","626","91","720","166","14,767","35","106","42","143","0","1,308","148","27","389","40,375","21","60","264","0","14,659","59","59","848","688","65","88","681","19","167,195","701","28","12,697","822","3,017","360","187","45,200","647","0","123","352","26","405","39","327","227","647","114","2,214","3,522","183","457","68","2,512","108","517","447","117"
"        50 to 54 years","237,643","43,135","2,254","130","46","211","275","56","0","77","1,192","64","13,370","114","39,555","0","38,381","61","161","165","92","1,736","729","831","1,379","1,349","40","532","78","24","8","91","2,872","143","93","2,538","13,209","40","3,030","1,348","343","33,606","902","417","482","2,391","2,669","2,603","52","524","15","3,817","18","87","8,673","23","9","175,571","9,528","83","66","3,057","72","87","2,489","291","303","492","160","336","139,532","382","553","292","1,453","110","41","141,965","39,121","387","2,347","130","396","1,386","28","454","90","253","2,765","21","75","378","78","9,060","1,218","12","123","1,174","33,167","45","3,285","244","35","558","120","12,468","93","82","72","112","36","1,075","21","29","382","38,003","58","63","229","21","12,362","56","74","1,004","598","170","26","347","24","172,699","682","61","9,004","468","2,711","221","170","34,958","500","6","183","518","68","361","101","108","115","529","9","2,325","3,400","49","314","29","2,946","106","434","314","21"
"        55 to 59 years","204,895","31,390","2,218","194","50","88","292","24","3","74","1,408","182","11,015","198","32,104","0","31,472","41","264","413","41","1,229","349","947","1,544","1,265","75","883","110","21","18","214","2,529","221","27","2,505","10,751","7","2,054","1,414","172","24,379","818","623","385","1,347","2,218","1,451","14","196","1","3,179","0","108","6,339","18","23","154,748","7,115","51","24","2,384","33","5","1,561","167","455","249","104","404","128,584","147","276","142","1,239","129","143","130,369","31,859","123","2,375","183","415","1,296","1","446","104","194","2,235","37","80","207","110","6,462","922","99","154","632","23,635","86","2,296","198","67","454","127","10,197","134","48","105","156","63","1,145","46","19","166","31,265","30","26","267","11","10,086","0","0","956","253","60","154","323","28","152,219","946","41","6,919","653","1,678","202","123","25,398","296","10","65","492","18","348","51","204","227","296","23","1,730","2,875","151","125","7","2,429","111","245","125","87"
"        60 and 61 years","73,962","9,779","537","35","0","112","72","0","10","0","495","0","4,525","23","11,582","0","11,312","29","38","83","24","431","229","274","495","224","14","302","0","0","6","72","827","31","0","1,017","4,487","0","626","331","193","7,925","300","257","125","607","1,141","633","0","176","0","1,033","0","11","1,595","0","2","56,156","1,958","0","0","583","6","13","679","131","147","80","0","80","47,656","68","170","179","292","54","7","48,231","11,408","92","997","35","114","291","0","184","0","83","1,173","2","11","126","0","1,687","168","0","20","270","7,673","87","731","71","15","130","32","4,225","16","54","11","90","5","345","2","66","80","11,186","0","0","90","0","4,219","0","0","237","30","7","0","117","67","55,329","246","29","1,782","271","712","65","12","8,096","179","0","18","77","0","99","0","25","79","179","2","512","857","0","179","9","673","6","174","167","23"
"        62 to 64 years","97,895","12,704","903","59","10","23","203","12","50","0","807","20","5,206","0","14,506","6","14,247","8","45","46","125","465","268","271","840","560","0","301","0","9","14","66","1,016","59","9","1,059","5,161","6","776","532","117","10,111","137","171","128","511","1,494","547","26","161","0","1,176","15","62","2,340","0","53","75,621","2,687","15","12","888","0","9","577","78","123","81","11","87","64,736","77","78","44","607","111","16","65,510","14,279","103","1,033","59","86","560","0","148","15","27","1,494","53","18","151","0","2,443","572","0","75","259","9,869","16","875","25","0","69","40","5,069","21","16","10","21","31","296","53","30","77","14,096","0","0","21","23","5,051","113","113","383","72","11","24","167","0","74,605","267","8","2,526","244","613","94","74","9,894","105","0","9","213","9","86","15","59","66","105","53","786","1,082","20","93","32","934","18","227","93","0"
"        65 and 66 years","56,594","7,420","561","13","0","13","62","7","0","0","310","0","3,120","0","7,493","0","7,427","0","3","11","45","150","139","175","310","225","0","197","0","0","2","0","776","0","22","821","3,117","15","414","359","13","6,080","127","199","184","414","860","436","4","104","0","836","0","45","1,284","0","0","44,550","1,551","10","7","624","20","6","414","112","182","36","21","109","37,891","0","112","13","446","59","29","38,470","7,474","68","806","13","22","240","0","68","0","22","860","0","21","19","0","1,352","219","0","29","66","5,883","17","639","37","0","103","10","2,993","7","10","61","0","14","212","0","18","0","7,408","0","9","0","0","2,993","22","22","219","62","38","0","44","0","43,774","158","0","1,447","199","436","17","6","5,992","62","0","11","126","13","22","10","0","0","70","0","495","707","0","86","0","639","0","19","86","0"
"        67 to 69 years","72,450","7,840","570","56","0","29","212","0","0","26","414","27","3,753","32","9,864","14","9,629","0","32","76","14","151","151","213","425","353","13","134","8","0","18","47","699","53","6","1,039","3,721","8","367","227","80","6,230","282","185","72","417","655","451","0","226","0","948","9","77","1,456","0","0","57,233","1,741","0","0","683","7","0","464","70","69","82","29","52","50,425","45","70","52","377","16","40","51,003","9,776","72","963","56","90","353","0","109","26","37","693","0","26","49","8","1,528","270","9","28","235","6,109","94","814","74","0","86","0","3,471","29","26","28","49","18","287","21","7","45","9,580","22","0","57","0","3,453","11","11","248","34","90","0","61","0","56,534","192","0","1,515","213","498","79","38","6,306","226","28","23","64","6","90","0","53","47","238","21","510","797","14","134","9","688","18","88","122","24"
"        70 to 74 years","90,491","9,746","711","42","15","8","122","0","6","4","607","21","4,292","36","10,714","0","10,554","31","26","25","41","226","275","221","671","408","25","245","30","7","24","18","875","47","0","1,009","4,266","14","581","488","30","7,528","251","248","116","499","966","536","3","128","6","1,142","0","113","1,956","0","0","73,253","2,231","18","0","864","14","0","517","176","151","136","31","163","65,054","91","185","24","535","23","72","65,725","10,619","21","907","42","96","428","22","233","27","49","1,017","0","17","79","30","1,977","263","20","104","160","7,324","72","897","131","41","145","109","4,041","19","28","14","25","47","352","0","13","91","10,475","0","14","77","0","4,041","27","27","247","28","95","23","94","0","72,378","216","31","2,103","254","562","0","28","7,633","110","0","23","86","0","55","18","36","26","127","0","741","1,093","21","24","0","860","0","95","24","0"
"        75 to 79 years","64,933","6,113","430","62","0","24","59","0","0","8","283","23","2,603","0","7,207","0","7,122","21","41","90","5","122","92","183","294","186","14","140","0","0","0","62","546","0","22","609","2,562","10","219","277","31","5,012","88","187","160","318","596","345","5","93","0","621","0","23","991","0","0","53,992","1,196","0","0","403","5","7","380","98","116","4","0","26","48,560","29","110","24","308","7","48","48,980","7,178","11","579","42","10","186","0","75","8","10","596","10","0","29","0","1,002","261","22","0","85","4,886","13","481","44","0","68","17","2,515","0","28","0","0","4","227","10","8","29","7,093","0","5","0","0","2,492","2","2","220","16","22","70","23","0","53,446","169","21","1,103","194","407","13","7","4,959","208","7","24","62","22","10","0","0","62","208","0","350","577","23","35","44","502","23","29","27","0"
"        80 to 84 years","47,694","4,628","205","0","0","0","51","0","0","0","148","0","1,659","64","5,398","0","5,258","0","9","34","0","138","147","56","185","195","0","30","64","0","0","8","282","83","0","236","1,650","0","231","329","0","3,415","92","20","111","272","422","279","0","28","0","422","0","0","1,116","0","19","39,425","1,164","0","0","402","78","0","280","175","20","111","17","25","35,758","27","181","0","170","14","0","36,010","5,331","28","231","0","112","200","0","31","0","29","422","25","0","67","64","1,144","338","0","8","140","3,385","0","392","21","0","63","11","1,567","29","17","0","0","0","77","25","23","27","5,191","0","78","64","0","1,558","0","0","142","51","0","48","151","0","39,143","55","0","1,136","20","287","29","0","3,241","6","0","10","23","0","112","0","83","8","6","19","281","358","0","0","0","327","9","67","0","0"
"        85 years and over","49,833","3,823","349","17","0","41","73","0","0","0","111","0","1,254","0","5,024","0","4,956","0","18","32","0","86","146","106","121","233","0","53","0","0","0","0","375","0","0","302","1,236","0","128","172","51","3,106","68","53","15","219","185","229","0","47","0","401","0","47","677","0","0","42,854","768","0","0","297","0","0","219","108","44","17","17","17","39,417","0","108","41","231","13","0","39,748","5,002","28","283","17","0","233","0","9","0","0","185","0","25","13","0","705","203","0","0","68","3,062","9","348","0","0","49","18","1,186","0","0","0","0","31","106","0","0","0","4,943","0","0","0","0","1,168","0","0","151","7","18","0","61","0","42,479","84","0","721","63","229","0","64","3,030","23","0","17","82","0","0","0","0","0","23","0","299","405","0","0","0","396","18","22","0","0"